#僠僢僾婎杮,,,,夋憸,,,徻嵶,,,僗僥乕僞僗,,,,,,,,,廗摼僗僉儖,,,僥僉僗僩,偦偺懠,
#ChipID(4),ItemID,僠僢僾柤,僠僢僾堦棗偱偺庬暿ID,僠僢僾堦棗偵弌偰偔傞夋憸ID,夋憸僪儔僢僌帪偺夋憸ID,僷僱儖偵偼傔崬傑傟偨夋憸ID乮壓2寘偼柍帇乯,chip_model偺ID,憰拝壜擻儗儀儖,僄儞僎乕僕僞僗僋揔梡屻ChipID(4),HP(%),MP(%),SP(%),STR,MAG,VIT,DEX,AGI,INT,SkillID1,SkillID2,SkillID3,岠壥,旛峫,
#僗僥乕僞僗僠僢僾,
1000,85100000,仭ST-[STR-S1-1],10,10010001,10010001,11010000,10010001,0,0,0,0,0,1,0,0,0,0,0,0,0,0,STR+1,
1001,85100010,仩ST-[STR-S1-1],10,10010001,10010001,11010000,10010001,0,0,0,0,0,2,0,0,0,0,0,0,0,0,STR+2,
1002,85100020,仩ST-[STR-S1-2],10,10010001,10010001,11010000,10010001,0,0,0,0,0,1,0,0,0,0,0,0,0,0,STR+1,
1005,85100100,仭ST-[STR-A1-1],10,10030002,10030002,11010000,10030002,0,0,0,0,0,2,0,0,0,0,0,0,0,0,STR+2,
1010,85100200,仭ST-[STR-A1-2],10,10030001,10030001,11010000,10030001,0,0,0,0,0,2,0,0,0,0,0,0,0,0,STR+2,
1015,85100300,仭ST-[STR-A2-1],10,10040001,10040001,11010000,10040001,0,0,0,0,0,3,0,0,0,0,0,0,0,0,STR+3,
1020,85100400,仭ST-[STR-B1-1],10,10020001,10020001,11010000,10020001,0,0,0,0,0,1,0,0,0,0,0,0,0,0,STR+1,
1021,85100410,仩ST-[STR-B1-1],10,10020001,10020001,11010000,10020001,0,0,0,0,0,1,0,0,0,0,0,0,0,0,STR+1,
1025,85100500,仭ST-[STR-B1-2],10,10020002,10020002,11010000,10020002,0,0,0,0,0,1,0,0,0,0,0,0,0,0,STR+1,
1030,85100600,仭ST-[STR-C1-1],10,10030002,10030002,11010000,10030002,0,0,0,0,0,1,0,0,0,0,0,0,0,0,STR+1,
1035,85100700,仭ST-[STR-C1-2],10,10030001,10030001,11010000,10030001,0,0,0,0,0,1,0,0,0,0,0,0,0,0,STR+1,
1040,85100800,仭ST-[STR-C1-3],10,10030003,10030003,11010000,10030003,0,0,0,0,0,1,0,0,0,0,0,0,0,0,STR+1,
1045,85100900,仭ST-[STR-C1-4],10,10030004,10030004,11010000,10030004,0,0,0,0,0,1,0,0,0,0,0,0,0,0,STR+1,
1050,85101000,仭ST-[STR-C1-5],10,10030005,10030005,11010000,10030005,0,0,0,0,0,1,0,0,0,0,0,0,0,0,STR+1,
1055,85101100,仭ST-[STR-C1-6],10,10030006,10030006,11010000,10030006,0,0,0,0,0,1,0,0,0,0,0,0,0,0,STR+1,
1060,85101200,仭ST-[STR-C2-1],10,10040001,10040001,11010000,10040001,0,0,0,0,0,2,0,0,0,0,0,0,0,0,STR+2,
1065,85101300,仭ST-[STR-C2-2],10,10040002,10040002,11010000,10040002,0,0,0,0,0,2,0,0,0,0,0,0,0,0,STR+2,
1070,85101400,仭ST-[STR-C2-3],10,10040003,10040003,11010000,10040003,0,0,0,0,0,2,0,0,0,0,0,0,0,0,STR+2,
1075,85101500,仭ST-[STR-C2-4],10,10040004,10040004,11010000,10040004,0,0,0,0,0,2,0,0,0,0,0,0,0,0,STR+2,
1080,85101600,仭ST-[STR-C2-5],10,10040005,10040005,11010000,10040005,0,0,0,0,0,2,0,0,0,0,0,0,0,0,STR+2,
1085,85101700,仭ST-[STR-C2-6],10,10040006,10040006,11010000,10040006,0,0,0,0,0,2,0,0,0,0,0,0,0,0,STR+2,
1090,85101800,仭ST-[STR-C2-7],10,10040007,10040007,11010000,10040007,0,0,0,0,0,2,0,0,0,0,0,0,0,0,STR+2,
1095,85101900,仭ST-[STR-C2-8],10,10040008,10040008,11010000,10040008,0,0,0,0,0,2,0,0,0,0,0,0,0,0,STR+2,
1100,85102000,仭ST-[STR-C2-9],10,10040009,10040009,11010000,10040009,0,0,0,0,0,2,0,0,0,0,0,0,0,0,STR+2,
1105,85102100,仭ST-[STR-C2-10],10,10040010,10040010,11010000,10040010,0,0,0,0,0,2,0,0,0,0,0,0,0,0,STR+2,
1110,85102200,仭ST-[STR-C2-11],10,10040011,10040011,11010000,10040011,0,0,0,0,0,2,0,0,0,0,0,0,0,0,STR+2,
1115,85102300,仭ST-[STR-C2-12],10,10040012,10040012,11010000,10040012,0,0,0,0,0,2,0,0,0,0,0,0,0,0,STR+2,
1120,85102400,仭ST-[STR-C2-13],10,10040013,10040013,11010000,10040013,0,0,0,0,0,2,0,0,0,0,0,0,0,0,STR+2,
1125,85102500,仭ST-[STR-C2-14],10,10040014,10040014,11010000,10040014,0,0,0,0,0,2,0,0,0,0,0,0,0,0,STR+2,
1130,85102600,仭ST-[STR-C2-15],10,10040015,10040015,11010000,10040015,0,0,0,0,0,2,0,0,0,0,0,0,0,0,STR+2,
1135,85102700,仭ST-[STR-C2-16],10,10040016,10040016,11010000,10040016,0,0,0,0,0,2,0,0,0,0,0,0,0,0,STR+2,
1140,85102800,仭ST-[STR-C2-17],10,10040017,10040017,11010000,10040017,0,0,0,0,0,2,0,0,0,0,0,0,0,0,STR+2,
1145,85102900,仭ST-[STR-C2-18],10,10040018,10040018,11010000,10040018,0,0,0,0,0,2,0,0,0,0,0,0,0,0,STR+2,
1150,85103000,仭ST-[STR-C2-19],10,10040019,10040019,11010000,10040019,0,0,0,0,0,2,0,0,0,0,0,0,0,0,STR+2,
1155,85103100,仭ST-[STR-C3-1],10,10050001,10050001,11010000,10050001,0,0,0,0,0,3,0,0,0,0,0,0,0,0,STR+3,
1160,85103200,仭ST-[STR-C3-2],10,10050002,10050002,11010000,10050002,0,0,0,0,0,3,0,0,0,0,0,0,0,0,STR+3,
1165,85103300,仭ST-[STR-C3-3],10,10050003,10050003,11010000,10050003,0,0,0,0,0,3,0,0,0,0,0,0,0,0,STR+3,
1170,85103400,仭ST-[STR-C3-4],10,10050004,10050004,11010000,10050004,0,0,0,0,0,3,0,0,0,0,0,0,0,0,STR+3,
1175,85103500,仭ST-[STR-C3-5],10,10050005,10050005,11010000,10050005,0,0,0,0,0,3,0,0,0,0,0,0,0,0,STR+3,
1180,85103600,仭ST-[STR-C3-6],10,10050006,10050006,11010000,10050006,0,0,0,0,0,3,0,0,0,0,0,0,0,0,STR+3,
1185,85103700,仭ST-[STR-D1-1],10,10040001,10040001,11010000,10040001,0,0,0,0,0,1,0,0,0,0,0,0,0,0,STR+1,
1190,85103800,仭ST-[STR-D1-2],10,10040002,10040002,11010000,10040002,0,0,0,0,0,1,0,0,0,0,0,0,0,0,STR+1,
1195,85103900,仭ST-[STR-D1-3],10,10040003,10040003,11010000,10040003,0,0,0,0,0,1,0,0,0,0,0,0,0,0,STR+1,
1200,85104000,仭ST-[STR-D1-4],10,10040004,10040004,11010000,10040004,0,0,0,0,0,1,0,0,0,0,0,0,0,0,STR+1,
1205,85104100,仭ST-[STR-D1-5],10,10040005,10040005,11010000,10040005,0,0,0,0,0,1,0,0,0,0,0,0,0,0,STR+1,
1210,85104200,仭ST-[STR-D1-6],10,10040006,10040006,11010000,10040006,0,0,0,0,0,1,0,0,0,0,0,0,0,0,STR+1,
1215,85104300,仭ST-[STR-D1-7],10,10040007,10040007,11010000,10040007,0,0,0,0,0,1,0,0,0,0,0,0,0,0,STR+1,
1220,85104400,仭ST-[STR-D1-8],10,10040008,10040008,11010000,10040008,0,0,0,0,0,1,0,0,0,0,0,0,0,0,STR+1,
1225,85104500,仭ST-[STR-D1-9],10,10040009,10040009,11010000,10040009,0,0,0,0,0,1,0,0,0,0,0,0,0,0,STR+1,
1230,85104600,仭ST-[STR-D1-10],10,10040010,10040010,11010000,10040010,0,0,0,0,0,1,0,0,0,0,0,0,0,0,STR+1,
1235,85104700,仭ST-[STR-D1-11],10,10040011,10040011,11010000,10040011,0,0,0,0,0,1,0,0,0,0,0,0,0,0,STR+1,
1240,85104800,仭ST-[STR-D1-12],10,10040012,10040012,11010000,10040012,0,0,0,0,0,1,0,0,0,0,0,0,0,0,STR+1,
1245,85104900,仭ST-[STR-D1-13],10,10040013,10040013,11010000,10040013,0,0,0,0,0,1,0,0,0,0,0,0,0,0,STR+1,
1250,85105000,仭ST-[STR-D1-14],10,10040014,10040014,11010000,10040014,0,0,0,0,0,1,0,0,0,0,0,0,0,0,STR+1,
1255,85105100,仭ST-[STR-D1-15],10,10040015,10040015,11010000,10040015,0,0,0,0,0,1,0,0,0,0,0,0,0,0,STR+1,
1260,85105200,仭ST-[STR-D1-16],10,10040016,10040016,11010000,10040016,0,0,0,0,0,1,0,0,0,0,0,0,0,0,STR+1,
1265,85105300,仭ST-[STR-D1-17],10,10040017,10040017,11010000,10040017,0,0,0,0,0,1,0,0,0,0,0,0,0,0,STR+1,
1270,85105400,仭ST-[STR-D1-18],10,10040018,10040018,11010000,10040018,0,0,0,0,0,1,0,0,0,0,0,0,0,0,STR+1,
1275,85105500,仭ST-[STR-D1-19],10,10040019,10040019,11010000,10040019,0,0,0,0,0,1,0,0,0,0,0,0,0,0,STR+1,
1280,85105600,仭ST-[STR-D2-1],10,10050001,10050001,11010000,10050001,0,0,0,0,0,2,0,0,0,0,0,0,0,0,STR+2,
1285,85105700,仭ST-[STR-D2-2],10,10050002,10050002,11010000,10050002,0,0,0,0,0,2,0,0,0,0,0,0,0,0,STR+2,
1290,85105800,仭ST-[STR-D2-3],10,10050003,10050003,11010000,10050003,0,0,0,0,0,2,0,0,0,0,0,0,0,0,STR+2,
1295,85105900,仭ST-[STR-D2-4],10,10050004,10050004,11010000,10050004,0,0,0,0,0,2,0,0,0,0,0,0,0,0,STR+2,
1300,85106000,仭ST-[STR-D2-5],10,10050005,10050005,11010000,10050005,0,0,0,0,0,2,0,0,0,0,0,0,0,0,STR+2,
1305,85106100,仭ST-[STR-D2-6],10,10050006,10050006,11010000,10050006,0,0,0,0,0,2,0,0,0,0,0,0,0,0,STR+2,
1310,85106200,仭ST-[STR-E1-1],10,10050001,10050001,11010000,10050001,0,0,0,0,0,1,0,0,0,0,0,0,0,0,STR+1,
1315,85106300,仭ST-[STR-E1-2],10,10050002,10050002,11010000,10050002,0,0,0,0,0,1,0,0,0,0,0,0,0,0,STR+1,
1320,85106400,仭ST-[STR-E1-3],10,10050003,10050003,11010000,10050003,0,0,0,0,0,1,0,0,0,0,0,0,0,0,STR+1,
1325,85106500,仭ST-[STR-E1-4],10,10050004,10050004,11010000,10050004,0,0,0,0,0,1,0,0,0,0,0,0,0,0,STR+1,
1330,85106600,仭ST-[STR-E1-5],10,10050005,10050005,11010000,10050005,0,0,0,0,0,1,0,0,0,0,0,0,0,0,STR+1,
1335,85106700,仭ST-[STR-E1-6],10,10050006,10050006,11010000,10050006,0,0,0,0,0,1,0,0,0,0,0,0,0,0,STR+1,
1500,85120000,仭ST-[DEX-S1-1],11,10010001,10010001,11020000,10010001,0,0,0,0,0,0,0,0,1,0,0,0,0,0,DEX+1,
1501,85120010,仩ST-[DEX-S1-1],11,10010001,10010001,11020000,10010001,0,0,0,0,0,0,0,0,2,0,0,0,0,0,DEX+2,
1502,85120020,仩ST-[DEX-S1-2],11,10010001,10010001,11020000,10010001,0,0,0,0,0,0,0,0,1,0,0,0,0,0,DEX+1,
1505,85120100,仭ST-[DEX-A1-1],11,10030002,10030002,11020000,10030002,0,0,0,0,0,0,0,0,2,0,0,0,0,0,DEX+2,
1510,85120200,仭ST-[DEX-A1-2],11,10030001,10030001,11020000,10030001,0,0,0,0,0,0,0,0,2,0,0,0,0,0,DEX+2,
1515,85120300,仭ST-[DEX-A2-1],11,10040001,10040001,11020000,10040001,0,0,0,0,0,0,0,0,3,0,0,0,0,0,DEX+3,
1520,85120400,仭ST-[DEX-B1-1],11,10020001,10020001,11020000,10020001,0,0,0,0,0,0,0,0,1,0,0,0,0,0,DEX+1,
1521,85120410,仩ST-[DEX-B1-1],11,10020001,10020001,11020000,10020001,0,0,0,0,0,0,0,0,1,0,0,0,0,0,DEX+1,
1525,85120500,仭ST-[DEX-B1-2],11,10020002,10020002,11020000,10020002,0,0,0,0,0,0,0,0,1,0,0,0,0,0,DEX+1,
1530,85120600,仭ST-[DEX-C1-1],11,10030002,10030002,11020000,10030002,0,0,0,0,0,0,0,0,1,0,0,0,0,0,DEX+1,
1535,85120700,仭ST-[DEX-C1-2],11,10030001,10030001,11020000,10030001,0,0,0,0,0,0,0,0,1,0,0,0,0,0,DEX+1,
1540,85120800,仭ST-[DEX-C1-3],11,10030003,10030003,11020000,10030003,0,0,0,0,0,0,0,0,1,0,0,0,0,0,DEX+1,
1545,85120900,仭ST-[DEX-C1-4],11,10030004,10030004,11020000,10030004,0,0,0,0,0,0,0,0,1,0,0,0,0,0,DEX+1,
1550,85121000,仭ST-[DEX-C1-5],11,10030005,10030005,11020000,10030005,0,0,0,0,0,0,0,0,1,0,0,0,0,0,DEX+1,
1555,85121100,仭ST-[DEX-C1-6],11,10030006,10030006,11020000,10030006,0,0,0,0,0,0,0,0,1,0,0,0,0,0,DEX+1,
1560,85121200,仭ST-[DEX-C2-1],11,10040001,10040001,11020000,10040001,0,0,0,0,0,0,0,0,2,0,0,0,0,0,DEX+2,
1565,85121300,仭ST-[DEX-C2-2],11,10040002,10040002,11020000,10040002,0,0,0,0,0,0,0,0,2,0,0,0,0,0,DEX+2,
1570,85121400,仭ST-[DEX-C2-3],11,10040003,10040003,11020000,10040003,0,0,0,0,0,0,0,0,2,0,0,0,0,0,DEX+2,
1575,85121500,仭ST-[DEX-C2-4],11,10040004,10040004,11020000,10040004,0,0,0,0,0,0,0,0,2,0,0,0,0,0,DEX+2,
1580,85121600,仭ST-[DEX-C2-5],11,10040005,10040005,11020000,10040005,0,0,0,0,0,0,0,0,2,0,0,0,0,0,DEX+2,
1585,85121700,仭ST-[DEX-C2-6],11,10040006,10040006,11020000,10040006,0,0,0,0,0,0,0,0,2,0,0,0,0,0,DEX+2,
1590,85121800,仭ST-[DEX-C2-7],11,10040007,10040007,11020000,10040007,0,0,0,0,0,0,0,0,2,0,0,0,0,0,DEX+2,
1595,85121900,仭ST-[DEX-C2-8],11,10040008,10040008,11020000,10040008,0,0,0,0,0,0,0,0,2,0,0,0,0,0,DEX+2,
1600,85122000,仭ST-[DEX-C2-9],11,10040009,10040009,11020000,10040009,0,0,0,0,0,0,0,0,2,0,0,0,0,0,DEX+2,
1605,85122100,仭ST-[DEX-C2-10],11,10040010,10040010,11020000,10040010,0,0,0,0,0,0,0,0,2,0,0,0,0,0,DEX+2,
1610,85122200,仭ST-[DEX-C2-11],11,10040011,10040011,11020000,10040011,0,0,0,0,0,0,0,0,2,0,0,0,0,0,DEX+2,
1615,85122300,仭ST-[DEX-C2-12],11,10040012,10040012,11020000,10040012,0,0,0,0,0,0,0,0,2,0,0,0,0,0,DEX+2,
1620,85122400,仭ST-[DEX-C2-13],11,10040013,10040013,11020000,10040013,0,0,0,0,0,0,0,0,2,0,0,0,0,0,DEX+2,
1625,85122500,仭ST-[DEX-C2-14],11,10040014,10040014,11020000,10040014,0,0,0,0,0,0,0,0,2,0,0,0,0,0,DEX+2,
1630,85122600,仭ST-[DEX-C2-15],11,10040015,10040015,11020000,10040015,0,0,0,0,0,0,0,0,2,0,0,0,0,0,DEX+2,
1635,85122700,仭ST-[DEX-C2-16],11,10040016,10040016,11020000,10040016,0,0,0,0,0,0,0,0,2,0,0,0,0,0,DEX+2,
1640,85122800,仭ST-[DEX-C2-17],11,10040017,10040017,11020000,10040017,0,0,0,0,0,0,0,0,2,0,0,0,0,0,DEX+2,
1645,85122900,仭ST-[DEX-C2-18],11,10040018,10040018,11020000,10040018,0,0,0,0,0,0,0,0,2,0,0,0,0,0,DEX+2,
1650,85123000,仭ST-[DEX-C2-19],11,10040019,10040019,11020000,10040019,0,0,0,0,0,0,0,0,2,0,0,0,0,0,DEX+2,
1655,85123100,仭ST-[DEX-C3-1],11,10050001,10050001,11020000,10050001,0,0,0,0,0,0,0,0,3,0,0,0,0,0,DEX+3,
1660,85123200,仭ST-[DEX-C3-2],11,10050002,10050002,11020000,10050002,0,0,0,0,0,0,0,0,3,0,0,0,0,0,DEX+3,
1665,85123300,仭ST-[DEX-C3-3],11,10050003,10050003,11020000,10050003,0,0,0,0,0,0,0,0,3,0,0,0,0,0,DEX+3,
1670,85123400,仭ST-[DEX-C3-4],11,10050004,10050004,11020000,10050004,0,0,0,0,0,0,0,0,3,0,0,0,0,0,DEX+3,
1675,85123500,仭ST-[DEX-C3-5],11,10050005,10050005,11020000,10050005,0,0,0,0,0,0,0,0,3,0,0,0,0,0,DEX+3,
1680,85123600,仭ST-[DEX-C3-6],11,10050006,10050006,11020000,10050006,0,0,0,0,0,0,0,0,3,0,0,0,0,0,DEX+3,
1685,85123700,仭ST-[DEX-D1-1],11,10040001,10040001,11020000,10040001,0,0,0,0,0,0,0,0,1,0,0,0,0,0,DEX+1,
1690,85123800,仭ST-[DEX-D1-2],11,10040002,10040002,11020000,10040002,0,0,0,0,0,0,0,0,1,0,0,0,0,0,DEX+1,
1695,85123900,仭ST-[DEX-D1-3],11,10040003,10040003,11020000,10040003,0,0,0,0,0,0,0,0,1,0,0,0,0,0,DEX+1,
1700,85124000,仭ST-[DEX-D1-4],11,10040004,10040004,11020000,10040004,0,0,0,0,0,0,0,0,1,0,0,0,0,0,DEX+1,
1705,85124100,仭ST-[DEX-D1-5],11,10040005,10040005,11020000,10040005,0,0,0,0,0,0,0,0,1,0,0,0,0,0,DEX+1,
1710,85124200,仭ST-[DEX-D1-6],11,10040006,10040006,11020000,10040006,0,0,0,0,0,0,0,0,1,0,0,0,0,0,DEX+1,
1715,85124300,仭ST-[DEX-D1-7],11,10040007,10040007,11020000,10040007,0,0,0,0,0,0,0,0,1,0,0,0,0,0,DEX+1,
1720,85124400,仭ST-[DEX-D1-8],11,10040008,10040008,11020000,10040008,0,0,0,0,0,0,0,0,1,0,0,0,0,0,DEX+1,
1725,85124500,仭ST-[DEX-D1-9],11,10040009,10040009,11020000,10040009,0,0,0,0,0,0,0,0,1,0,0,0,0,0,DEX+1,
1730,85124600,仭ST-[DEX-D1-10],11,10040010,10040010,11020000,10040010,0,0,0,0,0,0,0,0,1,0,0,0,0,0,DEX+1,
1735,85124700,仭ST-[DEX-D1-11],11,10040011,10040011,11020000,10040011,0,0,0,0,0,0,0,0,1,0,0,0,0,0,DEX+1,
1740,85124800,仭ST-[DEX-D1-12],11,10040012,10040012,11020000,10040012,0,0,0,0,0,0,0,0,1,0,0,0,0,0,DEX+1,
1745,85124900,仭ST-[DEX-D1-13],11,10040013,10040013,11020000,10040013,0,0,0,0,0,0,0,0,1,0,0,0,0,0,DEX+1,
1750,85125000,仭ST-[DEX-D1-14],11,10040014,10040014,11020000,10040014,0,0,0,0,0,0,0,0,1,0,0,0,0,0,DEX+1,
1755,85125100,仭ST-[DEX-D1-15],11,10040015,10040015,11020000,10040015,0,0,0,0,0,0,0,0,1,0,0,0,0,0,DEX+1,
1760,85125200,仭ST-[DEX-D1-16],11,10040016,10040016,11020000,10040016,0,0,0,0,0,0,0,0,1,0,0,0,0,0,DEX+1,
1765,85125300,仭ST-[DEX-D1-17],11,10040017,10040017,11020000,10040017,0,0,0,0,0,0,0,0,1,0,0,0,0,0,DEX+1,
1770,85125400,仭ST-[DEX-D1-18],11,10040018,10040018,11020000,10040018,0,0,0,0,0,0,0,0,1,0,0,0,0,0,DEX+1,
1775,85125500,仭ST-[DEX-D1-19],11,10040019,10040019,11020000,10040019,0,0,0,0,0,0,0,0,1,0,0,0,0,0,DEX+1,
1780,85125600,仭ST-[DEX-D2-1],11,10050001,10050001,11020000,10050001,0,0,0,0,0,0,0,0,2,0,0,0,0,0,DEX+2,
1785,85125700,仭ST-[DEX-D2-2],11,10050002,10050002,11020000,10050002,0,0,0,0,0,0,0,0,2,0,0,0,0,0,DEX+2,
1790,85125800,仭ST-[DEX-D2-3],11,10050003,10050003,11020000,10050003,0,0,0,0,0,0,0,0,2,0,0,0,0,0,DEX+2,
1795,85125900,仭ST-[DEX-D2-4],11,10050004,10050004,11020000,10050004,0,0,0,0,0,0,0,0,2,0,0,0,0,0,DEX+2,
1800,85126000,仭ST-[DEX-D2-5],11,10050005,10050005,11020000,10050005,0,0,0,0,0,0,0,0,2,0,0,0,0,0,DEX+2,
1805,85126100,仭ST-[DEX-D2-6],11,10050006,10050006,11020000,10050006,0,0,0,0,0,0,0,0,2,0,0,0,0,0,DEX+2,
1810,85126200,仭ST-[DEX-E1-1],11,10050001,10050001,11020000,10050001,0,0,0,0,0,0,0,0,1,0,0,0,0,0,DEX+1,
1815,85126300,仭ST-[DEX-E1-2],11,10050002,10050002,11020000,10050002,0,0,0,0,0,0,0,0,1,0,0,0,0,0,DEX+1,
1820,85126400,仭ST-[DEX-E1-3],11,10050003,10050003,11020000,10050003,0,0,0,0,0,0,0,0,1,0,0,0,0,0,DEX+1,
1825,85126500,仭ST-[DEX-E1-4],11,10050004,10050004,11020000,10050004,0,0,0,0,0,0,0,0,1,0,0,0,0,0,DEX+1,
1830,85126600,仭ST-[DEX-E1-5],11,10050005,10050005,11020000,10050005,0,0,0,0,0,0,0,0,1,0,0,0,0,0,DEX+1,
1835,85126700,仭ST-[DEX-E1-6],11,10050006,10050006,11020000,10050006,0,0,0,0,0,0,0,0,1,0,0,0,0,0,DEX+1,
2000,85140000,仭ST-[INT-S1-1],12,10010001,10010001,11030000,10010001,0,0,0,0,0,0,0,0,0,0,1,0,0,0,INT+1,
2001,85140010,仩ST-[INT-S1-1],12,10010001,10010001,11030000,10010001,0,0,0,0,0,0,0,0,0,0,2,0,0,0,INT+2,
2002,85140020,仩ST-[INT-S1-2],12,10010001,10010001,11030000,10010001,0,0,0,0,0,0,0,0,0,0,1,0,0,0,INT+1,
2005,85140100,仭ST-[INT-A1-1],12,10030002,10030002,11030000,10030002,0,0,0,0,0,0,0,0,0,0,2,0,0,0,INT+2,
2010,85140200,仭ST-[INT-A1-2],12,10030001,10030001,11030000,10030001,0,0,0,0,0,0,0,0,0,0,2,0,0,0,INT+2,
2015,85140300,仭ST-[INT-A2-1],12,10040001,10040001,11030000,10040001,0,0,0,0,0,0,0,0,0,0,3,0,0,0,INT+3,
2020,85140400,仭ST-[INT-B1-1],12,10020001,10020001,11030000,10020001,0,0,0,0,0,0,0,0,0,0,1,0,0,0,INT+1,
2021,85140410,仩ST-[INT-B1-1],12,10020001,10020001,11030000,10020001,0,0,0,0,0,0,0,0,0,0,1,0,0,0,INT+1,
2025,85140500,仭ST-[INT-B1-2],12,10020002,10020002,11030000,10020002,0,0,0,0,0,0,0,0,0,0,1,0,0,0,INT+1,
2030,85140600,仭ST-[INT-C1-1],12,10030002,10030002,11030000,10030002,0,0,0,0,0,0,0,0,0,0,1,0,0,0,INT+1,
2035,85140700,仭ST-[INT-C1-2],12,10030001,10030001,11030000,10030001,0,0,0,0,0,0,0,0,0,0,1,0,0,0,INT+1,
2040,85140800,仭ST-[INT-C1-3],12,10030003,10030003,11030000,10030003,0,0,0,0,0,0,0,0,0,0,1,0,0,0,INT+1,
2045,85140900,仭ST-[INT-C1-4],12,10030004,10030004,11030000,10030004,0,0,0,0,0,0,0,0,0,0,1,0,0,0,INT+1,
2050,85141000,仭ST-[INT-C1-5],12,10030005,10030005,11030000,10030005,0,0,0,0,0,0,0,0,0,0,1,0,0,0,INT+1,
2055,85141100,仭ST-[INT-C1-6],12,10030006,10030006,11030000,10030006,0,0,0,0,0,0,0,0,0,0,1,0,0,0,INT+1,
2060,85141200,仭ST-[INT-C2-1],12,10040001,10040001,11030000,10040001,0,0,0,0,0,0,0,0,0,0,2,0,0,0,INT+2,
2065,85141300,仭ST-[INT-C2-2],12,10040002,10040002,11030000,10040002,0,0,0,0,0,0,0,0,0,0,2,0,0,0,INT+2,
2070,85141400,仭ST-[INT-C2-3],12,10040003,10040003,11030000,10040003,0,0,0,0,0,0,0,0,0,0,2,0,0,0,INT+2,
2075,85141500,仭ST-[INT-C2-4],12,10040004,10040004,11030000,10040004,0,0,0,0,0,0,0,0,0,0,2,0,0,0,INT+2,
2080,85141600,仭ST-[INT-C2-5],12,10040005,10040005,11030000,10040005,0,0,0,0,0,0,0,0,0,0,2,0,0,0,INT+2,
2085,85141700,仭ST-[INT-C2-6],12,10040006,10040006,11030000,10040006,0,0,0,0,0,0,0,0,0,0,2,0,0,0,INT+2,
2090,85141800,仭ST-[INT-C2-7],12,10040007,10040007,11030000,10040007,0,0,0,0,0,0,0,0,0,0,2,0,0,0,INT+2,
2095,85141900,仭ST-[INT-C2-8],12,10040008,10040008,11030000,10040008,0,0,0,0,0,0,0,0,0,0,2,0,0,0,INT+2,
2100,85142000,仭ST-[INT-C2-9],12,10040009,10040009,11030000,10040009,0,0,0,0,0,0,0,0,0,0,2,0,0,0,INT+2,
2105,85142100,仭ST-[INT-C2-10],12,10040010,10040010,11030000,10040010,0,0,0,0,0,0,0,0,0,0,2,0,0,0,INT+2,
2110,85142200,仭ST-[INT-C2-11],12,10040011,10040011,11030000,10040011,0,0,0,0,0,0,0,0,0,0,2,0,0,0,INT+2,
2115,85142300,仭ST-[INT-C2-12],12,10040012,10040012,11030000,10040012,0,0,0,0,0,0,0,0,0,0,2,0,0,0,INT+2,
2120,85142400,仭ST-[INT-C2-13],12,10040013,10040013,11030000,10040013,0,0,0,0,0,0,0,0,0,0,2,0,0,0,INT+2,
2125,85142500,仭ST-[INT-C2-14],12,10040014,10040014,11030000,10040014,0,0,0,0,0,0,0,0,0,0,2,0,0,0,INT+2,
2130,85142600,仭ST-[INT-C2-15],12,10040015,10040015,11030000,10040015,0,0,0,0,0,0,0,0,0,0,2,0,0,0,INT+2,
2135,85142700,仭ST-[INT-C2-16],12,10040016,10040016,11030000,10040016,0,0,0,0,0,0,0,0,0,0,2,0,0,0,INT+2,
2140,85142800,仭ST-[INT-C2-17],12,10040017,10040017,11030000,10040017,0,0,0,0,0,0,0,0,0,0,2,0,0,0,INT+2,
2145,85142900,仭ST-[INT-C2-18],12,10040018,10040018,11030000,10040018,0,0,0,0,0,0,0,0,0,0,2,0,0,0,INT+2,
2150,85143000,仭ST-[INT-C2-19],12,10040019,10040019,11030000,10040019,0,0,0,0,0,0,0,0,0,0,2,0,0,0,INT+2,
2155,85143100,仭ST-[INT-C3-1],12,10050001,10050001,11030000,10050001,0,0,0,0,0,0,0,0,0,0,3,0,0,0,INT+3,
2160,85143200,仭ST-[INT-C3-2],12,10050002,10050002,11030000,10050002,0,0,0,0,0,0,0,0,0,0,3,0,0,0,INT+3,
2165,85143300,仭ST-[INT-C3-3],12,10050003,10050003,11030000,10050003,0,0,0,0,0,0,0,0,0,0,3,0,0,0,INT+3,
2170,85143400,仭ST-[INT-C3-4],12,10050004,10050004,11030000,10050004,0,0,0,0,0,0,0,0,0,0,3,0,0,0,INT+3,
2175,85143500,仭ST-[INT-C3-5],12,10050005,10050005,11030000,10050005,0,0,0,0,0,0,0,0,0,0,3,0,0,0,INT+3,
2180,85143600,仭ST-[INT-C3-6],12,10050006,10050006,11030000,10050006,0,0,0,0,0,0,0,0,0,0,3,0,0,0,INT+3,
2185,85143700,仭ST-[INT-D1-1],12,10040001,10040001,11030000,10040001,0,0,0,0,0,0,0,0,0,0,1,0,0,0,INT+1,
2190,85143800,仭ST-[INT-D1-2],12,10040002,10040002,11030000,10040002,0,0,0,0,0,0,0,0,0,0,1,0,0,0,INT+1,
2195,85143900,仭ST-[INT-D1-3],12,10040003,10040003,11030000,10040003,0,0,0,0,0,0,0,0,0,0,1,0,0,0,INT+1,
2200,85144000,仭ST-[INT-D1-4],12,10040004,10040004,11030000,10040004,0,0,0,0,0,0,0,0,0,0,1,0,0,0,INT+1,
2205,85144100,仭ST-[INT-D1-5],12,10040005,10040005,11030000,10040005,0,0,0,0,0,0,0,0,0,0,1,0,0,0,INT+1,
2210,85144200,仭ST-[INT-D1-6],12,10040006,10040006,11030000,10040006,0,0,0,0,0,0,0,0,0,0,1,0,0,0,INT+1,
2215,85144300,仭ST-[INT-D1-7],12,10040007,10040007,11030000,10040007,0,0,0,0,0,0,0,0,0,0,1,0,0,0,INT+1,
2220,85144400,仭ST-[INT-D1-8],12,10040008,10040008,11030000,10040008,0,0,0,0,0,0,0,0,0,0,1,0,0,0,INT+1,
2225,85144500,仭ST-[INT-D1-9],12,10040009,10040009,11030000,10040009,0,0,0,0,0,0,0,0,0,0,1,0,0,0,INT+1,
2230,85144600,仭ST-[INT-D1-10],12,10040010,10040010,11030000,10040010,0,0,0,0,0,0,0,0,0,0,1,0,0,0,INT+1,
2235,85144700,仭ST-[INT-D1-11],12,10040011,10040011,11030000,10040011,0,0,0,0,0,0,0,0,0,0,1,0,0,0,INT+1,
2240,85144800,仭ST-[INT-D1-12],12,10040012,10040012,11030000,10040012,0,0,0,0,0,0,0,0,0,0,1,0,0,0,INT+1,
2245,85144900,仭ST-[INT-D1-13],12,10040013,10040013,11030000,10040013,0,0,0,0,0,0,0,0,0,0,1,0,0,0,INT+1,
2250,85145000,仭ST-[INT-D1-14],12,10040014,10040014,11030000,10040014,0,0,0,0,0,0,0,0,0,0,1,0,0,0,INT+1,
2255,85145100,仭ST-[INT-D1-15],12,10040015,10040015,11030000,10040015,0,0,0,0,0,0,0,0,0,0,1,0,0,0,INT+1,
2260,85145200,仭ST-[INT-D1-16],12,10040016,10040016,11030000,10040016,0,0,0,0,0,0,0,0,0,0,1,0,0,0,INT+1,
2265,85145300,仭ST-[INT-D1-17],12,10040017,10040017,11030000,10040017,0,0,0,0,0,0,0,0,0,0,1,0,0,0,INT+1,
2270,85145400,仭ST-[INT-D1-18],12,10040018,10040018,11030000,10040018,0,0,0,0,0,0,0,0,0,0,1,0,0,0,INT+1,
2275,85145500,仭ST-[INT-D1-19],12,10040019,10040019,11030000,10040019,0,0,0,0,0,0,0,0,0,0,1,0,0,0,INT+1,
2280,85145600,仭ST-[INT-D2-1],12,10050001,10050001,11030000,10050001,0,0,0,0,0,0,0,0,0,0,2,0,0,0,INT+2,
2285,85145700,仭ST-[INT-D2-2],12,10050002,10050002,11030000,10050002,0,0,0,0,0,0,0,0,0,0,2,0,0,0,INT+2,
2290,85145800,仭ST-[INT-D2-3],12,10050003,10050003,11030000,10050003,0,0,0,0,0,0,0,0,0,0,2,0,0,0,INT+2,
2295,85145900,仭ST-[INT-D2-4],12,10050004,10050004,11030000,10050004,0,0,0,0,0,0,0,0,0,0,2,0,0,0,INT+2,
2300,85146000,仭ST-[INT-D2-5],12,10050005,10050005,11030000,10050005,0,0,0,0,0,0,0,0,0,0,2,0,0,0,INT+2,
2305,85146100,仭ST-[INT-D2-6],12,10050006,10050006,11030000,10050006,0,0,0,0,0,0,0,0,0,0,2,0,0,0,INT+2,
2310,85146200,仭ST-[INT-E1-1],12,10050001,10050001,11030000,10050001,0,0,0,0,0,0,0,0,0,0,1,0,0,0,INT+1,
2315,85146300,仭ST-[INT-E1-2],12,10050002,10050002,11030000,10050002,0,0,0,0,0,0,0,0,0,0,1,0,0,0,INT+1,
2320,85146400,仭ST-[INT-E1-3],12,10050003,10050003,11030000,10050003,0,0,0,0,0,0,0,0,0,0,1,0,0,0,INT+1,
2325,85146500,仭ST-[INT-E1-4],12,10050004,10050004,11030000,10050004,0,0,0,0,0,0,0,0,0,0,1,0,0,0,INT+1,
2330,85146600,仭ST-[INT-E1-5],12,10050005,10050005,11030000,10050005,0,0,0,0,0,0,0,0,0,0,1,0,0,0,INT+1,
2335,85146700,仭ST-[INT-E1-6],12,10050006,10050006,11030000,10050006,0,0,0,0,0,0,0,0,0,0,1,0,0,0,INT+1,
2500,85160000,仭ST-[VIT-S1-1],13,10010001,10010001,11040000,10010001,0,0,0,0,0,0,0,1,0,0,0,0,0,0,VIT+1,
2501,85160010,仩ST-[VIT-S1-1],13,10010001,10010001,11040000,10010001,0,0,0,0,0,0,0,2,0,0,0,0,0,0,VIT+2,
2502,85160020,仩ST-[VIT-S1-2],13,10010001,10010001,11040000,10010001,0,0,0,0,0,0,0,1,0,0,0,0,0,0,VIT+1,
2505,85160100,仭ST-[VIT-A1-1],13,10030002,10030002,11040000,10030002,0,0,0,0,0,0,0,2,0,0,0,0,0,0,VIT+2,
2510,85160200,仭ST-[VIT-A1-2],13,10030001,10030001,11040000,10030001,0,0,0,0,0,0,0,2,0,0,0,0,0,0,VIT+2,
2515,85160300,仭ST-[VIT-A2-1],13,10040001,10040001,11040000,10040001,0,0,0,0,0,0,0,3,0,0,0,0,0,0,VIT+3,
2520,85160400,仭ST-[VIT-B1-1],13,10020001,10020001,11040000,10020001,0,0,0,0,0,0,0,1,0,0,0,0,0,0,VIT+1,
2521,85160410,仩ST-[VIT-B1-1],13,10020001,10020001,11040000,10020001,0,0,0,0,0,0,0,1,0,0,0,0,0,0,VIT+1,
2525,85160500,仭ST-[VIT-B1-2],13,10020002,10020002,11040000,10020002,0,0,0,0,0,0,0,1,0,0,0,0,0,0,VIT+1,
2530,85160600,仭ST-[VIT-C1-1],13,10030002,10030002,11040000,10030002,0,0,0,0,0,0,0,1,0,0,0,0,0,0,VIT+1,
2535,85160700,仭ST-[VIT-C1-2],13,10030001,10030001,11040000,10030001,0,0,0,0,0,0,0,1,0,0,0,0,0,0,VIT+1,
2540,85160800,仭ST-[VIT-C1-3],13,10030003,10030003,11040000,10030003,0,0,0,0,0,0,0,1,0,0,0,0,0,0,VIT+1,
2545,85160900,仭ST-[VIT-C1-4],13,10030004,10030004,11040000,10030004,0,0,0,0,0,0,0,1,0,0,0,0,0,0,VIT+1,
2550,85161000,仭ST-[VIT-C1-5],13,10030005,10030005,11040000,10030005,0,0,0,0,0,0,0,1,0,0,0,0,0,0,VIT+1,
2555,85161100,仭ST-[VIT-C1-6],13,10030006,10030006,11040000,10030006,0,0,0,0,0,0,0,1,0,0,0,0,0,0,VIT+1,
2560,85161200,仭ST-[VIT-C2-1],13,10040001,10040001,11040000,10040001,0,0,0,0,0,0,0,2,0,0,0,0,0,0,VIT+2,
2565,85161300,仭ST-[VIT-C2-2],13,10040002,10040002,11040000,10040002,0,0,0,0,0,0,0,2,0,0,0,0,0,0,VIT+2,
2570,85161400,仭ST-[VIT-C2-3],13,10040003,10040003,11040000,10040003,0,0,0,0,0,0,0,2,0,0,0,0,0,0,VIT+2,
2575,85161500,仭ST-[VIT-C2-4],13,10040004,10040004,11040000,10040004,0,0,0,0,0,0,0,2,0,0,0,0,0,0,VIT+2,
2580,85161600,仭ST-[VIT-C2-5],13,10040005,10040005,11040000,10040005,0,0,0,0,0,0,0,2,0,0,0,0,0,0,VIT+2,
2585,85161700,仭ST-[VIT-C2-6],13,10040006,10040006,11040000,10040006,0,0,0,0,0,0,0,2,0,0,0,0,0,0,VIT+2,
2590,85161800,仭ST-[VIT-C2-7],13,10040007,10040007,11040000,10040007,0,0,0,0,0,0,0,2,0,0,0,0,0,0,VIT+2,
2595,85161900,仭ST-[VIT-C2-8],13,10040008,10040008,11040000,10040008,0,0,0,0,0,0,0,2,0,0,0,0,0,0,VIT+2,
2600,85162000,仭ST-[VIT-C2-9],13,10040009,10040009,11040000,10040009,0,0,0,0,0,0,0,2,0,0,0,0,0,0,VIT+2,
2605,85162100,仭ST-[VIT-C2-10],13,10040010,10040010,11040000,10040010,0,0,0,0,0,0,0,2,0,0,0,0,0,0,VIT+2,
2610,85162200,仭ST-[VIT-C2-11],13,10040011,10040011,11040000,10040011,0,0,0,0,0,0,0,2,0,0,0,0,0,0,VIT+2,
2615,85162300,仭ST-[VIT-C2-12],13,10040012,10040012,11040000,10040012,0,0,0,0,0,0,0,2,0,0,0,0,0,0,VIT+2,
2620,85162400,仭ST-[VIT-C2-13],13,10040013,10040013,11040000,10040013,0,0,0,0,0,0,0,2,0,0,0,0,0,0,VIT+2,
2625,85162500,仭ST-[VIT-C2-14],13,10040014,10040014,11040000,10040014,0,0,0,0,0,0,0,2,0,0,0,0,0,0,VIT+2,
2630,85162600,仭ST-[VIT-C2-15],13,10040015,10040015,11040000,10040015,0,0,0,0,0,0,0,2,0,0,0,0,0,0,VIT+2,
2635,85162700,仭ST-[VIT-C2-16],13,10040016,10040016,11040000,10040016,0,0,0,0,0,0,0,2,0,0,0,0,0,0,VIT+2,
2640,85162800,仭ST-[VIT-C2-17],13,10040017,10040017,11040000,10040017,0,0,0,0,0,0,0,2,0,0,0,0,0,0,VIT+2,
2645,85162900,仭ST-[VIT-C2-18],13,10040018,10040018,11040000,10040018,0,0,0,0,0,0,0,2,0,0,0,0,0,0,VIT+2,
2650,85163000,仭ST-[VIT-C2-19],13,10040019,10040019,11040000,10040019,0,0,0,0,0,0,0,2,0,0,0,0,0,0,VIT+2,
2655,85163100,仭ST-[VIT-C3-1],13,10050001,10050001,11040000,10050001,0,0,0,0,0,0,0,3,0,0,0,0,0,0,VIT+3,
2660,85163200,仭ST-[VIT-C3-2],13,10050002,10050002,11040000,10050002,0,0,0,0,0,0,0,3,0,0,0,0,0,0,VIT+3,
2665,85163300,仭ST-[VIT-C3-3],13,10050003,10050003,11040000,10050003,0,0,0,0,0,0,0,3,0,0,0,0,0,0,VIT+3,
2670,85163400,仭ST-[VIT-C3-4],13,10050004,10050004,11040000,10050004,0,0,0,0,0,0,0,3,0,0,0,0,0,0,VIT+3,
2675,85163500,仭ST-[VIT-C3-5],13,10050005,10050005,11040000,10050005,0,0,0,0,0,0,0,3,0,0,0,0,0,0,VIT+3,
2680,85163600,仭ST-[VIT-C3-6],13,10050006,10050006,11040000,10050006,0,0,0,0,0,0,0,3,0,0,0,0,0,0,VIT+3,
2685,85163700,仭ST-[VIT-D1-1],13,10040001,10040001,11040000,10040001,0,0,0,0,0,0,0,1,0,0,0,0,0,0,VIT+1,
2690,85163800,仭ST-[VIT-D1-2],13,10040002,10040002,11040000,10040002,0,0,0,0,0,0,0,1,0,0,0,0,0,0,VIT+1,
2695,85163900,仭ST-[VIT-D1-3],13,10040003,10040003,11040000,10040003,0,0,0,0,0,0,0,1,0,0,0,0,0,0,VIT+1,
2700,85164000,仭ST-[VIT-D1-4],13,10040004,10040004,11040000,10040004,0,0,0,0,0,0,0,1,0,0,0,0,0,0,VIT+1,
2705,85164100,仭ST-[VIT-D1-5],13,10040005,10040005,11040000,10040005,0,0,0,0,0,0,0,1,0,0,0,0,0,0,VIT+1,
2710,85164200,仭ST-[VIT-D1-6],13,10040006,10040006,11040000,10040006,0,0,0,0,0,0,0,1,0,0,0,0,0,0,VIT+1,
2715,85164300,仭ST-[VIT-D1-7],13,10040007,10040007,11040000,10040007,0,0,0,0,0,0,0,1,0,0,0,0,0,0,VIT+1,
2720,85164400,仭ST-[VIT-D1-8],13,10040008,10040008,11040000,10040008,0,0,0,0,0,0,0,1,0,0,0,0,0,0,VIT+1,
2725,85164500,仭ST-[VIT-D1-9],13,10040009,10040009,11040000,10040009,0,0,0,0,0,0,0,1,0,0,0,0,0,0,VIT+1,
2730,85164600,仭ST-[VIT-D1-10],13,10040010,10040010,11040000,10040010,0,0,0,0,0,0,0,1,0,0,0,0,0,0,VIT+1,
2735,85164700,仭ST-[VIT-D1-11],13,10040011,10040011,11040000,10040011,0,0,0,0,0,0,0,1,0,0,0,0,0,0,VIT+1,
2740,85164800,仭ST-[VIT-D1-12],13,10040012,10040012,11040000,10040012,0,0,0,0,0,0,0,1,0,0,0,0,0,0,VIT+1,
2745,85164900,仭ST-[VIT-D1-13],13,10040013,10040013,11040000,10040013,0,0,0,0,0,0,0,1,0,0,0,0,0,0,VIT+1,
2750,85165000,仭ST-[VIT-D1-14],13,10040014,10040014,11040000,10040014,0,0,0,0,0,0,0,1,0,0,0,0,0,0,VIT+1,
2755,85165100,仭ST-[VIT-D1-15],13,10040015,10040015,11040000,10040015,0,0,0,0,0,0,0,1,0,0,0,0,0,0,VIT+1,
2760,85165200,仭ST-[VIT-D1-16],13,10040016,10040016,11040000,10040016,0,0,0,0,0,0,0,1,0,0,0,0,0,0,VIT+1,
2765,85165300,仭ST-[VIT-D1-17],13,10040017,10040017,11040000,10040017,0,0,0,0,0,0,0,1,0,0,0,0,0,0,VIT+1,
2770,85165400,仭ST-[VIT-D1-18],13,10040018,10040018,11040000,10040018,0,0,0,0,0,0,0,1,0,0,0,0,0,0,VIT+1,
2775,85165500,仭ST-[VIT-D1-19],13,10040019,10040019,11040000,10040019,0,0,0,0,0,0,0,1,0,0,0,0,0,0,VIT+1,
2780,85165600,仭ST-[VIT-D2-1],13,10050001,10050001,11040000,10050001,0,0,0,0,0,0,0,2,0,0,0,0,0,0,VIT+2,
2785,85165700,仭ST-[VIT-D2-2],13,10050002,10050002,11040000,10050002,0,0,0,0,0,0,0,2,0,0,0,0,0,0,VIT+2,
2790,85165800,仭ST-[VIT-D2-3],13,10050003,10050003,11040000,10050003,0,0,0,0,0,0,0,2,0,0,0,0,0,0,VIT+2,
2795,85165900,仭ST-[VIT-D2-4],13,10050004,10050004,11040000,10050004,0,0,0,0,0,0,0,2,0,0,0,0,0,0,VIT+2,
2800,85166000,仭ST-[VIT-D2-5],13,10050005,10050005,11040000,10050005,0,0,0,0,0,0,0,2,0,0,0,0,0,0,VIT+2,
2805,85166100,仭ST-[VIT-D2-6],13,10050006,10050006,11040000,10050006,0,0,0,0,0,0,0,2,0,0,0,0,0,0,VIT+2,
2810,85166200,仭ST-[VIT-E1-1],13,10050001,10050001,11040000,10050001,0,0,0,0,0,0,0,1,0,0,0,0,0,0,VIT+1,
2815,85166300,仭ST-[VIT-E1-2],13,10050002,10050002,11040000,10050002,0,0,0,0,0,0,0,1,0,0,0,0,0,0,VIT+1,
2820,85166400,仭ST-[VIT-E1-3],13,10050003,10050003,11040000,10050003,0,0,0,0,0,0,0,1,0,0,0,0,0,0,VIT+1,
2825,85166500,仭ST-[VIT-E1-4],13,10050004,10050004,11040000,10050004,0,0,0,0,0,0,0,1,0,0,0,0,0,0,VIT+1,
2830,85166600,仭ST-[VIT-E1-5],13,10050005,10050005,11040000,10050005,0,0,0,0,0,0,0,1,0,0,0,0,0,0,VIT+1,
2835,85166700,仭ST-[VIT-E1-6],13,10050006,10050006,11040000,10050006,0,0,0,0,0,0,0,1,0,0,0,0,0,0,VIT+1,
3000,85180000,仭ST-[AGI-S1-1],14,10010001,10010001,11050000,10010001,0,0,0,0,0,0,0,0,0,1,0,0,0,0,AGI+1,
3001,85180010,仩ST-[AGI-S1-1],14,10010001,10010001,11050000,10010001,0,0,0,0,0,0,0,0,0,2,0,0,0,0,AGI+2,
3002,85180020,仩ST-[AGI-S1-2],14,10010001,10010001,11050000,10010001,0,0,0,0,0,0,0,0,0,1,0,0,0,0,AGI+1,
3005,85180100,仭ST-[AGI-A1-1],14,10030002,10030002,11050000,10030002,0,0,0,0,0,0,0,0,0,2,0,0,0,0,AGI+2,
3010,85180200,仭ST-[AGI-A1-2],14,10030001,10030001,11050000,10030001,0,0,0,0,0,0,0,0,0,2,0,0,0,0,AGI+2,
3015,85180300,仭ST-[AGI-A2-1],14,10040001,10040001,11050000,10040001,0,0,0,0,0,0,0,0,0,3,0,0,0,0,AGI+3,
3020,85180400,仭ST-[AGI-B1-1],14,10020001,10020001,11050000,10020001,0,0,0,0,0,0,0,0,0,1,0,0,0,0,AGI+1,
3021,85180410,仩ST-[AGI-B1-1],14,10020001,10020001,11050000,10020001,0,0,0,0,0,0,0,0,0,1,0,0,0,0,AGI+1,
3025,85180500,仭ST-[AGI-B1-2],14,10020002,10020002,11050000,10020002,0,0,0,0,0,0,0,0,0,1,0,0,0,0,AGI+1,
3030,85180600,仭ST-[AGI-C1-1],14,10030002,10030002,11050000,10030002,0,0,0,0,0,0,0,0,0,1,0,0,0,0,AGI+1,
3035,85180700,仭ST-[AGI-C1-2],14,10030001,10030001,11050000,10030001,0,0,0,0,0,0,0,0,0,1,0,0,0,0,AGI+1,
3040,85180800,仭ST-[AGI-C1-3],14,10030003,10030003,11050000,10030003,0,0,0,0,0,0,0,0,0,1,0,0,0,0,AGI+1,
3045,85180900,仭ST-[AGI-C1-4],14,10030004,10030004,11050000,10030004,0,0,0,0,0,0,0,0,0,1,0,0,0,0,AGI+1,
3050,85181000,仭ST-[AGI-C1-5],14,10030005,10030005,11050000,10030005,0,0,0,0,0,0,0,0,0,1,0,0,0,0,AGI+1,
3055,85181100,仭ST-[AGI-C1-6],14,10030006,10030006,11050000,10030006,0,0,0,0,0,0,0,0,0,1,0,0,0,0,AGI+1,
3060,85181200,仭ST-[AGI-C2-1],14,10040001,10040001,11050000,10040001,0,0,0,0,0,0,0,0,0,2,0,0,0,0,AGI+2,
3065,85181300,仭ST-[AGI-C2-2],14,10040002,10040002,11050000,10040002,0,0,0,0,0,0,0,0,0,2,0,0,0,0,AGI+2,
3070,85181400,仭ST-[AGI-C2-3],14,10040003,10040003,11050000,10040003,0,0,0,0,0,0,0,0,0,2,0,0,0,0,AGI+2,
3075,85181500,仭ST-[AGI-C2-4],14,10040004,10040004,11050000,10040004,0,0,0,0,0,0,0,0,0,2,0,0,0,0,AGI+2,
3080,85181600,仭ST-[AGI-C2-5],14,10040005,10040005,11050000,10040005,0,0,0,0,0,0,0,0,0,2,0,0,0,0,AGI+2,
3085,85181700,仭ST-[AGI-C2-6],14,10040006,10040006,11050000,10040006,0,0,0,0,0,0,0,0,0,2,0,0,0,0,AGI+2,
3090,85181800,仭ST-[AGI-C2-7],14,10040007,10040007,11050000,10040007,0,0,0,0,0,0,0,0,0,2,0,0,0,0,AGI+2,
3095,85181900,仭ST-[AGI-C2-8],14,10040008,10040008,11050000,10040008,0,0,0,0,0,0,0,0,0,2,0,0,0,0,AGI+2,
3100,85182000,仭ST-[AGI-C2-9],14,10040009,10040009,11050000,10040009,0,0,0,0,0,0,0,0,0,2,0,0,0,0,AGI+2,
3105,85182100,仭ST-[AGI-C2-10],14,10040010,10040010,11050000,10040010,0,0,0,0,0,0,0,0,0,2,0,0,0,0,AGI+2,
3110,85182200,仭ST-[AGI-C2-11],14,10040011,10040011,11050000,10040011,0,0,0,0,0,0,0,0,0,2,0,0,0,0,AGI+2,
3115,85182300,仭ST-[AGI-C2-12],14,10040012,10040012,11050000,10040012,0,0,0,0,0,0,0,0,0,2,0,0,0,0,AGI+2,
3120,85182400,仭ST-[AGI-C2-13],14,10040013,10040013,11050000,10040013,0,0,0,0,0,0,0,0,0,2,0,0,0,0,AGI+2,
3125,85182500,仭ST-[AGI-C2-14],14,10040014,10040014,11050000,10040014,0,0,0,0,0,0,0,0,0,2,0,0,0,0,AGI+2,
3130,85182600,仭ST-[AGI-C2-15],14,10040015,10040015,11050000,10040015,0,0,0,0,0,0,0,0,0,2,0,0,0,0,AGI+2,
3135,85182700,仭ST-[AGI-C2-16],14,10040016,10040016,11050000,10040016,0,0,0,0,0,0,0,0,0,2,0,0,0,0,AGI+2,
3140,85182800,仭ST-[AGI-C2-17],14,10040017,10040017,11050000,10040017,0,0,0,0,0,0,0,0,0,2,0,0,0,0,AGI+2,
3145,85182900,仭ST-[AGI-C2-18],14,10040018,10040018,11050000,10040018,0,0,0,0,0,0,0,0,0,2,0,0,0,0,AGI+2,
3150,85183000,仭ST-[AGI-C2-19],14,10040019,10040019,11050000,10040019,0,0,0,0,0,0,0,0,0,2,0,0,0,0,AGI+2,
3155,85183100,仭ST-[AGI-C3-1],14,10050001,10050001,11050000,10050001,0,0,0,0,0,0,0,0,0,3,0,0,0,0,AGI+3,
3160,85183200,仭ST-[AGI-C3-2],14,10050002,10050002,11050000,10050002,0,0,0,0,0,0,0,0,0,3,0,0,0,0,AGI+3,
3165,85183300,仭ST-[AGI-C3-3],14,10050003,10050003,11050000,10050003,0,0,0,0,0,0,0,0,0,3,0,0,0,0,AGI+3,
3170,85183400,仭ST-[AGI-C3-4],14,10050004,10050004,11050000,10050004,0,0,0,0,0,0,0,0,0,3,0,0,0,0,AGI+3,
3175,85183500,仭ST-[AGI-C3-5],14,10050005,10050005,11050000,10050005,0,0,0,0,0,0,0,0,0,3,0,0,0,0,AGI+3,
3180,85183600,仭ST-[AGI-C3-6],14,10050006,10050006,11050000,10050006,0,0,0,0,0,0,0,0,0,3,0,0,0,0,AGI+3,
3185,85183700,仭ST-[AGI-D1-1],14,10040001,10040001,11050000,10040001,0,0,0,0,0,0,0,0,0,1,0,0,0,0,AGI+1,
3190,85183800,仭ST-[AGI-D1-2],14,10040002,10040002,11050000,10040002,0,0,0,0,0,0,0,0,0,1,0,0,0,0,AGI+1,
3195,85183900,仭ST-[AGI-D1-3],14,10040003,10040003,11050000,10040003,0,0,0,0,0,0,0,0,0,1,0,0,0,0,AGI+1,
3200,85184000,仭ST-[AGI-D1-4],14,10040004,10040004,11050000,10040004,0,0,0,0,0,0,0,0,0,1,0,0,0,0,AGI+1,
3205,85184100,仭ST-[AGI-D1-5],14,10040005,10040005,11050000,10040005,0,0,0,0,0,0,0,0,0,1,0,0,0,0,AGI+1,
3210,85184200,仭ST-[AGI-D1-6],14,10040006,10040006,11050000,10040006,0,0,0,0,0,0,0,0,0,1,0,0,0,0,AGI+1,
3215,85184300,仭ST-[AGI-D1-7],14,10040007,10040007,11050000,10040007,0,0,0,0,0,0,0,0,0,1,0,0,0,0,AGI+1,
3220,85184400,仭ST-[AGI-D1-8],14,10040008,10040008,11050000,10040008,0,0,0,0,0,0,0,0,0,1,0,0,0,0,AGI+1,
3225,85184500,仭ST-[AGI-D1-9],14,10040009,10040009,11050000,10040009,0,0,0,0,0,0,0,0,0,1,0,0,0,0,AGI+1,
3230,85184600,仭ST-[AGI-D1-10],14,10040010,10040010,11050000,10040010,0,0,0,0,0,0,0,0,0,1,0,0,0,0,AGI+1,
3235,85184700,仭ST-[AGI-D1-11],14,10040011,10040011,11050000,10040011,0,0,0,0,0,0,0,0,0,1,0,0,0,0,AGI+1,
3240,85184800,仭ST-[AGI-D1-12],14,10040012,10040012,11050000,10040012,0,0,0,0,0,0,0,0,0,1,0,0,0,0,AGI+1,
3245,85184900,仭ST-[AGI-D1-13],14,10040013,10040013,11050000,10040013,0,0,0,0,0,0,0,0,0,1,0,0,0,0,AGI+1,
3250,85185000,仭ST-[AGI-D1-14],14,10040014,10040014,11050000,10040014,0,0,0,0,0,0,0,0,0,1,0,0,0,0,AGI+1,
3255,85185100,仭ST-[AGI-D1-15],14,10040015,10040015,11050000,10040015,0,0,0,0,0,0,0,0,0,1,0,0,0,0,AGI+1,
3260,85185200,仭ST-[AGI-D1-16],14,10040016,10040016,11050000,10040016,0,0,0,0,0,0,0,0,0,1,0,0,0,0,AGI+1,
3265,85185300,仭ST-[AGI-D1-17],14,10040017,10040017,11050000,10040017,0,0,0,0,0,0,0,0,0,1,0,0,0,0,AGI+1,
3270,85185400,仭ST-[AGI-D1-18],14,10040018,10040018,11050000,10040018,0,0,0,0,0,0,0,0,0,1,0,0,0,0,AGI+1,
3275,85185500,仭ST-[AGI-D1-19],14,10040019,10040019,11050000,10040019,0,0,0,0,0,0,0,0,0,1,0,0,0,0,AGI+1,
3280,85185600,仭ST-[AGI-D2-1],14,10050001,10050001,11050000,10050001,0,0,0,0,0,0,0,0,0,2,0,0,0,0,AGI+2,
3285,85185700,仭ST-[AGI-D2-2],14,10050002,10050002,11050000,10050002,0,0,0,0,0,0,0,0,0,2,0,0,0,0,AGI+2,
3290,85185800,仭ST-[AGI-D2-3],14,10050003,10050003,11050000,10050003,0,0,0,0,0,0,0,0,0,2,0,0,0,0,AGI+2,
3295,85185900,仭ST-[AGI-D2-4],14,10050004,10050004,11050000,10050004,0,0,0,0,0,0,0,0,0,2,0,0,0,0,AGI+2,
3300,85186000,仭ST-[AGI-D2-5],14,10050005,10050005,11050000,10050005,0,0,0,0,0,0,0,0,0,2,0,0,0,0,AGI+2,
3305,85186100,仭ST-[AGI-D2-6],14,10050006,10050006,11050000,10050006,0,0,0,0,0,0,0,0,0,2,0,0,0,0,AGI+2,
3310,85186200,仭ST-[AGI-E1-1],14,10050001,10050001,11050000,10050001,0,0,0,0,0,0,0,0,0,1,0,0,0,0,AGI+1,
3315,85186300,仭ST-[AGI-E1-2],14,10050002,10050002,11050000,10050002,0,0,0,0,0,0,0,0,0,1,0,0,0,0,AGI+1,
3320,85186400,仭ST-[AGI-E1-3],14,10050003,10050003,11050000,10050003,0,0,0,0,0,0,0,0,0,1,0,0,0,0,AGI+1,
3325,85186500,仭ST-[AGI-E1-4],14,10050004,10050004,11050000,10050004,0,0,0,0,0,0,0,0,0,1,0,0,0,0,AGI+1,
3330,85186600,仭ST-[AGI-E1-5],14,10050005,10050005,11050000,10050005,0,0,0,0,0,0,0,0,0,1,0,0,0,0,AGI+1,
3335,85186700,仭ST-[AGI-E1-6],14,10050006,10050006,11050000,10050006,0,0,0,0,0,0,0,0,0,1,0,0,0,0,AGI+1,
3500,85200000,仭ST-[MAG-S1-1],15,10010001,10010001,11060000,10010001,0,0,0,0,0,0,1,0,0,0,0,0,0,0,MAG+1,
3501,85200010,仩ST-[MAG-S1-1],15,10010001,10010001,11060000,10010001,0,0,0,0,0,0,2,0,0,0,0,0,0,0,MAG+2,
3502,85200020,仩ST-[MAG-S1-2],15,10010001,10010001,11060000,10010001,0,0,0,0,0,0,1,0,0,0,0,0,0,0,MAG+1,
3505,85200100,仭ST-[MAG-A1-1],15,10030002,10030002,11060000,10030002,0,0,0,0,0,0,2,0,0,0,0,0,0,0,MAG+2,
3510,85200200,仭ST-[MAG-A1-2],15,10030001,10030001,11060000,10030001,0,0,0,0,0,0,2,0,0,0,0,0,0,0,MAG+2,
3515,85200300,仭ST-[MAG-A2-1],15,10040001,10040001,11060000,10040001,0,0,0,0,0,0,3,0,0,0,0,0,0,0,MAG+3,
3520,85200400,仭ST-[MAG-B1-1],15,10020001,10020001,11060000,10020001,0,0,0,0,0,0,1,0,0,0,0,0,0,0,MAG+1,
3521,85200410,仩ST-[MAG-B1-1],15,10020001,10020001,11060000,10020001,0,0,0,0,0,0,1,0,0,0,0,0,0,0,MAG+1,
3525,85200500,仭ST-[MAG-B1-2],15,10020002,10020002,11060000,10020002,0,0,0,0,0,0,1,0,0,0,0,0,0,0,MAG+1,
3530,85200600,仭ST-[MAG-C1-1],15,10030002,10030002,11060000,10030002,0,0,0,0,0,0,1,0,0,0,0,0,0,0,MAG+1,
3535,85200700,仭ST-[MAG-C1-2],15,10030001,10030001,11060000,10030001,0,0,0,0,0,0,1,0,0,0,0,0,0,0,MAG+1,
3540,85200800,仭ST-[MAG-C1-3],15,10030003,10030003,11060000,10030003,0,0,0,0,0,0,1,0,0,0,0,0,0,0,MAG+1,
3545,85200900,仭ST-[MAG-C1-4],15,10030004,10030004,11060000,10030004,0,0,0,0,0,0,1,0,0,0,0,0,0,0,MAG+1,
3550,85201000,仭ST-[MAG-C1-5],15,10030005,10030005,11060000,10030005,0,0,0,0,0,0,1,0,0,0,0,0,0,0,MAG+1,
3555,85201100,仭ST-[MAG-C1-6],15,10030006,10030006,11060000,10030006,0,0,0,0,0,0,1,0,0,0,0,0,0,0,MAG+1,
3560,85201200,仭ST-[MAG-C2-1],15,10040001,10040001,11060000,10040001,0,0,0,0,0,0,2,0,0,0,0,0,0,0,MAG+2,
3565,85201300,仭ST-[MAG-C2-2],15,10040002,10040002,11060000,10040002,0,0,0,0,0,0,2,0,0,0,0,0,0,0,MAG+2,
3570,85201400,仭ST-[MAG-C2-3],15,10040003,10040003,11060000,10040003,0,0,0,0,0,0,2,0,0,0,0,0,0,0,MAG+2,
3575,85201500,仭ST-[MAG-C2-4],15,10040004,10040004,11060000,10040004,0,0,0,0,0,0,2,0,0,0,0,0,0,0,MAG+2,
3580,85201600,仭ST-[MAG-C2-5],15,10040005,10040005,11060000,10040005,0,0,0,0,0,0,2,0,0,0,0,0,0,0,MAG+2,
3585,85201700,仭ST-[MAG-C2-6],15,10040006,10040006,11060000,10040006,0,0,0,0,0,0,2,0,0,0,0,0,0,0,MAG+2,
3590,85201800,仭ST-[MAG-C2-7],15,10040007,10040007,11060000,10040007,0,0,0,0,0,0,2,0,0,0,0,0,0,0,MAG+2,
3595,85201900,仭ST-[MAG-C2-8],15,10040008,10040008,11060000,10040008,0,0,0,0,0,0,2,0,0,0,0,0,0,0,MAG+2,
3600,85202000,仭ST-[MAG-C2-9],15,10040009,10040009,11060000,10040009,0,0,0,0,0,0,2,0,0,0,0,0,0,0,MAG+2,
3605,85202100,仭ST-[MAG-C2-10],15,10040010,10040010,11060000,10040010,0,0,0,0,0,0,2,0,0,0,0,0,0,0,MAG+2,
3610,85202200,仭ST-[MAG-C2-11],15,10040011,10040011,11060000,10040011,0,0,0,0,0,0,2,0,0,0,0,0,0,0,MAG+2,
3615,85202300,仭ST-[MAG-C2-12],15,10040012,10040012,11060000,10040012,0,0,0,0,0,0,2,0,0,0,0,0,0,0,MAG+2,
3620,85202400,仭ST-[MAG-C2-13],15,10040013,10040013,11060000,10040013,0,0,0,0,0,0,2,0,0,0,0,0,0,0,MAG+2,
3625,85202500,仭ST-[MAG-C2-14],15,10040014,10040014,11060000,10040014,0,0,0,0,0,0,2,0,0,0,0,0,0,0,MAG+2,
3630,85202600,仭ST-[MAG-C2-15],15,10040015,10040015,11060000,10040015,0,0,0,0,0,0,2,0,0,0,0,0,0,0,MAG+2,
3635,85202700,仭ST-[MAG-C2-16],15,10040016,10040016,11060000,10040016,0,0,0,0,0,0,2,0,0,0,0,0,0,0,MAG+2,
3640,85202800,仭ST-[MAG-C2-17],15,10040017,10040017,11060000,10040017,0,0,0,0,0,0,2,0,0,0,0,0,0,0,MAG+2,
3645,85202900,仭ST-[MAG-C2-18],15,10040018,10040018,11060000,10040018,0,0,0,0,0,0,2,0,0,0,0,0,0,0,MAG+2,
3650,85203000,仭ST-[MAG-C2-19],15,10040019,10040019,11060000,10040019,0,0,0,0,0,0,2,0,0,0,0,0,0,0,MAG+2,
3655,85203100,仭ST-[MAG-C3-1],15,10050001,10050001,11060000,10050001,0,0,0,0,0,0,3,0,0,0,0,0,0,0,MAG+3,
3660,85203200,仭ST-[MAG-C3-2],15,10050002,10050002,11060000,10050002,0,0,0,0,0,0,3,0,0,0,0,0,0,0,MAG+3,
3665,85203300,仭ST-[MAG-C3-3],15,10050003,10050003,11060000,10050003,0,0,0,0,0,0,3,0,0,0,0,0,0,0,MAG+3,
3670,85203400,仭ST-[MAG-C3-4],15,10050004,10050004,11060000,10050004,0,0,0,0,0,0,3,0,0,0,0,0,0,0,MAG+3,
3675,85203500,仭ST-[MAG-C3-5],15,10050005,10050005,11060000,10050005,0,0,0,0,0,0,3,0,0,0,0,0,0,0,MAG+3,
3680,85203600,仭ST-[MAG-C3-6],15,10050006,10050006,11060000,10050006,0,,0,0,0,0,3,0,0,0,0,0,0,0,MAG+3,
3685,85203700,仭ST-[MAG-D1-1],15,10040001,10040001,11060000,10040001,0,0,0,0,0,0,1,0,0,0,0,0,0,0,MAG+1,
3690,85203800,仭ST-[MAG-D1-2],15,10040002,10040002,11060000,10040002,0,0,0,0,0,0,1,0,0,0,0,0,0,0,MAG+1,
3695,85203900,仭ST-[MAG-D1-3],15,10040003,10040003,11060000,10040003,0,0,0,0,0,0,1,0,0,0,0,0,0,0,MAG+1,
3700,85204000,仭ST-[MAG-D1-4],15,10040004,10040004,11060000,10040004,0,0,0,0,0,0,1,0,0,0,0,0,0,0,MAG+1,
3705,85204100,仭ST-[MAG-D1-5],15,10040005,10040005,11060000,10040005,0,0,0,0,0,0,1,0,0,0,0,0,0,0,MAG+1,
3710,85204200,仭ST-[MAG-D1-6],15,10040006,10040006,11060000,10040006,0,0,0,0,0,0,1,0,0,0,0,0,0,0,MAG+1,
3715,85204300,仭ST-[MAG-D1-7],15,10040007,10040007,11060000,10040007,0,0,0,0,0,0,1,0,0,0,0,0,0,0,MAG+1,
3720,85204400,仭ST-[MAG-D1-8],15,10040008,10040008,11060000,10040008,0,0,0,0,0,0,1,0,0,0,0,0,0,0,MAG+1,
3725,85204500,仭ST-[MAG-D1-9],15,10040009,10040009,11060000,10040009,0,0,0,0,0,0,1,0,0,0,0,0,0,0,MAG+1,
3730,85204600,仭ST-[MAG-D1-10],15,10040010,10040010,11060000,10040010,0,0,0,0,0,0,1,0,0,0,0,0,0,0,MAG+1,
3735,85204700,仭ST-[MAG-D1-11],15,10040011,10040011,11060000,10040011,0,0,0,0,0,0,1,0,0,0,0,0,0,0,MAG+1,
3740,85204800,仭ST-[MAG-D1-12],15,10040012,10040012,11060000,10040012,0,0,0,0,0,0,1,0,0,0,0,0,0,0,MAG+1,
3745,85204900,仭ST-[MAG-D1-13],15,10040013,10040013,11060000,10040013,0,0,0,0,0,0,1,0,0,0,0,0,0,0,MAG+1,
3750,85205000,仭ST-[MAG-D1-14],15,10040014,10040014,11060000,10040014,0,0,0,0,0,0,1,0,0,0,0,0,0,0,MAG+1,
3755,85205100,仭ST-[MAG-D1-15],15,10040015,10040015,11060000,10040015,0,0,0,0,0,0,1,0,0,0,0,0,0,0,MAG+1,
3760,85205200,仭ST-[MAG-D1-16],15,10040016,10040016,11060000,10040016,0,0,0,0,0,0,1,0,0,0,0,0,0,0,MAG+1,
3765,85205300,仭ST-[MAG-D1-17],15,10040017,10040017,11060000,10040017,0,0,0,0,0,0,1,0,0,0,0,0,0,0,MAG+1,
3770,85205400,仭ST-[MAG-D1-18],15,10040018,10040018,11060000,10040018,0,0,0,0,0,0,1,0,0,0,0,0,0,0,MAG+1,
3775,85205500,仭ST-[MAG-D1-19],15,10040019,10040019,11060000,10040019,0,0,0,0,0,0,1,0,0,0,0,0,0,0,MAG+1,
3780,85205600,仭ST-[MAG-D2-1],15,10050001,10050001,11060000,10050001,0,0,0,0,0,0,2,0,0,0,0,0,0,0,MAG+2,
3785,85205700,仭ST-[MAG-D2-2],15,10050002,10050002,11060000,10050002,0,0,0,0,0,0,2,0,0,0,0,0,0,0,MAG+2,
3790,85205800,仭ST-[MAG-D2-3],15,10050003,10050003,11060000,10050003,0,0,0,0,0,0,2,0,0,0,0,0,0,0,MAG+2,
3795,85205900,仭ST-[MAG-D2-4],15,10050004,10050004,11060000,10050004,0,0,0,0,0,0,2,0,0,0,0,0,0,0,MAG+2,
3800,85206000,仭ST-[MAG-D2-5],15,10050005,10050005,11060000,10050005,0,0,0,0,0,0,2,0,0,0,0,0,0,0,MAG+2,
3805,85206100,仭ST-[MAG-D2-6],15,10050006,10050006,11060000,10050006,0,0,0,0,0,0,2,0,0,0,0,0,0,0,MAG+2,
3810,85206200,仭ST-[MAG-E1-1],15,10050001,10050001,11060000,10050001,0,0,0,0,0,0,1,0,0,0,0,0,0,0,MAG+1,
3815,85206300,仭ST-[MAG-E1-2],15,10050002,10050002,11060000,10050002,0,0,0,0,0,0,1,0,0,0,0,0,0,0,MAG+1,
3820,85206400,仭ST-[MAG-E1-3],15,10050003,10050003,11060000,10050003,0,0,0,0,0,0,1,0,0,0,0,0,0,0,MAG+1,
3825,85206500,仭ST-[MAG-E1-4],15,10050004,10050004,11060000,10050004,0,0,0,0,0,0,1,0,0,0,0,0,0,0,MAG+1,
3830,85206600,仭ST-[MAG-E1-5],15,10050005,10050005,11060000,10050005,0,0,0,0,0,0,1,0,0,0,0,0,0,0,MAG+1,
3835,85206700,仭ST-[MAG-E1-6],15,10050006,10050006,11060000,10050006,0,0,0,0,0,0,1,0,0,0,0,0,0,0,MAG+1,

#僗僉儖僠僢僾,
5000,85300000,仭SK-[嵟戝HP忋徃],20,10030001,10030001,12010000,10030001,0,0,0,0,0,0,0,0,0,0,0,100,0,0,嵟戝Lv5,
5001,85300010,仩SK-[嵟戝HP忋徃],20,10020001,10020001,12010000,10020001,0,0,0,0,0,0,0,0,0,0,0,100,0,0,嵟戝Lv5,
5010,85300100,仭SK-[HP夞暅棪忋徃],20,10030003,10030003,12010000,10030003,0,0,0,0,0,0,0,0,0,0,0,103,0,0,嵟戝Lv5,
5011,85300110,仩SK-[HP夞暅棪忋徃],20,10020001,10020001,12010000,10020001,0,0,0,0,0,0,0,0,0,0,0,103,0,0,嵟戝Lv5,
5020,85300200,仭SK-[嵟戝SP忋徃],20,10020002,10020002,12010000,10020002,0,0,0,0,0,0,0,0,0,0,0,102,0,0,嵟戝Lv5,
5021,85300210,仩SK-[嵟戝SP忋徃],20,10010001,10010001,12010000,10010001,0,0,0,0,0,0,0,0,0,0,0,102,0,0,嵟戝Lv5,
5030,85300300,仭SK-[SP夞暅棪忋徃],20,10030001,10030001,12010000,10030001,0,0,0,0,0,0,0,0,0,0,0,105,0,0,嵟戝Lv5,
5031,85300310,仩SK-[SP夞暅棪忋徃],20,10020001,10020001,12010000,10020001,0,0,0,0,0,0,0,0,0,0,0,105,0,0,嵟戝Lv5,
5040,85300400,仭SK-[僽儘僂],20,10030002,10030002,12010000,10030002,0,0,0,0,0,0,0,0,0,0,0,2110,0,0,嵟戝Lv5,
5041,85300410,仩SK-[僽儘僂],20,10020002,10020002,12010000,10020002,0,0,0,0,0,0,0,0,0,0,0,2110,0,0,嵟戝Lv5,
5050,85300500,仭SK-[僐儞僙儞僩儗乕僩],20,10020002,10020002,12010000,10020002,0,0,0,0,0,0,0,0,0,0,0,2000,0,0,嵟戝Lv5,
5051,85300510,仩SK-[僐儞僙儞僩儗乕僩],20,10010001,10010001,12010000,10010001,0,0,0,0,0,0,0,0,0,0,0,2000,0,0,嵟戝Lv5,
5060,85300600,仭SK-[僠儍乕僕],20,10020001,10020001,12010000,10020001,0,0,0,0,0,0,0,0,0,0,0,2120,0,0,嵟戝Lv5,
5061,85300610,仩SK-[僠儍乕僕],20,10010001,10010001,12010000,10010001,0,0,0,0,0,0,0,0,0,0,0,2120,0,0,嵟戝Lv5,
5070,85300700,仭SK-[僷儕傿],20,10020002,10020002,12010000,10020002,0,0,0,0,0,0,0,0,0,0,0,2100,0,0,嵟戝Lv5,
5071,85300710,仩SK-[僷儕傿],20,10010001,10010001,12010000,10010001,0,0,0,0,0,0,0,0,0,0,0,2100,0,0,嵟戝Lv5,
5080,85300800,仭SK-[僇僂儞僞乕],20,10020001,10020001,12010000,10020001,0,0,0,0,0,0,0,0,0,0,0,2101,0,0,嵟戝Lv5,
5081,85300810,仩SK-[僇僂儞僞乕],20,10010001,10010001,12010000,10010001,0,0,0,0,0,0,0,0,0,0,0,2101,0,0,嵟戝Lv5,
5090,85300900,仭SK-[僼僃僀儞僩],20,10020002,10020002,12010000,10020002,0,0,0,0,0,0,0,0,0,0,0,2102,0,0,嵟戝Lv5,
5091,85300910,仩SK-[僼僃僀儞僩],20,10010001,10010001,12010000,10010001,0,0,0,0,0,0,0,0,0,0,0,2102,0,0,嵟戝Lv5,
5100,85301000,仭SK-[僐儞僼儏乕僕儑儞僽儘僂],20,10020001,10020001,12010000,10020001,0,0,0,0,0,0,0,0,0,0,0,2112,0,0,嵟戝Lv5,
5101,85301010,仩SK-[僐儞僼儏乕僕儑儞僽儘僂],20,10010001,10010001,12010000,10010001,0,0,0,0,0,0,0,0,0,0,0,2112,0,0,嵟戝Lv5,
5110,85301100,仭SK-[僗僞儞僽儘僂],20,10040002,10040002,12010000,10040002,0,0,0,0,0,0,0,0,0,0,0,2113,0,0,嵟戝Lv5,
5111,85301110,仩SK-[僗僞儞僽儘僂],20,10030002,10030002,12010000,10030002,0,0,0,0,0,0,0,0,0,0,0,2113,0,0,嵟戝Lv5,
5120,85301200,仭SK-[僗儘僂僽儘僂],20,10040003,10040003,12010000,10040003,0,0,0,0,0,0,0,0,0,0,0,2114,0,0,嵟戝Lv5,
5121,85301210,仩SK-[僗儘僂僽儘僂],20,10030003,10030003,12010000,10030003,0,0,0,0,0,0,0,0,0,0,0,2114,0,0,嵟戝Lv5,
5130,85301300,仭SK-[僶僯僔儞僌僽儘僂],20,10040004,10040004,12010000,10040004,0,0,0,0,0,0,0,0,0,0,0,2111,0,0,嵟戝Lv5,
5131,85301310,仩SK-[僶僯僔儞僌僽儘僂],20,10030004,10030004,12010000,10030004,0,0,0,0,0,0,0,0,0,0,0,2111,0,0,嵟戝Lv5,
5140,85301400,仭SK-[嵟戝MP忋徃],20,10030001,10030001,12010000,10030001,0,0,0,0,0,0,0,0,0,0,0,101,0,0,嵟戝Lv5,
5141,85301410,仩SK-[嵟戝MP忋徃],20,10020001,10020001,12010000,10020001,0,0,0,0,0,0,0,0,0,0,0,101,0,0,嵟戝Lv5,
5150,85301500,仭SK-[MP夞暅棪忋徃],20,10030004,10030004,12010000,10030004,0,0,0,0,0,0,0,0,0,0,0,104,0,0,嵟戝Lv5,
5151,85301510,仩SK-[MP夞暅棪忋徃],20,10020002,10020002,12010000,10020002,0,0,0,0,0,0,0,0,0,0,0,104,0,0,嵟戝Lv5,
5160,85301600,仭SK-[僼乕僪僼傽僀僞乕],20,10090002,10090002,12010000,10090002,0,0,0,0,0,0,0,0,0,0,0,904,0,0,嵟戝Lv5,
5161,85301610,仩SK-[僼乕僪僼傽僀僞乕],20,10060002,10060002,12010000,10060002,0,0,0,0,0,0,0,0,0,0,0,904,0,0,嵟戝Lv5,
5170,85301700,仭SK-[嵋憐],20,10090003,10090003,12010000,10090003,0,0,0,0,0,0,0,0,0,0,0,2066,0,0,嵟戝Lv5,
5171,85301710,仩SK-[嵋憐],20,10060003,10060003,12010000,10060003,0,0,0,0,0,0,0,0,0,0,0,2066,0,0,嵟戝Lv5,
5180,85301800,仭SK-[婥崌],20,10040005,10040005,12010000,10040005,0,0,0,0,0,0,0,0,0,0,0,2062,0,0,嵟戝Lv5,
5181,85301810,仩SK-[婥崌],20,10030005,10030005,12010000,10030005,0,0,0,0,0,0,0,0,0,0,0,2062,0,0,嵟戝Lv5,
5190,85301900,仭SK-[僑乕両],20,10060001,10060001,12010000,10060001,0,0,0,0,0,0,0,0,0,0,0,6050,0,0,嵟戝Lv1,
5191,85301910,仩SK-[僑乕両],20,10040001,10040001,12010000,10040001,0,0,0,0,0,0,0,0,0,0,0,6050,0,0,嵟戝Lv1,
5200,85302000,仭SK-[栠傟両],20,10060002,10060002,12010000,10060002,0,0,0,0,0,0,0,0,0,0,0,6051,0,0,嵟戝Lv1,
5201,85302010,仩SK-[栠傟両],20,10040002,10040002,12010000,10040002,0,0,0,0,0,0,0,0,0,0,0,6051,0,0,嵟戝Lv1,
5210,85302100,仭SK-[僐儞僶僀儞僼僅乕僗],20,10120001,10120001,12010000,10120001,0,0,0,0,0,0,0,0,0,0,0,978,0,0,嵟戝Lv3,
5211,85302110,仩SK-[僐儞僶僀儞僼僅乕僗],20,10090001,10090001,12010000,10090001,0,0,0,0,0,0,0,0,0,0,0,978,0,0,嵟戝Lv3,
5220,85302200,仭SK-[僼傽乕僗僩僄僀僪],20,10090003,10090003,12010000,10090003,0,0,0,0,0,0,0,0,0,0,0,2198,0,0,嵟戝Lv5,
5221,85302210,仩SK-[僼傽乕僗僩僄僀僪],20,10060001,10060001,12010000,10060001,0,0,0,0,0,0,0,0,0,0,0,2198,0,0,嵟戝Lv5,
5230,85302300,仭SK-[僶儗僢僩僽儘僂],20,10030002,10030002,12010000,10030002,0,0,0,0,0,0,0,0,0,0,0,2461,0,0,嵟戝Lv5,
5240,85302400,仭SK-[儖乕僉乕僽儘僂],20,10010001,10010001,12010000,10010001,0,0,0,0,0,0,0,0,0,0,0,2472,0,0,嵟戝Lv1,
5250,85302500,仭SK-[儖乕僉乕僶儗僢僩],20,10010001,10010001,12010000,10010001,0,0,0,0,0,0,0,0,0,0,0,2473,0,0,嵟戝Lv1,
5260,85302600,仭SK-[僽儘僂僨傿儗僀僉儍儞僙儖],20,10160001,10160001,12010000,10160001,0,0,0,0,0,0,0,0,0,0,0,2474,0,0,嵟戝Lv3,
5270,85302700,仭SK-[僗儔僢僔儏僨傿儗僀僉儍儞僙儖],20,10160001,10160001,12010000,10160001,0,0,0,0,0,0,0,0,0,0,0,2475,0,0,嵟戝Lv3,
5280,85302800,仭SK-[僗僥傿儞僌僨傿儗僀僉儍儞僙儖],20,10160001,10160001,12010000,10160001,0,0,0,0,0,0,0,0,0,0,0,2476,0,0,嵟戝Lv3,
5290,85302900,仭SK-[僶儗僢僩僨傿儗僀僉儍儞僙儖],20,10160001,10160001,12010000,10160001,0,0,0,0,0,0,0,0,0,0,0,2477,0,0,嵟戝Lv3,
5300,85303000,仭SK-[僕儍僀傾儞僩僉儕儞僌],20,10020002,10020002,12010000,10020002,0,0,0,0,0,0,0,0,0,0,0,1116,0,0,嵟戝Lv10,
5301,85303010,仩SK-[僕儍僀傾儞僩僉儕儞僌],20,10010001,10010001,12010000,10010001,0,0,0,0,0,0,0,0,0,0,0,1116,0,0,嵟戝Lv10,
6000,85400000,仭SK-[嫃崌偄],21,10030001,10030001,12010000,10030001,0,0,0,0,0,0,0,0,0,0,0,2115,0,0,嵟戝Lv5,
6001,85400010,仩SK-[嫃崌偄],21,10020001,10020001,12010000,10020001,0,0,0,0,0,0,0,0,0,0,0,2115,0,0,嵟戝Lv5,
6010,85400100,仭SK-[嫃崌偄2抜],21,10040017,10040017,12010000,10040017,0,0,0,0,0,0,0,0,0,0,0,2201,0,0,嵟戝Lv5,
6011,85400110,仩SK-[嫃崌偄2抜],21,10030006,10030006,12010000,10030006,0,0,0,0,0,0,0,0,0,0,0,2201,0,0,嵟戝Lv5,
6020,85400200,仭SK-[嫃崌偄3抜],21,10090005,10090005,12010000,10090005,0,0,0,0,0,0,0,0,0,0,0,2202,0,0,嵟戝Lv5,
6021,85400210,仩SK-[嫃崌偄3抜],21,10060003,10060003,12010000,10060003,0,0,0,0,0,0,0,0,0,0,0,2202,0,0,嵟戝Lv5,
6030,85400300,仭SK-[慁晽寱],21,10250001,10250001,12010000,10250001,0,0,0,0,0,0,0,0,0,0,0,2116,0,0,嵟戝Lv5,
6031,85400310,仩SK-[慁晽寱],21,10200001,10200001,12010000,10200001,0,0,0,0,0,0,0,0,0,0,0,2116,0,0,嵟戝Lv5,
6040,85400400,仭SK-[嶦奅],21,10300001,10300001,12010000,10300001,0,0,0,0,0,0,0,0,0,0,0,2238,0,0,嵟戝Lv5,
6041,85400410,仩SK-[嶦奅],21,10250001,10250001,12010000,10250001,0,0,0,0,0,0,0,0,0,0,0,2238,0,0,嵟戝Lv5,
6050,85400500,仭SK-[昐婼歀],21,10360004,10360004,12010000,10360004,0,0,0,0,0,0,0,0,0,0,0,2235,0,0,嵟戝Lv5,
6051,85400510,仩SK-[昐婼歀],21,10300004,10300004,12010000,10300004,0,0,0,0,0,0,0,0,0,0,0,2235,0,0,嵟戝Lv5,
6060,85400600,仭SK-[僽儔僼],21,10160002,10160002,12010000,10160002,0,0,0,0,0,0,0,0,0,0,0,2269,0,0,嵟戝Lv5,
6061,85400610,仩SK-[僽儔僼],21,10120002,10120002,12010000,10120002,0,0,0,0,0,0,0,0,0,0,0,2269,0,0,嵟戝Lv5,
6070,85400700,仭SK-[傾僕僥僀僩],21,10160003,10160003,12010000,10160003,0,0,0,0,0,0,0,0,0,0,0,2268,0,0,嵟戝Lv5,
6071,85400710,仩SK-[傾僕僥僀僩],21,10120003,10120003,12010000,10120003,0,0,0,0,0,0,0,0,0,0,0,2268,0,0,嵟戝Lv5,
6080,85400800,仭SK-[堦慚],21,10160004,10160004,12010000,10160004,0,0,0,0,0,0,0,0,0,0,0,2400,0,0,嵟戝Lv3,
6081,85400810,仩SK-[堦慚],21,10120004,10120004,12010000,10120004,0,0,0,0,0,0,0,0,0,0,0,2400,0,0,嵟戝Lv3,
6090,85400900,仭SK-[巃寕柍憃],21,10250002,10250002,12010000,10250002,0,0,0,0,0,0,0,0,0,0,0,2401,0,0,嵟戝Lv5,
6091,85400910,仩SK-[巃寕柍憃],21,10200002,10200002,12010000,10200002,0,0,0,0,0,0,0,0,0,0,0,2401,0,0,嵟戝Lv5,
6100,85401000,仭SK-[僨傿儈僜儕乕僗僺傾],21,10120002,10120002,12010000,10120002,0,0,0,0,0,0,0,0,0,0,0,2245,0,0,嵟戝Lv5,
6101,85401010,仩SK-[僨傿儈僜儕乕僗僺傾],21,10090002,10090002,12010000,10090002,0,0,0,0,0,0,0,0,0,0,0,2245,0,0,嵟戝Lv5,
6110,85401100,仭SK-[僨傿僶僀儞僗僺傾],21,10160004,10160004,12010000,10160004,0,0,0,0,0,0,0,0,0,0,0,2247,0,0,嵟戝Lv5,
6111,85401110,仩SK-[僨傿僶僀儞僗僺傾],21,10120004,10120004,12010000,10120004,0,0,0,0,0,0,0,0,0,0,0,2247,0,0,嵟戝Lv5,
6120,85401200,仭SK-[僗僺傾僒僀僋儘儞],21,10300002,10300002,12010000,10300002,0,0,0,0,0,0,0,0,0,0,0,2381,0,0,嵟戝Lv5,
6121,85401210,仩SK-[僗僺傾僒僀僋儘儞],21,10250002,10250002,12010000,10250002,0,0,0,0,0,0,0,0,0,0,0,2381,0,0,嵟戝Lv5,
6130,85401300,仭SK-[儂乕儕乕僽儗僀僪],21,10090001,10090001,12010000,10090001,0,0,0,0,0,0,0,0,0,0,0,2228,0,0,嵟戝Lv5,
6131,85401310,仩SK-[儂乕儕乕僽儗僀僪],21,10060001,10060001,12010000,10060001,0,0,0,0,0,0,0,0,0,0,0,2228,0,0,嵟戝Lv5,
6140,85401400,仭SK-[儔僀僼僗僥傿乕儖],21,10160005,10160005,12010000,10160005,0,0,0,0,0,0,0,0,0,0,0,2356,0,0,嵟戝Lv5,
6141,85401410,仩SK-[儔僀僼僗僥傿乕儖],21,10120005,10120005,12010000,10120005,0,0,0,0,0,0,0,0,0,0,0,2356,0,0,嵟戝Lv5,
6150,85401500,仭SK-[僽儔僢僨傿僂僄億儞],21,10120002,10120002,12010000,10120002,0,0,0,0,0,0,0,0,0,0,0,2358,0,0,嵟戝Lv3,
6151,85401510,仩SK-[僽儔僢僨傿僂僄億儞],21,10090002,10090002,12010000,10090002,0,0,0,0,0,0,0,0,0,0,0,2358,0,0,嵟戝Lv3,
6160,85401600,仭SK-[僾儔僀僗僆僽儁僀儞],21,10160005,10160005,12010000,10160005,0,0,0,0,0,0,0,0,0,0,0,979,0,0,嵟戝Lv1,
6161,85401610,仩SK-[僾儔僀僗僆僽儁僀儞],21,10120005,10120005,12010000,10120005,0,0,0,0,0,0,0,0,0,0,0,979,0,0,嵟戝Lv1,
6170,85401700,仭SK-[僟乕僋僱僗僆僽僫僀僩],21,10160001,10160001,12010000,10160001,0,0,0,0,0,0,0,0,0,0,0,2406,0,0,嵟戝Lv5,
6171,85401710,仩SK-[僟乕僋僱僗僆僽僫僀僩],21,10120001,10120001,12010000,10120001,0,0,0,0,0,0,0,0,0,0,0,2406,0,0,嵟戝Lv5,
6180,85401800,仭SK-[僴僀僨傿儞僌],21,10030002,10030002,12010000,10030002,0,0,0,0,0,0,0,0,0,0,0,2042,0,0,嵟戝Lv3,
6181,85401810,仩SK-[僴僀僨傿儞僌],21,10020002,10020002,12010000,10020002,0,0,0,0,0,0,0,0,0,0,0,2042,0,0,嵟戝Lv3,
6190,85401900,仭SK-[媫強峌寕],21,10040006,10040006,12010000,10040006,0,0,0,0,0,0,0,0,0,0,0,2126,0,0,嵟戝Lv5,
6191,85401910,仩SK-[媫強峌寕],21,10030006,10030006,12010000,10030006,0,0,0,0,0,0,0,0,0,0,0,2126,0,0,嵟戝Lv5,
6200,85402000,仭SK-[僒儅乕僜儖僩僉僢僋],21,10090003,10090003,12010000,10090003,0,0,0,0,0,0,0,0,0,0,0,2143,0,0,嵟戝Lv5,
6201,85402010,仩SK-[僒儅乕僜儖僩僉僢僋],21,10060003,10060003,12010000,10060003,0,0,0,0,0,0,0,0,0,0,0,2143,0,0,嵟戝Lv5,
6210,85402100,仭SK-[楢懕撍偒],21,10160001,10160001,12010000,10160001,0,0,0,0,0,0,0,0,0,0,0,2139,0,0,嵟戝Lv5,
6211,85402110,仩SK-[楢懕撍偒],21,10120001,10120001,12010000,10120001,0,0,0,0,0,0,0,0,0,0,0,2139,0,0,嵟戝Lv5,
6220,85402200,仭SK-[僋儕僥傿僇儖],21,10030001,10030001,12010000,10030001,0,0,0,0,0,0,0,0,0,0,0,2001,0,0,嵟戝Lv5,
6221,85402210,仩SK-[僋儕僥傿僇儖],21,10020001,10020001,12010000,10020001,0,0,0,0,0,0,0,0,0,0,0,2001,0,0,嵟戝Lv5,
6230,85402300,仭SK-[僽儔儞僨傿僢僔儏],21,10040018,10040018,12010000,10040018,0,0,0,0,0,0,0,0,0,0,0,2119,0,0,嵟戝Lv5,
6231,85402310,仩SK-[僽儔儞僨傿僢僔儏],21,10030004,10030004,12010000,10030004,0,0,0,0,0,0,0,0,0,0,0,2119,0,0,嵟戝Lv5,
6240,85402400,仭SK-[僋儘乕僉儞僌],21,10160002,10160002,12010000,10160002,0,0,0,0,0,0,0,0,0,0,0,2043,0,0,嵟戝Lv3,
6241,85402410,仩SK-[僋儘乕僉儞僌],21,10120002,10120002,12010000,10120002,0,0,0,0,0,0,0,0,0,0,0,2043,0,0,嵟戝Lv3,
6250,85402500,仭SK-[婏廝],21,10250003,10250003,12010000,10250003,0,0,0,0,0,0,0,0,0,0,0,2384,0,0,嵟戝Lv5,
6251,85402510,仩SK-[婏廝],21,10200003,10200003,12010000,10200003,0,0,0,0,0,0,0,0,0,0,0,2384,0,0,嵟戝Lv5,
6260,85402600,仭SK-[僼儔僢僔儏僌儗僱乕僪],21,10120002,10120002,12010000,10120002,0,0,0,0,0,0,0,0,0,0,0,2282,0,0,嵟戝Lv3,
6261,85402610,仩SK-[僼儔僢僔儏僌儗僱乕僪],21,10090002,10090002,12010000,10090002,0,0,0,0,0,0,0,0,0,0,0,2282,0,0,嵟戝Lv3,
6270,85402700,仭SK-[僨僢僪儕乕傾僞僢僋],21,10160003,10160003,12010000,10160003,0,0,0,0,0,0,0,0,0,0,0,2413,0,0,嵟戝Lv3,
6271,85402710,仩SK-[僨僢僪儕乕傾僞僢僋],21,10120003,10120003,12010000,10120003,0,0,0,0,0,0,0,0,0,0,0,2413,0,0,嵟戝Lv3,
6280,85402800,仭SK-[僠儑乕僉儞僌僈僗],21,10120003,10120003,12010000,10120003,0,0,0,0,0,0,0,0,0,0,0,3131,0,0,嵟戝Lv5,
6281,85402810,仩SK-[僠儑乕僉儞僌僈僗],21,10090003,10090003,12010000,10090003,0,0,0,0,0,0,0,0,0,0,0,3131,0,0,嵟戝Lv5,
6290,85402900,仭SK-[搳澅晲婍嶌惉],21,10040003,10040003,12010000,10040003,0,0,0,0,0,0,0,0,0,0,0,2035,0,0,嵟戝Lv5,
6291,85402910,仩SK-[搳澅晲婍嶌惉],21,10030003,10030003,12010000,10030003,0,0,0,0,0,0,0,0,0,0,0,2035,0,0,嵟戝Lv5,
6300,85403000,仭SK-[僠儍乕僕傾儘乕],21,10060001,10060001,12010000,10060001,0,0,0,0,0,0,0,0,0,0,0,2129,0,0,嵟戝Lv5,
6301,85403010,仩SK-[僠儍乕僕傾儘乕],21,10040001,10040001,12010000,10040001,0,0,0,0,0,0,0,0,0,0,0,2129,0,0,嵟戝Lv5,
6310,85403100,仭SK-[墦嫍棧愴弍],21,10060002,10060002,12010000,10060002,0,0,0,0,0,0,0,0,0,0,0,114,0,0,嵟戝Lv5,
6311,85403110,仩SK-[墦嫍棧愴弍],21,10040002,10040002,12010000,10040002,0,0,0,0,0,0,0,0,0,0,0,114,0,0,嵟戝Lv5,
6320,85403200,仭SK-[僨儏傾儖傾儘乕],21,10060003,10060003,12010000,10060003,0,0,0,0,0,0,0,0,0,0,0,2128,0,0,嵟戝Lv5,
6321,85403210,仩SK-[僨儏傾儖傾儘乕],21,10040003,10040003,12010000,10040003,0,0,0,0,0,0,0,0,0,0,0,2128,0,0,嵟戝Lv5,
6330,85403300,仭SK-[柤幩庤偺峔偊],21,10160004,10160004,12010000,10160004,0,0,0,0,0,0,0,0,0,0,0,951,0,0,嵟戝Lv3,
6331,85403310,仩SK-[柤幩庤偺峔偊],21,10120004,10120004,12010000,10120004,0,0,0,0,0,0,0,0,0,0,0,951,0,0,嵟戝Lv3,
6340,85403400,仭SK-[僶儔乕僕傾儘乕],21,10120003,10120003,12010000,10120003,0,0,0,0,0,0,0,0,0,0,0,2148,0,0,嵟戝Lv5,
6341,85403410,仩SK-[僶儔乕僕傾儘乕],21,10090003,10090003,12010000,10090003,0,0,0,0,0,0,0,0,0,0,0,2148,0,0,嵟戝Lv5,
6350,85403500,仭SK-[僽儔僗僩傾儘乕],21,10160005,10160005,12010000,10160005,0,0,0,0,0,0,0,0,0,0,0,2266,0,0,嵟戝Lv5,
6351,85403510,仩SK-[僽儔僗僩傾儘乕],21,10120005,10120005,12010000,10120005,0,0,0,0,0,0,0,0,0,0,0,2266,0,0,嵟戝Lv5,
6360,85403600,仭SK-[傾乕儉僽儗僀僋],21,10160001,10160001,12010000,10160001,0,0,0,0,0,0,0,0,0,0,0,2385,0,0,嵟戝Lv5,
6361,85403610,仩SK-[傾乕儉僽儗僀僋],21,10120001,10120001,12010000,10120001,0,0,0,0,0,0,0,0,0,0,0,2385,0,0,嵟戝Lv5,
6370,85403700,仭SK-[僶儔乕僕僔儑僢僩],21,10160002,10160002,12010000,10160002,0,0,0,0,0,0,0,0,0,0,0,2286,0,0,嵟戝Lv5,
6371,85403710,仩SK-[僶儔乕僕僔儑僢僩],21,10120002,10120002,12010000,10120002,0,0,0,0,0,0,0,0,0,0,0,2286,0,0,嵟戝Lv5,
6380,85403800,仭SK-[僠儍乕僕僔儑僢僩],21,10160003,10160003,12010000,10160003,0,0,0,0,0,0,0,0,0,0,0,2287,0,0,嵟戝Lv5,
6381,85403810,仩SK-[僠儍乕僕僔儑僢僩],21,10120003,10120003,12010000,10120003,0,0,0,0,0,0,0,0,0,0,0,2287,0,0,嵟戝Lv5,
6390,85403900,仭SK-[僶儗僢僩僟儞僗],21,10200001,10200001,12010000,10200001,0,0,0,0,0,0,0,0,0,0,0,2363,0,0,嵟戝Lv5,
6391,85403910,仩SK-[僶儗僢僩僟儞僗],21,10160001,10160001,12010000,10160001,0,0,0,0,0,0,0,0,0,0,0,2363,0,0,嵟戝Lv5,
6400,85404000,仭SK-[嶶抏],21,10160004,10160004,12010000,10160004,0,0,0,0,0,0,0,0,0,0,0,2421,0,0,嵟戝Lv5,
6401,85404010,仩SK-[嶶抏],21,10120004,10120004,12010000,10120004,0,0,0,0,0,0,0,0,0,0,0,2421,0,0,嵟戝Lv5,
6410,85404100,仭SK-[僠儍乕僕僗僩儔僀僋],21,10030003,10030003,12010000,10030003,0,0,0,0,0,0,0,0,0,0,0,2121,0,0,嵟戝Lv5,
6411,85404110,仩SK-[僠儍乕僕僗僩儔僀僋],21,10020001,10020001,12010000,10020001,0,0,0,0,0,0,0,0,0,0,0,2121,0,0,嵟戝Lv5,
6420,85404200,仭SK-[僋儘僗僋儗僗僩],21,10300005,10300005,12010000,10300005,0,0,0,0,0,0,0,0,0,0,0,2419,0,0,嵟戝Lv5,
6421,85404210,仩SK-[僋儘僗僋儗僗僩],21,10250005,10250005,12010000,10250005,0,0,0,0,0,0,0,0,0,0,0,2419,0,0,嵟戝Lv5,
6430,85404300,仭SK-[惛枾幩寕],21,10090005,10090005,12010000,10090005,0,0,0,0,0,0,0,0,0,0,0,2420,0,0,嵟戝Lv3,
6431,85404310,仩SK-[惛枾幩寕],21,10060004,10060004,12010000,10060004,0,0,0,0,0,0,0,0,0,0,0,2420,0,0,嵟戝Lv3,
6440,85404400,仭SK-[僜儕僢僪儃僨傿],21,10060001,10060001,12010000,10060001,0,0,0,0,0,0,0,0,0,0,0,2353,0,0,嵟戝Lv5,
6441,85404410,仩SK-[僜儕僢僪儃僨傿],21,10040018,10040018,12010000,10040018,0,0,0,0,0,0,0,0,0,0,0,2353,0,0,嵟戝Lv5,
7000,85500000,仭SK-[僄僫僕乕儃儖僩],22,10040007,10040007,12010000,10040007,0,0,0,0,0,0,0,0,0,0,0,3001,0,0,嵟戝Lv5,
7001,85500010,仩SK-[僄僫僕乕儃儖僩],22,10030005,10030005,12010000,10030005,0,0,0,0,0,0,0,0,0,0,0,3001,0,0,嵟戝Lv5,
7010,85500100,仭SK-[僨僐僀],22,10040008,10040008,12010000,10040008,0,0,0,0,0,0,0,0,0,0,0,3005,0,0,嵟戝Lv5,
7011,85500110,仩SK-[僨僐僀],22,10030004,10030004,12010000,10030004,0,0,0,0,0,0,0,0,0,0,0,3005,0,0,嵟戝Lv5,
7020,85500200,仭SK-[僄僫僕乕僔儑僢僋],22,10060004,10060004,12010000,10060004,0,0,0,0,0,0,0,0,0,0,0,3123,0,0,嵟戝Lv5,
7021,85500210,仩SK-[僄僫僕乕僔儑僢僋],22,10040004,10040004,12010000,10040004,0,0,0,0,0,0,0,0,0,0,0,3123,0,0,嵟戝Lv5,
7030,85500300,仭SK-[僟儞僔儞僌僜乕僪],22,10060001,10060001,12010000,10060001,0,0,0,0,0,0,0,0,0,0,0,3125,0,0,嵟戝Lv3,
7031,85500310,仩SK-[僟儞僔儞僌僜乕僪],22,10040001,10040001,12010000,10040001,0,0,0,0,0,0,0,0,0,0,0,3125,0,0,嵟戝Lv3,
7040,85500400,仭SK-[僄僫僕乕僽儔僗僩],22,10060001,10060001,12010000,10060001,0,0,0,0,0,0,0,0,0,0,0,3127,0,0,嵟戝Lv5,
7041,85500410,仩SK-[僄僫僕乕僽儔僗僩],22,10040001,10040001,12010000,10040001,0,0,0,0,0,0,0,0,0,0,0,3127,0,0,嵟戝Lv5,
7050,85500500,仭SK-[僜儕僢僪僆乕儔],22,10160005,10160005,12010000,10160005,0,0,0,0,0,0,0,0,0,0,0,3254,0,0,嵟戝Lv5,
7051,85500510,仩SK-[僜儕僢僪僆乕儔],22,10120005,10120005,12010000,10120005,0,0,0,0,0,0,0,0,0,0,0,3254,0,0,嵟戝Lv5,
7060,85500600,仭SK-[僨傿僶僀儞僶儕傾],22,10200002,10200002,12010000,10200002,0,0,0,0,0,0,0,0,0,0,0,3300,0,0,嵟戝Lv5,
7061,85500610,仩SK-[僨傿僶僀儞僶儕傾],22,10160002,10160002,12010000,10160002,0,0,0,0,0,0,0,0,0,0,0,3300,0,0,嵟戝Lv5,
7070,85500700,仭SK-[僄僫僕乕僶儕傾],22,10090002,10090002,12010000,10090002,0,0,0,0,0,0,0,0,0,0,0,3275,0,0,嵟戝Lv5,
7071,85500710,仩SK-[僄僫僕乕僶儕傾],22,10060002,10060002,12010000,10060002,0,0,0,0,0,0,0,0,0,0,0,3275,0,0,嵟戝Lv5,
7080,85500800,仭SK-[儅僕僢僋僶儕傾],22,10120004,10120004,12010000,10120004,0,0,0,0,0,0,0,0,0,0,0,3276,0,0,嵟戝Lv5,
7081,85500810,仩SK-[儅僕僢僋僶儕傾],22,10090004,10090004,12010000,10090004,0,0,0,0,0,0,0,0,0,0,0,3276,0,0,嵟戝Lv5,
7090,85500900,仭SK-[儗僀價儞僌僜乕僪],22,10300001,10300001,12010000,10300001,0,0,0,0,0,0,0,0,0,0,0,3126,0,0,嵟戝Lv3,
7091,85500910,仩SK-[儗僀價儞僌僜乕僪],22,10250001,10250001,12010000,10250001,0,0,0,0,0,0,0,0,0,0,0,3126,0,0,嵟戝Lv3,
7100,85501000,仭SK-[儕價儞僌僗僞僢僼],22,10120004,10120004,12010000,10120004,0,0,0,0,0,0,0,0,0,0,0,2295,0,0,嵟戝Lv5,
7101,85501010,仩SK-[儕價儞僌僗僞僢僼],22,10090004,10090004,12010000,10090004,0,0,0,0,0,0,0,0,0,0,0,2295,0,0,嵟戝Lv5,
7110,85501100,仭SK-[儕僼儗僋僔儑儞],22,10160001,10160001,12010000,10160001,0,0,0,0,0,0,0,0,0,0,0,3313,0,0,嵟戝Lv1,
7111,85501110,仩SK-[儕僼儗僋僔儑儞],22,10120001,10120001,12010000,10120001,0,0,0,0,0,0,0,0,0,0,0,3313,0,0,嵟戝Lv1,
7120,85501200,仭SK-[僪僢儁儖僎儞僈乕],22,10300003,10300003,12010000,10300003,0,0,0,0,0,0,0,0,0,0,0,3314,0,0,嵟戝Lv3,
7121,85501210,仩SK-[僪僢儁儖僎儞僈乕],22,10250003,10250003,12010000,10250003,0,0,0,0,0,0,0,0,0,0,0,3314,0,0,嵟戝Lv3,
7130,85501300,仭SK-[儖儈僫儕傿僲償傽],22,10200003,10200003,12010000,10200003,0,0,0,0,0,0,0,0,0,0,0,3312,0,0,嵟戝Lv5,
7131,85501310,仩SK-[儖儈僫儕傿僲償傽],22,10160003,10160003,12010000,10160003,0,0,0,0,0,0,0,0,0,0,0,3312,0,0,嵟戝Lv5,
7140,85501400,仭SK-[儔僗僩僀儞僋僄僗僩],22,10300002,10300002,12010000,10300002,0,0,0,0,0,0,0,0,0,0,0,3315,0,0,嵟戝Lv5,
7141,85501410,仩SK-[儔僗僩僀儞僋僄僗僩],22,10250002,10250002,12010000,10250002,0,0,0,0,0,0,0,0,0,0,0,3315,0,0,嵟戝Lv5,
7150,85501500,仭SK-[僼傽僀傾儃乕儖],22,10040009,10040009,12010000,10040009,0,0,0,0,0,0,0,0,0,0,0,3006,0,0,嵟戝Lv5,
7151,85501510,仩SK-[僼傽僀傾儃乕儖],22,10030003,10030003,12010000,10030003,0,0,0,0,0,0,0,0,0,0,0,3006,0,0,嵟戝Lv5,
7160,85501600,仭SK-[傾僀僗傾儘乕],22,10040010,10040010,12010000,10040010,0,0,0,0,0,0,0,0,0,0,0,3029,0,0,嵟戝Lv5,
7161,85501610,仩SK-[傾僀僗傾儘乕],22,10030004,10030004,12010000,10030004,0,0,0,0,0,0,0,0,0,0,0,3029,0,0,嵟戝Lv5,
7170,85501700,仭SK-[儔儞僪僋儔僢僌],22,10040011,10040011,12010000,10040011,0,0,0,0,0,0,0,0,0,0,0,3041,0,0,嵟戝Lv5,
7171,85501710,仩SK-[儔儞僪僋儔僢僌],22,10030005,10030005,12010000,10030005,0,0,0,0,0,0,0,0,0,0,0,3041,0,0,嵟戝Lv5,
7180,85501800,仭SK-[僒儞僟乕儃儖僩],22,10040012,10040012,12010000,10040012,0,0,0,0,0,0,0,0,0,0,0,3017,0,0,嵟戝Lv5,
7181,85501810,仩SK-[僒儞僟乕儃儖僩],22,10030006,10030006,12010000,10030006,0,0,0,0,0,0,0,0,0,0,0,3017,0,0,嵟戝Lv5,
7190,85501900,仭SK-[僼傽僀傾僂僅乕儖],22,10040013,10040013,12010000,10040013,0,0,0,0,0,0,0,0,0,0,0,3011,0,0,嵟戝Lv5,
7191,85501910,仩SK-[僼傽僀傾僂僅乕儖],22,10030003,10030003,12010000,10030003,0,0,0,0,0,0,0,0,0,0,0,3011,0,0,嵟戝Lv5,
7200,85502000,仭SK-[僼傽僀傾僽儔僗僩],22,10160002,10160002,12010000,10160002,0,0,0,0,0,0,0,0,0,0,0,3009,0,0,嵟戝Lv5,
7201,85502010,仩SK-[僼傽僀傾僽儔僗僩],22,10120002,10120002,12010000,10120002,0,0,0,0,0,0,0,0,0,0,0,3009,0,0,嵟戝Lv5,
7210,85502100,仭SK-[傾僋傾僽儔僗僩],22,10160003,10160003,12010000,10160003,0,0,0,0,0,0,0,0,0,0,0,3032,0,0,嵟戝Lv5,
7211,85502110,仩SK-[傾僋傾僽儔僗僩],22,10120003,10120003,12010000,10120003,0,0,0,0,0,0,0,0,0,0,0,3032,0,0,嵟戝Lv5,
7220,85502200,仭SK-[僋儔僢僌僽儔僗僩],22,10160004,10160004,12010000,10160004,0,0,0,0,0,0,0,0,0,0,0,3044,0,0,嵟戝Lv5,
7221,85502210,仩SK-[僋儔僢僌僽儔僗僩],22,10120004,10120004,12010000,10120004,0,0,0,0,0,0,0,0,0,0,0,3044,0,0,嵟戝Lv5,
7230,85502300,仭SK-[儔僀僩僯儞僌僽儔僗僩],22,10160005,10160005,12010000,10160005,0,0,0,0,0,0,0,0,0,0,0,3020,0,0,嵟戝Lv5,
7231,85502310,仩SK-[儔僀僩僯儞僌僽儔僗僩],22,10120005,10120005,12010000,10120005,0,0,0,0,0,0,0,0,0,0,0,3020,0,0,嵟戝Lv5,
7240,85502400,仭SK-[僛儞],22,10300004,10300004,12010000,10300004,0,0,0,0,0,0,0,0,0,0,0,3159,0,0,嵟戝Lv5,
7241,85502410,仩SK-[僛儞],22,10250004,10250004,12010000,10250004,0,0,0,0,0,0,0,0,0,0,0,3159,0,0,嵟戝Lv5,
7250,85502500,仭SK-[傾僀僔僋儖僥儞儁僗僩],22,10160001,10160001,12010000,10160001,0,0,0,0,0,0,0,0,0,0,0,3264,0,0,嵟戝Lv5,
7251,85502510,仩SK-[傾僀僔僋儖僥儞儁僗僩],22,10120001,10120001,12010000,10120001,0,0,0,0,0,0,0,0,0,0,0,3264,0,0,嵟戝Lv5,
7260,85502600,仭SK-[儔乕償傽僼儘僂],22,10300005,10300005,12010000,10300005,0,0,0,0,0,0,0,0,0,0,0,3265,0,0,嵟戝Lv5,
7261,85502610,仩SK-[儔乕償傽僼儘僂],22,10250005,10250005,12010000,10250005,0,0,0,0,0,0,0,0,0,0,0,3265,0,0,嵟戝Lv5,
7270,85502700,仭SK-[傾僋傾僂僃乕僽],22,10120005,10120005,12010000,10120005,0,0,0,0,0,0,0,0,0,0,0,3301,0,0,嵟戝Lv3,
7271,85502710,仩SK-[傾僋傾僂僃乕僽],22,10090005,10090005,12010000,10090005,0,0,0,0,0,0,0,0,0,0,0,3301,0,0,嵟戝Lv3,
7280,85502800,仭SK-[僌儔償傿僥傿僼僅乕儖],22,10300006,10300006,12010000,10300006,0,0,0,0,0,0,0,0,0,0,0,3318,0,0,嵟戝Lv5,
7281,85502810,仩SK-[僌儔償傿僥傿僼僅乕儖],22,10250004,10250004,12010000,10250004,0,0,0,0,0,0,0,0,0,0,0,3318,0,0,嵟戝Lv5,
7290,85502900,仭SK-[傾僔僢僪儈僗僩],22,10090003,10090003,12010000,10090003,0,0,0,0,0,0,0,0,0,0,0,3052,0,0,嵟戝Lv5,
7291,85502910,仩SK-[傾僔僢僪儈僗僩],22,10060003,10060003,12010000,10060003,0,0,0,0,0,0,0,0,0,0,0,3052,0,0,嵟戝Lv5,
7300,85503000,仭SK-[僄儗儊儞僞儖儔乕僗],22,10160002,10160002,12010000,10160002,0,0,0,0,0,0,0,0,0,0,0,3319,0,0,嵟戝Lv5,
7301,85503010,仩SK-[僄儗儊儞僞儖儔乕僗],22,10120002,10120002,12010000,10120002,0,0,0,0,0,0,0,0,0,0,0,3319,0,0,嵟戝Lv5,
7310,85503100,仭SK-[僸乕儕儞僌],22,10090004,10090004,12010000,10090004,0,0,0,0,0,0,0,0,0,0,0,3054,0,0,嵟戝Lv5,
7311,85503110,仩SK-[僸乕儕儞僌],22,10060004,10060004,12010000,10060004,0,0,0,0,0,0,0,0,0,0,0,3054,0,0,嵟戝Lv5,
7320,85503200,仭SK-[儂乕儕乕儔僀僩],22,10040014,10040014,12010000,10040014,0,0,0,0,0,0,0,0,0,0,0,3073,0,0,嵟戝Lv5,
7321,85503210,仩SK-[儂乕儕乕儔僀僩],22,10030004,10030004,12010000,10030004,0,0,0,0,0,0,0,0,0,0,0,3073,0,0,嵟戝Lv5,
7330,85503300,仭SK-[傾儗僗],22,10360001,10360001,12010000,10360001,0,0,0,0,0,0,0,0,0,0,0,3146,0,0,嵟戝Lv10,
7331,85503310,仩SK-[傾儗僗],22,10300001,10300001,12010000,10300001,0,0,0,0,0,0,0,0,0,0,0,3146,0,0,嵟戝Lv10,
7340,85503400,仭SK-[儂乕儕乕僼僃僓乕],22,10420001,10420001,12010000,10420001,0,0,0,0,0,0,0,0,0,0,0,3056,0,0,嵟戝Lv5,
7341,85503410,仩SK-[儂乕儕乕僼僃僓乕],22,10360001,10360001,12010000,10360001,0,0,0,0,0,0,0,0,0,0,0,3056,0,0,嵟戝Lv5,
7350,85503500,仭SK-[晻報],22,10090004,10090004,12010000,10090004,0,0,0,0,0,0,0,0,0,0,0,3118,0,0,嵟戝Lv3,
7351,85503510,仩SK-[晻報],22,10060004,10060004,12010000,10060004,0,0,0,0,0,0,0,0,0,0,0,3118,0,0,嵟戝Lv3,
7360,85503600,仭SK-[晻杺],22,10120001,10120001,12010000,10120001,0,0,0,0,0,0,0,0,0,0,0,3119,0,0,嵟戝Lv3,
7361,85503610,仩SK-[晻杺],22,10090001,10090001,12010000,10090001,0,0,0,0,0,0,0,0,0,0,0,3119,0,0,嵟戝Lv3,
7370,85503700,仭SK-[僾儔乕僫],22,10160003,10160003,12010000,10160003,0,0,0,0,0,0,0,0,0,0,0,3307,0,0,嵟戝Lv5,
7371,85503710,仩SK-[僾儔乕僫],22,10120003,10120003,12010000,10120003,0,0,0,0,0,0,0,0,0,0,0,3307,0,0,嵟戝Lv5,
7380,85503800,仭SK-[僽儔僢僋僂傿僪僂],22,10030003,10030003,12010000,10030003,0,0,0,0,0,0,0,0,0,0,0,3083,0,0,嵟戝Lv5,
7381,85503810,仩SK-[僽儔僢僋僂傿僪僂],22,10020001,10020001,12010000,10020001,0,0,0,0,0,0,0,0,0,0,0,3083,0,0,嵟戝Lv5,
7390,85503900,仭SK-[僇僆僗僂傿僪僂],22,10060001,10060001,12010000,10060001,0,0,0,0,0,0,0,0,0,0,0,3134,0,0,嵟戝Lv5,
7391,85503910,仩SK-[僇僆僗僂傿僪僂],22,10040001,10040001,12010000,10040001,0,0,0,0,0,0,0,0,0,0,0,3134,0,0,嵟戝Lv5,
7400,85504000,仭SK-[僔儍僪僂僽儔僗僩],22,10160002,10160002,12010000,10160002,0,0,0,0,0,0,0,0,0,0,0,3085,0,0,嵟戝Lv5,
7401,85504010,仩SK-[僔儍僪僂僽儔僗僩],22,10120002,10120002,12010000,10120002,0,0,0,0,0,0,0,0,0,0,0,3085,0,0,嵟戝Lv5,
7410,85504100,仭SK-[僜僂儖僗僥傿乕儖],22,10120005,10120005,12010000,10120005,0,0,0,0,0,0,0,0,0,0,0,2230,0,0,嵟戝Lv5,
7411,85504110,仩SK-[僜僂儖僗僥傿乕儖],22,10090005,10090005,12010000,10090005,0,0,0,0,0,0,0,0,0,0,0,2230,0,0,嵟戝Lv5,
7420,85504200,仭SK-[僌儕儉儕乕僷乕],22,10120001,10120001,12010000,10120001,0,0,0,0,0,0,0,0,0,0,0,2229,0,0,嵟戝Lv5,
7421,85504210,仩SK-[僌儕儉儕乕僷乕],22,10090001,10090001,12010000,10090001,0,0,0,0,0,0,0,0,0,0,0,2229,0,0,嵟戝Lv5,
7430,85504300,仭SK-[傾僽儗僀僔儑儞],22,10160003,10160003,12010000,10160003,0,0,0,0,0,0,0,0,0,0,0,3309,0,0,嵟戝Lv5,
7431,85504310,仩SK-[傾僽儗僀僔儑儞],22,10120003,10120003,12010000,10120003,0,0,0,0,0,0,0,0,0,0,0,3309,0,0,嵟戝Lv5,
7440,85504400,仭SK-[僟乕僋僽儗僀僘],22,10300001,10300001,12010000,10300001,0,0,0,0,0,0,0,0,0,0,0,3310,0,0,嵟戝Lv3,
7441,85504410,仩SK-[僟乕僋僽儗僀僘],22,10250001,10250001,12010000,10250001,0,0,0,0,0,0,0,0,0,0,0,3310,0,0,嵟戝Lv3,
7450,85504500,仭SK-[僸儞僟乕僴儞僪],22,10120002,10120002,12010000,10120002,0,0,0,0,0,0,0,0,0,0,0,3274,0,0,嵟戝Lv5,
7451,85504510,仩SK-[僸儞僟乕僴儞僪],22,10090002,10090002,12010000,10090002,0,0,0,0,0,0,0,0,0,0,0,3274,0,0,嵟戝Lv5,
7460,85504600,仭SK-[儔僀僼僥僀僋],22,10160004,10160004,12010000,10160004,0,0,0,0,0,0,0,0,0,0,0,2318,0,0,嵟戝Lv5,
7461,85504610,仩SK-[儔僀僼僥僀僋],22,10120004,10120004,12010000,10120004,0,0,0,0,0,0,0,0,0,0,0,2318,0,0,嵟戝Lv5,
7470,85504700,仭SK-[僜僂儖僶乕儞],22,10120003,10120003,12010000,10120003,0,0,0,0,0,0,0,0,0,0,0,2316,0,0,嵟戝Lv5,
7471,85504710,仩SK-[僜僂儖僶乕儞],22,10090003,10090003,12010000,10090003,0,0,0,0,0,0,0,0,0,0,0,2316,0,0,嵟戝Lv5,
7480,85504800,仭SK-[僗僺儕僢僩僶乕儞],22,10120004,10120004,12010000,10120004,0,0,0,0,0,0,0,0,0,0,0,2317,0,0,嵟戝Lv5,
7481,85504810,仩SK-[僗僺儕僢僩僶乕儞],22,10090004,10090004,12010000,10090004,0,0,0,0,0,0,0,0,0,0,0,2317,0,0,嵟戝Lv5,
7490,85504900,仭SK-[嵃敳偒],22,10120005,10120005,12010000,10120005,0,0,0,0,0,0,0,0,0,0,0,3122,0,0,嵟戝Lv5,
7491,85504910,仩SK-[嵃敳偒],22,10090005,10090005,12010000,10090005,0,0,0,0,0,0,0,0,0,0,0,3122,0,0,嵟戝Lv5,
7500,85505000,仭SK-[僇僆僗僎僀僩],22,10250005,10250005,12010000,10250005,0,0,0,0,0,0,0,0,0,0,0,3332,0,0,嵟戝Lv5,
7501,85505010,仩SK-[僇僆僗僎僀僩],22,10200005,10200005,12010000,10200005,0,0,0,0,0,0,0,0,0,0,0,3332,0,0,嵟戝Lv5,
7510,85505100,仭SK-[償傽儕傾僽儖僂僄億儞],22,10050005,10050005,12010000,10050005,0,0,0,0,0,0,0,0,0,0,0,3421,0,0,嵟戝Lv6,
7511,85505110,仩SK-[償傽儕傾僽儖僂僄億儞],22,10040008,10040008,12010000,10040008,0,0,0,0,0,0,0,0,0,0,0,3421,0,0,嵟戝Lv6,
7520,85505200,仭SK-[僜儕僢僪僐乕僥傿儞僌],22,10200006,10200006,12010000,10200006,100,0,0,0,0,0,0,0,0,0,0,3422,0,0,嵟戝Lv5,
7521,85505210,仩SK-[僜儕僢僪僐乕僥傿儞僌],22,10160006,10160006,12010000,10160006,1,0,0,0,0,0,0,0,0,0,0,3422,0,0,嵟戝Lv5,
7530,85505300,仭SK-[僼傽僀傾傾乕僩],22,10090001,10090001,12010000,10090001,80,0,0,0,0,0,0,0,0,0,0,3423,0,0,嵟戝Lv1,
7531,85505310,仩SK-[僼傽僀傾傾乕僩],22,10010001,10010001,12010000,10010001,1,0,0,0,0,0,0,0,0,0,0,3423,0,0,嵟戝Lv1,
8000,85600000,仭SK-[僗僩乕儞僂僅乕儖],23,10040015,10040015,12010000,10040015,0,0,0,0,0,0,0,0,0,0,0,3047,0,0,嵟戝Lv5,
8001,85600010,仩SK-[僗僩乕儞僂僅乕儖],23,10030005,10030005,12010000,10030005,0,0,0,0,0,0,0,0,0,0,0,3047,0,0,嵟戝Lv5,
8010,85600100,仭SK-[僗儘乕僟乕僩],23,10040016,10040016,12010000,10040016,0,0,0,0,0,0,0,0,0,0,0,2135,0,0,嵟戝Lv5,
8011,85600110,仩SK-[僗儘乕僟乕僩],23,10030004,10030004,12010000,10030004,0,0,0,0,0,0,0,0,0,0,0,2135,0,0,嵟戝Lv5,
8020,85600200,仭SK-[價乕僩僟僂儞],23,10060002,10060002,12010000,10060002,0,0,0,0,0,0,0,0,0,0,0,703,0,0,嵟戝Lv10,
8021,85600210,仩SK-[價乕僩僟僂儞],23,10040002,10040002,12010000,10040002,0,0,0,0,0,0,0,0,0,0,0,703,0,0,嵟戝Lv10,
8030,85600300,仭SK-[僾儔僀僗僴僀僋],23,10040017,10040017,12010000,10040017,0,0,0,0,0,0,0,0,0,0,0,704,0,0,嵟戝Lv10,
8031,85600310,仩SK-[僾儔僀僗僴僀僋],23,10030005,10030005,12010000,10030005,0,0,0,0,0,0,0,0,0,0,0,704,0,0,嵟戝Lv10,
8040,85600400,仭SK-[娪掕],23,10020001,10020001,12010000,10020001,0,0,0,0,0,0,0,0,0,0,0,903,0,0,嵟戝Lv1,
8041,85600410,仩SK-[娪掕],23,10010001,10010001,12010000,10010001,0,0,0,0,0,0,0,0,0,0,0,903,0,0,嵟戝Lv1,
8050,85600500,仭SK-[墳墖],23,10030003,10030003,12010000,10030003,0,0,0,0,0,0,0,0,0,0,0,2173,0,0,嵟戝Lv5,
8051,85600510,仩SK-[墳墖],23,10020001,10020001,12010000,10020001,0,0,0,0,0,0,0,0,0,0,0,2172,0,0,嵟戝Lv5,
8060,85600600,仭SK-[暟偒壩],23,10030001,10030001,12010000,10030001,0,0,0,0,0,0,0,0,0,0,0,2200,0,0,嵟戝Lv3,
8061,85600610,仩SK-[暟偒壩],23,10020001,10020001,12010000,10020001,0,0,0,0,0,0,0,0,0,0,0,2200,0,0,嵟戝Lv3,
8070,85600700,仭SK-[僉儍儞僾],23,10090005,10090005,12010000,10090005,0,0,0,0,0,0,0,0,0,0,0,712,0,0,嵟戝Lv10,
8071,85600710,仩SK-[僉儍儞僾],23,10060003,10060003,12010000,10060003,0,0,0,0,0,0,0,0,0,0,0,712,0,0,嵟戝Lv10,
8080,85600800,仭SK-[價僶乕僋],23,10120001,10120001,12010000,10120001,0,0,0,0,0,0,0,0,0,0,0,713,0,0,嵟戝Lv5,
8081,85600810,仩SK-[價僶乕僋],23,10090001,10090001,12010000,10090001,0,0,0,0,0,0,0,0,0,0,0,713,0,0,嵟戝Lv5,
8090,85600900,仭SK-[儘僢僋僋儔僢僔儍乕],23,10040018,10040018,12010000,10040018,0,0,0,0,0,0,0,0,0,0,0,2224,0,0,嵟戝Lv5,
8091,85600910,仩SK-[儘僢僋僋儔僢僔儍乕],23,10030006,10030006,12010000,10030006,0,0,0,0,0,0,0,0,0,0,0,2224,0,0,嵟戝Lv5,
8100,85601000,仭SK-[傾乕僗僋儔僢僔儏],23,10090001,10090001,12010000,10090001,0,0,0,0,0,0,0,0,0,0,0,2387,0,0,嵟戝Lv5,
8101,85601010,仩SK-[傾乕僗僋儔僢僔儏],23,10060001,10060001,12010000,10060001,0,0,0,0,0,0,0,0,0,0,0,2387,0,0,嵟戝Lv5,
8110,85601100,仭SK-[僌儔僗僩儔僢僾],23,10120002,10120002,12010000,10120002,0,0,0,0,0,0,0,0,0,0,0,2169,0,0,嵟戝Lv5,
8111,85601110,仩SK-[僌儔僗僩儔僢僾],23,10090002,10090002,12010000,10090002,0,0,0,0,0,0,0,0,0,0,0,2169,0,0,嵟戝Lv5,
8120,85601200,仭SK-[僼傽儔儞僋僗],23,10040019,10040019,12010000,10040019,0,0,0,0,0,0,0,0,0,0,0,2118,0,0,嵟戝Lv5,
8121,85601210,仩SK-[僼傽儔儞僋僗],23,10030003,10030003,12010000,10030003,0,0,0,0,0,0,0,0,0,0,0,2118,0,0,嵟戝Lv5,
8130,85601300,仭SK-[僟僗僩僄僋僗僾儘乕僕儑儞],23,10120003,10120003,12010000,10120003,0,0,0,0,0,0,0,0,0,0,0,2389,0,0,嵟戝Lv5,
8131,85601310,仩SK-[僟僗僩僄僋僗僾儘乕僕儑儞],23,10090003,10090003,12010000,10090003,0,0,0,0,0,0,0,0,0,0,0,2389,0,0,嵟戝Lv5,
8140,85601400,仭SK-[働僀僽價僶乕僋],23,10160004,10160004,12010000,10160004,0,0,0,0,0,0,0,0,0,0,0,2221,0,0,嵟戝Lv5,
8141,85601410,仩SK-[働僀僽價僶乕僋],23,10120004,10120004,12010000,10120004,0,0,0,0,0,0,0,0,0,0,0,2221,0,0,嵟戝Lv5,
8150,85601500,仭SK-[嫮塣],23,10160005,10160005,12010000,10160005,0,0,0,0,0,0,0,0,0,0,0,960,0,0,嵟戝Lv5,
8151,85601510,仩SK-[嫮塣],23,10120005,10120005,12010000,10120005,0,0,0,0,0,0,0,0,0,0,0,960,0,0,嵟戝Lv5,
8160,85601600,仭SK-[寈夲],23,10160001,10160001,12010000,10160001,0,0,0,0,0,0,0,0,0,0,0,2428,0,0,嵟戝Lv5,
8161,85601610,仩SK-[寈夲],23,10120001,10120001,12010000,10120001,0,0,0,0,0,0,0,0,0,0,0,2428,0,0,嵟戝Lv5,
8170,85601700,仭SK-[僄僗働乕僾],23,10030003,10030003,12010000,10030003,0,0,0,0,0,0,0,0,0,0,0,2429,0,0,嵟戝Lv1,
8171,85601710,仩SK-[僄僗働乕僾],23,10020001,10020001,12010000,10020001,0,0,0,0,0,0,0,0,0,0,0,2429,0,0,嵟戝Lv1,
8180,85601800,仭SK-[僟僢僩僼僢僩],23,10060004,10060004,12010000,10060004,0,0,0,0,0,0,0,0,0,0,0,2225,0,0,嵟戝Lv5,
8181,85601810,仩SK-[僟僢僩僼僢僩],23,10040004,10040004,12010000,10040004,0,0,0,0,0,0,0,0,0,0,0,2225,0,0,嵟戝Lv5,
8190,85601900,仭SK-[堦偐敧偐],23,10120004,10120004,12010000,10120004,0,0,0,0,0,0,0,0,0,0,0,2350,0,0,嵟戝Lv5,
8191,85601910,仩SK-[堦偐敧偐],23,10090004,10090004,12010000,10090004,0,0,0,0,0,0,0,0,0,0,0,2350,0,0,嵟戝Lv5,
8200,85602000,仭SK-[僗僞儈僫僥僀僋],23,10160004,10160004,12010000,10160004,0,0,0,0,0,0,0,0,0,0,0,3347,0,0,嵟戝Lv5,
8201,85602010,仩SK-[僗僞儈僫僥僀僋],23,10120001,10120001,12010000,10120001,0,0,0,0,0,0,0,0,0,0,0,3347,0,0,嵟戝Lv5,
8210,85602100,仭SK-[庢傝埖偄巜帵],23,10040008,10040008,12010000,10040008,0,0,0,0,0,0,0,0,0,0,0,2261,0,0,嵟戝Lv3,
8211,85602110,仩SK-[庢傝埖偄巜帵],23,10020001,10020001,12010000,10020001,0,0,0,0,0,0,0,0,0,0,0,2261,0,0,嵟戝Lv3,

#儕儈僥乕僔儑儞僠僢僾,
9001,85900100,仭LI-[FA-1-1],30,10040003,10040003,13010000,10040003,10,9002,150,100,100,2,0,2,1,1,0,0,0,0,僼傽僀僞乕宯僠僢僾,
9002,85900200,仭LI-[FA-1-2],30,10090001,10090001,13010000,10090001,20,9003,160,100,100,5,0,4,2,2,1,0,0,0,僼傽僀僞乕宯僠僢僾,
9003,85900300,仭LI-[FA-1-3],30,10150001,10150001,13010000,10150001,30,9004,170,100,105,7,0,6,3,5,2,0,0,0,僼傽僀僞乕宯僠僢僾,
9004,85900400,仭LI-[FA-1-4],30,10240001,10240001,13010000,10240001,40,9005,180,100,105,10,0,8,4,6,2,0,0,0,僼傽僀僞乕宯僠僢僾,
9005,85900500,仭LI-[FA-1-5],30,10240001,10240001,13010000,10240001,50,9005,190,100,105,12,1,10,5,8,3,0,0,0,僼傽僀僞乕宯僠僢僾,
9011,85901100,仭LI-[FB-1-1],30,10040003,10040003,13010000,10040003,10,9012,125,100,100,2,0,0,1,2,0,0,0,0,僼傽僀僞乕宯僠僢僾,
9012,85901200,仭LI-[FB-1-2],30,10090001,10090001,13010000,10090001,20,9013,130,100,105,4,0,1,3,5,1,0,0,0,僼傽僀僞乕宯僠僢僾,
9013,85901300,仭LI-[FB-1-3],30,10150001,10150001,13010000,10150001,30,9014,135,105,110,6,1,2,5,7,1,0,0,0,僼傽僀僞乕宯僠僢僾,
9014,85901400,仭LI-[FB-1-4],30,10240001,10240001,13010000,10240001,40,9015,140,105,115,8,1,3,7,10,2,0,0,0,僼傽僀僞乕宯僠僢僾,
9015,85901500,仭LI-[FB-1-5],30,10240001,10240001,13010000,10240001,50,9015,145,105,120,10,2,4,9,12,2,0,0,0,僼傽僀僞乕宯僠僢僾,
9021,85902100,仭LI-[FC-1-1],30,10040003,10040003,13010000,10040003,10,9022,135,100,100,1,0,1,1,1,2,0,0,0,僼傽僀僞乕宯僠僢僾,
9022,85902200,仭LI-[FC-1-2],30,10090001,10090001,13010000,10090001,20,9023,140,100,100,3,0,2,3,2,5,0,0,0,僼傽僀僞乕宯僠僢僾,
9023,85902300,仭LI-[FC-1-3],30,10150001,10150001,13010000,10150001,30,9024,145,105,105,4,0,3,4,3,7,0,0,0,僼傽僀僞乕宯僠僢僾,
9024,85902400,仭LI-[FC-1-4],30,10240001,10240001,13010000,10240001,40,9025,150,105,105,6,0,5,6,5,10,0,0,0,僼傽僀僞乕宯僠僢僾,
9025,85902500,仭LI-[FC-1-5],30,10240001,10240001,13010000,10240001,50,9005,155,110,105,7,1,6,7,6,12,0,0,0,僼傽僀僞乕宯僠僢僾,
9101,85910100,仭LI-[SA-1-1],30,10040003,10040003,13010000,10040003,10,9102,100,100,100,0,2,1,1,1,1,0,0,0,僗儁儖儐乕僓乕宯僠僢僾,
9102,85910200,仭LI-[SA-1-2],30,10090001,10090001,13010000,10090001,20,9103,100,105,100,0,5,2,3,2,2,0,0,0,僗儁儖儐乕僓乕宯僠僢僾,
9103,85910300,仭LI-[SA-1-3],30,10150001,10150001,13010000,10150001,30,9104,105,110,105,0,8,3,5,3,4,0,0,0,僗儁儖儐乕僓乕宯僠僢僾,
9104,85910400,仭LI-[SA-1-4],30,10240001,10240001,13010000,10240001,40,9105,105,115,105,0,10,4,6,4,5,0,0,0,僗儁儖儐乕僓乕宯僠僢僾,
9105,85910500,仭LI-[SA-1-5],30,10240001,10240001,13010000,10240001,50,9105,110,120,105,1,13,5,8,5,7,0,0,0,僗儁儖儐乕僓乕宯僠僢僾,
9111,85911100,仭LI-[SB-1-1],30,10040003,10040003,13010000,10040003,10,9112,100,100,100,0,2,0,1,1,2,0,0,0,僗儁儖儐乕僓乕宯僠僢僾,
9112,85911200,仭LI-[SB-1-2],30,10090001,10090001,13010000,10090001,20,9113,100,105,100,0,4,1,2,2,4,0,0,0,僗儁儖儐乕僓乕宯僠僢僾,
9113,85911300,仭LI-[SB-1-3],30,10150001,10150001,13010000,10150001,30,9114,110,110,105,0,6,2,3,4,6,0,0,0,僗儁儖儐乕僓乕宯僠僢僾,
9114,85911400,仭LI-[SB-1-4],30,10240001,10240001,13010000,10240001,40,9115,120,115,105,0,8,3,5,5,8,0,0,0,僗儁儖儐乕僓乕宯僠僢僾,
9115,85911500,仭LI-[SB-1-5],30,10240001,10240001,13010000,10240001,50,9115,130,120,105,1,11,4,6,7,10,0,0,0,僗儁儖儐乕僓乕宯僠僢僾,
9121,85912100,仭LI-[SC-1-1],30,10040003,10040003,13010000,10040003,10,9122,100,100,100,1,2,1,1,1,1,0,0,0,僗儁儖儐乕僓乕宯僠僢僾,
9122,85912200,仭LI-[SC-1-2],30,10090001,10090001,13010000,10090001,20,9123,110,105,100,3,4,2,2,2,2,0,0,0,僗儁儖儐乕僓乕宯僠僢僾,
9123,85912300,仭LI-[SC-1-3],30,10150001,10150001,13010000,10150001,30,9124,120,110,105,5,6,3,3,3,3,0,0,0,僗儁儖儐乕僓乕宯僠僢僾,
9124,85912400,仭LI-[SC-1-4],30,10240001,10240001,13010000,10240001,40,9125,130,115,105,7,8,4,4,4,4,0,0,0,僗儁儖儐乕僓乕宯僠僢僾,
9125,85912500,仭LI-[SC-1-5],30,10240001,10240001,13010000,10240001,50,9125,140,120,105,9,11,5,5,5,5,0,0,0,僗儁儖儐乕僓乕宯僠僢僾,
9201,85920100,仭LI-[EA-1-1],30,10040003,10040003,13010000,10040003,10,9202,100,100,100,1,1,1,1,1,1,0,0,0,僶僢僋僷僢僇乕宯僠僢僾,
9202,85920200,仭LI-[EA-1-2],30,10090001,10090001,13010000,10090001,20,9203,120,105,100,2,2,2,2,2,2,0,0,0,僶僢僋僷僢僇乕宯僠僢僾,
9203,85920300,仭LI-[EA-1-3],30,10150001,10150001,13010000,10150001,30,9204,120,110,105,3,3,4,4,3,3,0,0,0,僶僢僋僷僢僇乕宯僠僢僾,
9204,85920400,仭LI-[EA-1-4],30,10240001,10240001,13010000,10240001,40,9205,140,115,105,5,5,5,5,5,5,0,0,0,僶僢僋僷僢僇乕宯僠僢僾,
9205,85920500,仭LI-[EA-1-5],30,10240001,10240001,13010000,10240001,50,9205,150,120,105,6,6,7,7,6,6,0,0,0,僶僢僋僷僢僇乕宯僠僢僾,
9501,85950100,仭LI-[FA-2-1],30,10300006,10300006,13010000,10300006,50,9502,210,105,140,10,1,12,5,7,3,0,0,0,僼傽僀僞乕宯僠僢僾,
9502,85950200,仭LI-[FA-2-2],30,10400001,10400001,13010000,10400001,60,9503,230,110,150,12,1,16,6,9,4,0,0,0,僼傽僀僞乕宯僠僢僾,
9503,85950300,仭LI-[FA-2-3],30,10480001,10480001,13010000,10480001,70,9504,250,115,160,15,1,19,7,11,4,0,0,0,僼傽僀僞乕宯僠僢僾,
9504,85950400,仭LI-[FA-2-4],30,10630001,10630001,13010000,10630001,80,9505,270,120,170,17,2,22,9,13,5,0,0,0,僼傽僀僞乕宯僠僢僾,
9505,85950500,仭LI-[FA-2-5],30,10630001,10630001,13010000,10630001,90,9505,290,125,180,20,2,25,10,15,7,0,0,0,僼傽僀僞乕宯僠僢僾,
9511,85951100,仭LI-[FB-2-1],30,10300006,10300006,13010000,10300006,50,9512,190,110,140,8,1,5,8,11,6,0,0,0,僼傽僀僞乕宯僠僢僾,
9512,85951200,仭LI-[FB-2-2],30,10400001,10400001,13010000,10400001,60,9513,200,115,160,10,2,6,10,14,7,0,0,0,僼傽僀僞乕宯僠僢僾,
9513,85951300,仭LI-[FB-2-3],30,10480001,10480001,13010000,10480001,70,9514,210,120,180,12,2,7,12,16,9,0,0,0,僼傽僀僞乕宯僠僢僾,
9514,85951400,仭LI-[FB-2-4],30,10630001,10630001,13010000,10630001,80,9515,220,125,200,14,2,9,14,19,10,0,0,0,僼傽僀僞乕宯僠僢僾,
9515,85951500,仭LI-[FB-2-5],30,10630001,10630001,13010000,10630001,90,9515,230,130,220,16,3,10,16,22,12,0,0,0,僼傽僀僞乕宯僠僢僾,
9521,85952100,仭LI-[FC-2-1],30,10300006,10300006,13010000,10300006,50,9522,175,115,120,9,1,5,5,6,11,0,0,0,僼傽僀僞乕宯僠僢僾,
9522,85952200,仭LI-[FC-2-2],30,10400001,10400001,13010000,10400001,60,9523,185,125,145,11,1,7,7,8,14,0,0,0,僼傽僀僞乕宯僠僢僾,
9523,85952300,仭LI-[FC-2-3],30,10480001,10480001,13010000,10480001,70,9524,195,135,170,13,1,8,8,10,17,0,0,0,僼傽僀僞乕宯僠僢僾,
9524,85952400,仭LI-[FC-2-4],30,10630001,10630001,13010000,10630001,80,9525,205,145,195,16,2,9,9,11,20,0,0,0,僼傽僀僞乕宯僠僢僾,
9525,85952500,仭LI-[FC-2-5],30,10630001,10630001,13010000,10630001,90,9525,215,155,220,18,2,11,11,13,23,0,0,0,僼傽僀僞乕宯僠僢僾,
9601,85960100,仭LI-[SA-2-1],30,10300006,10300006,13010000,10300006,50,9602,140,140,110,1,11,5,10,5,6,0,0,0,僗儁儖儐乕僓乕宯僠僢僾,
9602,85960200,仭LI-[SA-2-2],30,10400001,10400001,13010000,10400001,60,9603,150,160,110,1,14,6,12,6,8,0,0,0,僗儁儖儐乕僓乕宯僠僢僾,
9603,85960300,仭LI-[SA-2-3],30,10480001,10480001,13010000,10480001,70,9604,160,180,115,1,17,7,15,7,10,0,0,0,僗儁儖儐乕僓乕宯僠僢僾,
9604,85960400,仭LI-[SA-2-4],30,10630001,10630001,13010000,10630001,80,9605,170,200,115,2,20,9,17,9,11,0,0,0,僗儁儖儐乕僓乕宯僠僢僾,
9605,85960500,仭LI-[SA-2-5],30,10630001,10630001,13010000,10630001,90,9605,180,230,120,2,23,10,20,10,13,0,0,0,僗儁儖儐乕僓乕宯僠僢僾,
9611,85961100,仭LI-[SB-2-1],30,10300006,10300006,13010000,10300006,50,9612,150,125,110,1,9,4,6,7,11,0,0,0,僗儁儖儐乕僓乕宯僠僢僾,
9612,85961200,仭LI-[SB-2-2],30,10400001,10400001,13010000,10400001,60,9613,160,150,115,1,12,5,8,9,14,0,0,0,僗儁儖儐乕僓乕宯僠僢僾,
9613,85961300,仭LI-[SB-2-3],30,10480001,10480001,13010000,10480001,70,9614,170,175,120,1,14,6,9,11,16,0,0,0,僗儁儖儐乕僓乕宯僠僢僾,
9614,85961400,仭LI-[SB-2-4],30,10630001,10630001,13010000,10630001,80,9615,180,200,125,2,16,7,11,13,19,0,0,0,僗儁儖儐乕僓乕宯僠僢僾,
9615,85961500,仭LI-[SB-2-5],30,10630001,10630001,13010000,10630001,90,9615,190,225,130,2,19,8,12,15,22,0,0,0,僗儁儖儐乕僓乕宯僠僢僾,
9621,85962100,仭LI-[SC-2-1],30,10300006,10300006,13010000,10300006,50,9622,150,125,110,8,11,4,5,4,5,0,0,0,僗儁儖儐乕僓乕宯僠僢僾,
9622,85962200,仭LI-[SC-2-2],30,10400001,10400001,13010000,10400001,60,9623,170,140,120,11,14,6,6,6,6,0,0,0,僗儁儖儐乕僓乕宯僠僢僾,
9623,85962300,仭LI-[SC-2-3],30,10480001,10480001,13010000,10480001,70,9624,190,155,130,13,16,7,7,7,7,0,0,0,僗儁儖儐乕僓乕宯僠僢僾,
9624,85962400,仭LI-[SC-2-4],30,10630001,10630001,13010000,10630001,80,9625,210,170,140,15,19,8,9,8,9,0,0,0,僗儁儖儐乕僓乕宯僠僢僾,
9625,85962500,仭LI-[SC-2-5],30,10630001,10630001,13010000,10630001,90,9625,230,185,150,17,22,9,10,9,10,0,0,0,僗儁儖儐乕僓乕宯僠僢僾,
9701,85970100,仭LI-[EA-2-1],30,10300006,10300006,13010000,10300006,50,9702,160,130,120,6,6,6,6,6,6,0,0,0,僶僢僋僷僢僇乕宯僠僢僾,
9702,85970200,仭LI-[EA-2-2],30,10400001,10400001,13010000,10400001,60,9703,180,140,140,8,8,8,8,8,8,0,0,0,僶僢僋僷僢僇乕宯僠僢僾,
9703,85970300,仭LI-[EA-2-3],30,10480001,10480001,13010000,10480001,70,9704,200,150,150,9,9,10,10,10,10,0,0,0,僶僢僋僷僢僇乕宯僠僢僾,
9704,85970400,仭LI-[EA-2-4],30,10630001,10630001,13010000,10630001,80,9705,220,160,180,11,11,11,11,11,11,0,0,0,僶僢僋僷僢僇乕宯僠僢僾,
9705,85970500,仭LI-[EA-2-5],30,10630001,10630001,13010000,10630001,90,9705,240,170,200,12,12,13,13,13,13,0,0,0,僶僢僋僷僢僇乕宯僠僢僾,
