#デュアルジョブスキル基本情報,,,,スキルレベルごとの習得可能デュアルジョブレベル設定,
#デュアルジョブID,スキルID,スキル名,対象ジョブID,スキルLV1,スキルLV2,スキルLV3,スキルLV4,スキルLV5,スキルLV6,スキルLV7,スキルLV8,スキルLV9,スキルLV10,
#ソードマン系,スキルID,スキル名,対象ジョブID,スキルLV1,スキルLV2,スキルLV3,スキルLV4,スキルLV5,スキルLV6,スキルLV7,スキルLV8,スキルLV9,スキルLV10,
1,2115,居合い,1,1,5,10,15,20,0,0,0,0,0,
1,100,最大HP上昇,1,1,6,11,16,21,0,0,0,0,0,
1,103,HP回復率上昇,1,1,6,11,16,21,0,0,0,0,0,
1,102,最大SP上昇,1,1,7,12,17,22,0,0,0,0,0,
1,105,SP回復率上昇,1,1,7,12,17,22,0,0,0,0,0,
1,3391,プレッシャー,7,1,20,52,72,82,0,0,0,0,0,
1,2062,気合,3,1,8,13,18,23,0,0,0,0,0,
1,956,二段斬り,5,1,9,20,26,28,30,33,42,48,51,
1,2110,ブロウ,1,1,4,8,12,16,0,0,0,0,0,
1,2100,パリィ,1,2,7,14,19,24,0,0,0,0,0,
1,2112,コンフュージョンブロウ,1,3,8,13,16,19,0,0,0,0,0,
1,108,アックスマスタリー,1,5,15,25,35,50,0,0,0,0,0,
1,110,ショートソードマスタリー,1,5,15,25,35,50,0,0,0,0,0,
1,107,ソードマスタリー,1,5,15,25,35,50,0,0,0,0,0,
1,111,メイスマスタリー,1,5,15,25,35,50,0,0,0,0,0,
1,2113,スタンブロウ,1,9,13,17,23,29,0,0,0,0,0,
1,2114,スロウブロウ,1,9,13,17,23,29,0,0,0,0,0,
1,2111,バニシングブロウ,1,9,13,17,23,29,0,0,0,0,0,
1,2000,コンセントレート,1,10,18,26,31,36,0,0,0,0,0,
1,2002,アタック・バースト,1,10,18,26,31,36,0,0,0,0,0,
1,2107,挑発,1,14,22,27,32,37,0,0,0,0,0,
1,2117,なぎ払い,1,14,22,27,32,37,0,0,0,0,0,
1,904,フードファイター,3,22,28,33,38,43,0,0,0,0,0,
1,2066,瞑想,3,22,28,33,38,43,0,0,0,0,0,
1,2120,チャージ,1,24,29,34,39,44,0,0,0,0,0,
1,2101,カウンター,1,24,29,34,39,44,0,0,0,0,0,
1,2102,フェイント,1,24,29,34,39,44,0,0,0,0,0,
1,200,剣命中率上昇,1,30,36,41,46,56,0,0,0,0,0,
1,204,斧命中率上昇,1,30,36,41,46,56,0,0,0,0,0,
1,2005,ソードディレイキャンセル,1,35,40,45,0,0,0,0,0,0,0,
1,2201,居合い２段,1,37,41,44,47,51,0,0,0,0,0,
1,700,バーサーク,3,40,45,49,53,55,0,0,0,0,0,
1,2202,居合い３段,1,40,45,49,53,55,0,0,0,0,0,
1,701,バーサーク・コントロール,3,41,46,52,57,60,0,0,0,0,0,
1,978,コンバインフォース,3,42,48,54,0,0,0,0,0,0,0,
1,400,人間系ダメージ上昇,5,45,51,58,62,66,0,0,0,0,0,
1,2270,連続居合い斬り,5,47,52,57,62,67,0,0,0,0,0,
1,2268,アジテイト,5,47,52,57,62,67,0,0,0,0,0,
1,119,ツーハンドソードマスタリー,3,50,55,60,65,75,0,0,0,0,0,
1,122,ツーハンドアックスマスタリー,5,50,55,60,65,75,0,0,0,0,0,
1,2109,ワー・クライ,3,53,58,61,64,67,0,0,0,0,0,
1,2122,みね打ち,5,53,58,61,64,67,0,0,0,0,0,
1,2136,足払い,5,54,59,62,65,68,0,0,0,0,0,
1,2269,ブラフ,5,54,59,62,65,68,0,0,0,0,0,
1,2238,殺界,3,54,66,0,0,0,0,0,0,0,0,
1,4026,アタックアシスト,3,55,63,68,73,78,0,0,0,0,0,
1,2355,ストライクブロウ,5,56,59,63,65,68,0,0,0,0,0,
1,2134,兜割り,3,57,61,64,66,69,0,0,0,0,0,
1,2116,旋風剣,3,57,61,64,66,69,0,0,0,0,0,
1,2233,霞斬り,3,58,62,65,67,70,0,0,0,0,0,
1,2239,無拍子,3,58,62,65,67,70,0,0,0,0,0,
1,2274,シールドスラッシュ,5,59,63,68,0,0,0,0,0,0,0,
1,2352,ディスラプション,5,60,64,66,68,72,0,0,0,0,0,
1,2271,ストレートスラッシュ,5,60,64,71,0,0,0,0,0,0,0,
1,2231,巨木断ち,3,63,66,68,71,73,0,0,0,0,0,
1,2234,アギト砕き,3,63,66,68,71,73,0,0,0,0,0,
1,982,ブレイドマスタリー,7,68,94,104,0,0,0,0,0,0,0,
1,2379,二段抜刀,3,70,72,74,76,78,0,0,0,0,0,
1,2124,真空波,3,70,72,74,76,78,0,0,0,0,0,
1,2232,隼の太刀,3,71,73,75,77,79,0,0,0,0,0,
1,2236,燕返し,3,71,73,75,77,79,0,0,0,0,0,
1,2484,エクヴィリー,7,75,81,85,0,0,0,0,0,0,0,
1,2273,オーナメントスラッシュ,5,76,78,80,0,0,0,0,0,0,0,
1,2272,アームスラッシュ,5,76,78,80,0,0,0,0,0,0,0,
1,2275,スラッシュコンビネーション,5,76,78,80,0,0,0,0,0,0,0,
1,2396,ソードアセイル,5,81,84,87,89,91,0,0,0,0,0,
1,2237,流水の構え,3,82,85,87,89,91,0,0,0,0,0,
1,2400,一閃,5,83,85,88,0,0,0,0,0,0,0,
1,2354,グラヴィティ,5,83,86,91,0,0,0,0,0,0,0,
1,2179,リミテイションエッジ,5,84,86,88,90,92,0,0,0,0,0,
1,2235,百鬼哭,3,85,87,89,93,95,0,0,0,0,0,
1,2401,斬撃無双,5,85,87,89,93,95,0,0,0,0,0,
1,2527,神速斬り,7,89,100,107,0,0,0,0,0,0,0,
1,2353,ソリッドボディ,5,90,0,0,0,0,0,0,0,0,0,
1,2503,大車輪,7,92,96,98,100,102,0,0,0,0,0,
1,2498,鬼人の構え,7,92,96,98,100,102,0,0,0,0,0,
1,2528,リムーブウエポン,7,94,97,101,103,106,0,0,0,0,0,
1,1100,不屈の闘志,7,94,99,101,104,105,0,0,0,0,0,
1,1113,サヴァイブ,7,97,103,107,108,109,0,0,0,0,0,
1,1117,剣聖,7,99,106,110,0,0,0,0,0,0,0,
#フェンサー系,スキルID,スキル名,対象ジョブID,スキルLV1,スキルLV2,スキルLV3,スキルLV4,スキルLV5,スキルLV6,スキルLV7,スキルLV8,スキルLV9,スキルLV10,
2,2138,ライトニングスピア,11,1,5,10,15,20,0,0,0,0,0,
2,100,最大HP上昇,11,1,6,11,16,21,0,0,0,0,0,
2,103,HP回復率上昇,11,1,6,11,16,21,0,0,0,0,0,
2,102,最大SP上昇,11,1,7,12,17,22,0,0,0,0,0,
2,105,SP回復率上昇,11,1,7,12,17,22,0,0,0,0,0,
2,2110,ブロウ,11,1,4,8,12,16,0,0,0,0,0,
2,2499,イージス,17,1,20,52,72,82,0,0,0,0,0,
2,946,二段突き,13,1,9,20,26,28,30,33,42,48,51,
2,2100,パリィ,11,2,7,14,19,24,0,0,0,0,0,
2,2112,コンフュージョンブロウ,11,3,8,13,16,19,0,0,0,0,0,
2,110,ショートソードマスタリー,11,5,15,25,35,50,0,0,0,0,0,
2,107,ソードマスタリー,11,5,15,25,35,50,0,0,0,0,0,
2,111,メイスマスタリー,11,5,15,25,35,50,0,0,0,0,0,
2,109,スピアマスタリー,11,5,15,25,35,50,0,0,0,0,0,
2,2113,スタンブロウ,11,9,13,17,23,29,0,0,0,0,0,
2,2114,スロウブロウ,11,9,13,17,23,29,0,0,0,0,0,
2,2111,バニシングブロウ,11,9,13,17,23,29,0,0,0,0,0,
2,2000,コンセントレート,11,10,18,26,31,36,0,0,0,0,0,
2,2003,ディフェンス・バースト,11,10,18,26,31,36,0,0,0,0,0,
2,2101,カウンター,11,14,22,27,32,37,0,0,0,0,0,
2,2066,瞑想,11,14,22,28,33,38,0,0,0,0,0,
2,2120,チャージ,11,22,28,33,38,43,0,0,0,0,0,
2,2102,フェイント,11,24,29,34,39,44,0,0,0,0,0,
2,904,フードファイター,13,24,27,29,32,34,0,0,0,0,0,
2,202,槍命中率上昇,11,30,36,41,46,56,0,0,0,0,0,
2,2007,スピアディレイキャンセル,11,35,40,45,0,0,0,0,0,0,0,
2,3170,ライトヒーリング,13,37,39,42,0,0,0,0,0,0,0,
2,3120,呪縛,15,37,43,47,0,0,0,0,0,0,0,
2,116,シールドマスタリー,11,40,45,55,65,75,0,0,0,0,0,
2,2065,ディフェンス・ブロウ,13,41,46,52,57,60,0,0,0,0,0,
2,978,コンバインフォース,13,42,48,54,0,0,0,0,0,0,0,
2,2121,チャージストライク,11,42,44,48,51,53,0,0,0,0,0,
2,2064,ディフェンス・スタブ,11,42,45,49,53,55,0,0,0,0,0,
2,500,精霊・マリオネットダメージ上昇,15,42,44,47,49,54,0,0,0,0,0,
2,106,防御力上昇,11,48,52,54,58,70,0,0,0,0,0,
2,934,光の従者,13,49,53,56,59,64,0,0,0,0,0,
2,120,ツーハンドスピアマスタリー,13,50,55,60,65,75,0,0,0,0,0,
2,123,レイピアマスタリー,13,50,55,60,65,75,0,0,0,0,0,
2,2277,ホーリーキャンセレーション,15,51,53,57,59,61,0,0,0,0,0,
2,3289,ブラックフレア,15,54,58,62,0,0,0,0,0,0,0,
2,4025,ディフェンスアシスト,13,55,63,68,73,78,0,0,0,0,0,
2,3088,ダークウエポン,15,56,59,63,65,68,0,0,0,0,0,
2,2041,ディフレクトアロー,13,57,61,64,66,69,0,0,0,0,0,
2,2063,ディフェンス・スラッシュ,13,57,61,64,66,69,0,0,0,0,0,
2,2276,ダークワールドウィンド,15,58,62,65,67,70,0,0,0,0,0,
2,935,闇の従者,15,58,62,65,67,70,0,0,0,0,0,
2,958,ダークプロテクション,15,60,64,66,68,72,0,0,0,0,0,
2,2245,ディミソリースピア,13,60,64,66,68,72,0,0,0,0,0,
2,4029,プロテクト,13,63,66,68,71,73,0,0,0,0,0,
2,3251,サクリファイス,13,63,66,68,71,73,0,0,0,0,0,
2,2532,ブロッキング,17,66,89,110,0,0,0,0,0,0,0,
2,983,ピアッシングマスタリー,17,68,94,104,0,0,0,0,0,0,0,
2,314,追い討ちの刃,15,70,72,74,76,78,0,0,0,0,0,
2,2125,ヴァルキリー,13,70,72,74,76,78,0,0,0,0,0,
2,2228,ホーリーブレイド,13,71,73,75,77,79,0,0,0,0,0,
2,2061,リヴァイブ,13,71,73,75,77,79,0,0,0,0,0,
2,2249,ストライクスピア,13,72,74,76,78,80,0,0,0,0,0,
2,957,ネクロリザレクション,15,73,78,83,0,0,0,0,0,0,0,
2,2278,カオスシール,15,74,75,77,78,81,0,0,0,0,0,
2,2357,ダークミスト,15,74,75,77,79,83,0,0,0,0,0,
2,2246,アームスラスト,13,74,75,77,79,83,0,0,0,0,0,
2,1102,リフレクトシールド,17,75,0,0,0,0,0,0,0,0,0,
2,2279,血の烙印,15,76,79,81,84,86,0,0,0,0,0,
2,2356,ライフスティール,15,76,79,82,84,86,0,0,0,0,0,
2,2123,衝撃波,13,76,79,82,84,86,0,0,0,0,0,
2,2358,ブラッディウエポン,15,76,78,80,0,0,0,0,0,0,0,
2,2247,ディバインスピア,13,78,83,85,88,91,0,0,0,0,0,
2,2383,一騎当千,13,80,90,97,0,0,0,0,0,0,0,
2,979,プライスオブペイン,15,80,0,0,0,0,0,0,0,0,0,
2,2248,ホールドシールド,13,81,84,87,89,91,0,0,0,0,0,
2,2513,スパイラルスピア,17,81,85,100,0,0,0,0,0,0,0,
2,2405,ブラッドアブソーブ,15,82,94,96,0,0,0,0,0,0,0,
2,2403,フレアスティング,15,84,86,88,90,92,0,0,0,0,0,
2,2381,スピアサイクロン,13,85,87,89,93,95,0,0,0,0,0,
2,2406,ダークネスオブナイト,15,85,87,89,93,95,0,0,0,0,0,
2,2512,シールドインパクト,17,90,96,99,101,103,0,0,0,0,0,
2,1101,敵対心上昇,17,92,96,98,100,102,0,0,0,0,0,
2,2533,ストロングボディ,17,97,105,106,107,108,0,0,0,0,0,
2,2535,フォートレスサークル,17,102,109,0,0,0,0,0,0,0,0,
#スカウト系,スキルID,スキル名,対象ジョブID,スキルLV1,スキルLV2,スキルLV3,スキルLV4,スキルLV5,スキルLV6,スキルLV7,スキルLV8,スキルLV9,スキルLV10,
3,2042,ハイディング,21,1,10,20,0,0,0,0,0,0,0,
3,100,最大HP上昇,21,1,6,11,16,21,0,0,0,0,0,
3,103,HP回復率上昇,21,1,6,11,16,21,0,0,0,0,0,
3,102,最大SP上昇,21,1,7,12,17,22,0,0,0,0,0,
3,105,SP回復率上昇,21,1,7,12,17,22,0,0,0,0,0,
3,2110,ブロウ,21,1,4,8,12,16,0,0,0,0,0,
3,947,三段突き,23,1,9,20,26,28,30,33,42,48,51,
3,1104,ノーティオ,27,1,20,52,72,82,0,0,0,0,0,
3,2100,パリィ,21,2,7,14,19,24,0,0,0,0,0,
3,2112,コンフュージョンブロウ,21,3,8,13,16,19,0,0,0,0,0,
3,112,スローマスタリー,21,5,15,25,35,50,0,0,0,0,0,
3,110,ショートソードマスタリー,21,5,15,25,35,50,0,0,0,0,0,
3,111,メイスマスタリー,21,5,15,25,35,50,0,0,0,0,0,
3,2113,スタンブロウ,21,9,13,17,23,29,0,0,0,0,0,
3,2114,スロウブロウ,21,9,13,17,23,29,0,0,0,0,0,
3,2111,バニシングブロウ,21,9,13,17,23,29,0,0,0,0,0,
3,2127,連続投げ,21,10,20,30,40,50,0,0,0,0,0,
3,2000,コンセントレート,21,10,18,26,31,36,0,0,0,0,0,
3,2004,アヴォイド・バースト,21,10,18,26,31,36,0,0,0,0,0,
3,2101,カウンター,21,14,22,27,32,37,0,0,0,0,0,
3,2126,急所攻撃,21,14,22,28,33,39,0,0,0,0,0,
3,2066,瞑想,23,22,28,33,38,43,0,0,0,0,0,
3,2133,回り込み,21,24,34,44,0,0,0,0,0,0,0,
3,2143,サマーソルトキック,21,24,29,34,37,44,0,0,0,0,0,
3,2102,フェイント,21,24,29,34,39,44,0,0,0,0,0,
3,904,フードファイター,23,24,27,29,32,34,0,0,0,0,0,
3,206,短剣命中率上昇,21,30,36,41,46,56,0,0,0,0,0,
3,2008,ショートソードディレイキャンセル,21,35,40,45,0,0,0,0,0,0,0,
3,2139,連続突き,21,41,46,52,57,60,0,0,0,0,0,
3,2119,ブランディッシュ,21,42,44,48,51,53,0,0,0,0,0,
3,2001,クリティカル,21,42,45,49,53,55,0,0,0,0,0,
3,2035,投擲武器作成,23,42,43,45,47,50,0,0,0,0,0,
3,978,コンバインフォース,23,42,48,54,0,0,0,0,0,0,0,
3,402,人間系回避率上昇,25,42,44,47,49,54,0,0,0,0,0,
3,2069,アサルト,23,43,50,57,63,66,0,0,0,0,0,
3,2062,気合,23,48,52,54,58,70,0,0,0,0,0,
3,2137,タックル,25,49,53,56,59,64,0,0,0,0,0,
3,118,クローマスタリー,23,50,55,60,65,75,0,0,0,0,0,
3,127,ハンドガンマスタリー,25,50,55,60,65,75,0,0,0,0,0,
3,908,投擲射程上昇,23,50,55,59,0,0,0,0,0,0,0,
3,2140,ポイズンニードル,23,51,53,57,59,61,0,0,0,0,0,
3,3095,ランドマイン,25,52,58,61,0,0,0,0,0,0,0,
3,2047,豪腕毒,23,54,58,78,80,85,0,0,0,0,0,
3,125,体術マスタリー,25,55,60,65,0,0,0,0,0,0,0,
3,2286,バラージショット,25,55,63,68,73,78,0,0,0,0,0,
3,2409,応援要請,25,56,60,62,0,0,0,0,0,0,0,
3,2046,硬化毒,23,56,59,63,65,68,0,0,0,0,0,
3,907,投擲命中率上昇,23,57,61,64,66,69,0,0,0,0,0,
3,2280,羽交い絞め,25,59,62,64,0,0,0,0,0,0,0,
3,910,毒耐性上昇,23,60,64,66,68,72,0,0,0,0,0,
3,2141,ラッシュ,25,60,64,66,68,72,0,0,0,0,0,
3,2142,スキャターポイズン,23,61,66,81,85,89,0,0,0,0,0,
3,2136,足払い,25,63,66,68,71,73,0,0,0,0,0,
3,2283,スライディング,25,63,67,69,72,74,0,0,0,0,0,
3,2250,幻視空蝉,23,70,72,74,76,78,0,0,0,0,0,
3,2281,コンビネーション,25,70,72,74,76,78,0,0,0,0,0,
3,2360,つむじ風,25,71,73,75,77,79,0,0,0,0,0,
3,2068,バックアタック,23,71,73,75,77,79,0,0,0,0,0,
3,2282,フラッシュグレネード,25,72,75,77,0,0,0,0,0,0,0,
3,3131,チョーキングガス,25,74,75,77,78,81,0,0,0,0,0,
3,2359,アッパーカット,25,74,75,77,79,83,0,0,0,0,0,
3,984,トータルコンバットマスタリー,27,75,86,104,0,0,0,0,0,0,0,
3,2284,クレイモアトラップ,25,76,80,82,0,0,0,0,0,0,0,
3,2044,アプライポイズン,23,76,78,80,0,0,0,0,0,0,0,
3,2384,奇襲,23,76,79,82,84,86,0,0,0,0,0,
3,2361,リカバリーブロック,25,77,83,84,0,0,0,0,0,0,0,
3,2045,狂気毒,23,78,83,85,0,0,0,0,0,0,0,
3,2251,幻視形代,23,78,83,85,0,0,0,0,0,0,0,
3,2362,セットボム,25,78,83,85,88,91,0,0,0,0,0,
3,2410,ラッシュボム,25,81,84,87,89,92,0,0,0,0,0,
3,2414,ワイルドダンス,25,81,84,87,89,93,0,0,0,0,0,
3,2541,ヴェノムブラスト,27,81,96,103,105,109,0,0,0,0,0,
3,312,クリティカルダメージ上昇,23,82,86,88,90,95,0,0,0,0,0,
3,920,毒成功率上昇,23,84,87,91,94,99,0,0,0,0,0,
3,994,ポイズンマスター,27,85,97,100,102,108,0,0,0,0,0,
3,977,フットワーク,23,87,90,93,0,0,0,0,0,0,0,
3,2516,悪鬼,27,89,106,107,0,0,0,0,0,0,0,
3,2413,デッドリーアタック,25,90,92,94,0,0,0,0,0,0,0,
3,1108,リベンジアタック,27,96,98,99,100,101,0,0,0,0,0,
3,2486,エフィカス,27,110,0,0,0,0,0,0,0,0,0,
#アーチャー系,スキルID,スキル名,対象ジョブID,スキルLV1,スキルLV2,スキルLV3,スキルLV4,スキルLV5,スキルLV6,スキルLV7,スキルLV8,スキルLV9,スキルLV10,
4,2035,投擲武器作成,31,1,2,45,47,50,0,0,0,0,0,
4,100,最大HP上昇,31,1,6,11,16,21,0,0,0,0,0,
4,103,HP回復率上昇,31,1,6,11,16,21,0,0,0,0,0,
4,102,最大SP上昇,31,1,7,12,17,22,0,0,0,0,0,
4,105,SP回復率上昇,31,1,7,12,17,22,0,0,0,0,0,
4,2110,ブロウ,31,1,4,8,12,16,0,0,0,0,0,
4,951,名射手の構え,33,1,15,27,0,0,0,0,0,0,0,
4,2112,コンフュージョンブロウ,31,3,8,13,16,19,0,0,0,0,0,
4,113,ボウマスタリー,31,5,15,25,35,50,0,0,0,0,0,
4,110,ショートソードマスタリー,31,5,15,25,35,50,0,0,0,0,0,
4,111,メイスマスタリー,31,5,15,25,35,50,0,0,0,0,0,
4,2113,スタンブロウ,31,9,13,17,23,27,0,0,0,0,0,
4,2114,スロウブロウ,31,9,13,17,23,28,0,0,0,0,0,
4,2111,バニシングブロウ,31,9,13,19,24,29,0,0,0,0,0,
4,2049,マークスマンオーラ,31,10,20,30,40,50,0,0,0,0,0,
4,2000,コンセントレート,31,10,18,26,31,36,0,0,0,0,0,
4,2129,チャージアロー,31,14,18,20,32,37,0,0,0,0,0,
4,2066,瞑想,33,14,22,28,33,39,0,0,0,0,0,
4,6050,ゴー！,33,15,0,0,0,0,0,0,0,0,0,
4,6051,戻れ！,33,15,0,0,0,0,0,0,0,0,0,
4,2144,キンドルアロー,31,22,28,34,38,43,0,0,0,0,0,
4,2145,ウォーターアロー,31,23,29,35,39,44,0,0,0,0,0,
4,2146,アースアロー,31,24,30,36,40,45,0,0,0,0,0,
4,904,フードファイター,33,24,27,29,32,34,0,0,0,0,0,
4,2147,ウィンドアロー,31,25,31,37,41,46,0,0,0,0,0,
4,114,遠距離戦術,31,26,43,44,48,51,0,0,0,0,0,
4,210,二丁拳銃命中率上昇,35,30,36,41,46,56,0,0,0,0,0,
4,2128,デュアルアロー,31,33,38,42,47,49,0,0,0,0,0,
4,2130,ストライクアロー,31,33,38,42,47,49,0,0,0,0,0,
4,2050,ボウディレイキャンセル,31,35,40,45,0,0,0,0,0,0,0,
4,2364,ガンディレイキャンセル,35,35,40,45,0,0,0,0,0,0,0,
4,2206,イーグルアイ,31,41,46,52,57,60,0,0,0,0,0,
4,978,コンバインフォース,33,42,48,54,0,0,0,0,0,0,0,
4,313,狩猟戦術,33,48,52,54,58,70,0,0,0,0,0,
4,2148,バラージアロー,33,49,53,56,59,64,0,0,0,0,0,
4,127,ハンドガンマスタリー,35,50,55,60,65,75,0,0,0,0,0,
4,126,ライフルマスタリー,35,50,55,60,65,75,0,0,0,0,0,
4,128,デュアルハンドガンマスタリー,35,50,55,60,65,75,0,0,0,0,0,
4,2220,ポーションアロー,33,51,55,57,0,0,0,0,0,0,0,
4,974,CQB,35,51,55,62,0,0,0,0,0,0,0,
4,2285,ファーストドロー,35,53,58,61,0,0,0,0,0,0,0,
4,2286,バラージショット,35,53,57,59,61,64,0,0,0,0,0,
4,2514,フレアショット,37,54,67,93,104,107,0,0,0,0,0,
4,2149,イグナイツアロー,33,56,59,63,65,68,0,0,0,0,0,
4,2150,アクアアロー,33,57,60,64,66,69,0,0,0,0,0,
4,2151,グロウアロー,33,58,61,65,67,70,0,0,0,0,0,
4,2152,エアリングアロー,33,59,62,66,68,71,0,0,0,0,0,
4,2287,チャージショット,35,60,64,66,68,72,0,0,0,0,0,
4,2267,フィットアロー,33,60,64,66,68,72,0,0,0,0,0,
4,6350,ペイシェントボディ,33,63,66,68,71,73,0,0,0,0,0,
4,6550,ハードビック,33,63,67,69,72,74,0,0,0,0,0,
4,2289,グレネードショット,35,63,68,73,0,0,0,0,0,0,0,
4,6306,エンミティーロア,33,64,67,69,72,74,0,0,0,0,0,
4,6500,シュリルボイス,33,64,67,69,72,74,0,0,0,0,0,
4,2290,徹甲弾,35,65,70,75,0,0,0,0,0,0,0,
4,2292,催涙弾,35,65,70,75,0,0,0,0,0,0,0,
4,6308,レイジアバウト,33,66,68,70,72,74,0,0,0,0,0,
4,6502,バイオレントピック,33,66,68,70,72,74,0,0,0,0,0,
4,985,シューティングマスタリー,37,66,94,104,0,0,0,0,0,0,0,
4,2291,スロウグレネード,35,67,75,80,0,0,0,0,0,0,0,
4,2190,シャイニングアロー,33,68,73,76,80,82,0,0,0,0,0,
4,2191,ダークネスアロー,33,68,73,76,80,82,0,0,0,0,0,
4,2293,オーバーレンジ,35,70,81,90,0,0,0,0,0,0,0,
4,310,追い討ちの矢,33,70,72,74,76,78,0,0,0,0,0,
4,2163,スタンショット,35,70,72,74,76,78,0,0,0,0,0,
4,2288,バーストショット,35,71,73,75,77,79,0,0,0,0,0,
4,6310,グリッターボディ,33,71,73,75,77,79,0,0,0,0,0,
4,2363,バレットダンス,35,74,75,77,78,81,0,0,0,0,0,
4,2421,散弾,35,74,75,77,79,85,0,0,0,0,0,
4,2418,バイタルショット,35,75,78,81,83,85,0,0,0,0,0,
4,2266,ブラストアロー,33,75,78,81,83,87,0,0,0,0,0,
4,2385,アームブレイク,33,75,78,81,83,88,0,0,0,0,0,
4,2531,チェンジターゲット,37,75,81,85,106,109,0,0,0,0,0,
4,2419,クロスクレスト,35,76,79,82,84,92,0,0,0,0,0,
4,2420,精密射撃,35,77,80,90,0,0,0,0,0,0,0,
4,2386,クリーブアロー,33,81,84,87,89,93,0,0,0,0,0,
4,2504,ウィークネスショット,37,86,92,96,99,103,0,0,0,0,0,
4,2507,テンペストショット,37,89,102,105,0,0,0,0,0,0,0,
4,1107,リベンジトリガー,37,91,95,97,99,101,0,0,0,0,0,
4,1103,ノーヘイト,37,94,96,98,100,102,0,0,0,0,0,
4,2485,クイックシュート,37,95,97,98,101,103,0,0,0,0,0,
4,2538,インパクトショット,37,96,100,103,105,106,0,0,0,0,0,
4,2530,サーチウィークポイント,37,100,108,110,0,0,0,0,0,0,0,
#ウィザード系,スキルID,スキル名,対象ジョブID,スキルLV1,スキルLV2,スキルLV3,スキルLV4,スキルLV5,スキルLV6,スキルLV7,スキルLV8,スキルLV9,スキルLV10,
5,3001,エナジーボルト,41,1,5,10,15,20,0,0,0,0,0,
5,101,最大MP上昇,41,1,6,11,16,21,0,0,0,0,0,
5,104,MP回復率上昇,41,1,6,11,16,21,0,0,0,0,0,
5,3158,ディジスト,43,1,3,7,8,13,0,0,0,0,0,
5,3395,フォースバレット,47,1,20,52,72,82,0,0,0,0,0,
5,3005,デコイ,41,2,4,14,19,24,0,0,0,0,0,
5,111,メイスマスタリー,41,5,15,25,35,50,0,0,0,0,0,
5,130,リードマスタリー,45,5,15,25,35,50,0,0,0,0,0,
5,2294,モンスタースケッチ,45,5,20,45,60,70,0,0,0,0,0,
5,2066,瞑想,43,9,13,17,23,29,0,0,0,0,0,
5,3098,インビジブルブレイク,43,12,0,0,0,0,0,0,0,0,0,
5,3123,エナジーショック,41,14,18,27,32,37,0,0,0,0,0,
5,3101,ヒーティング,41,17,0,0,0,0,0,0,0,0,0,
5,3139,マジックサイレンス,41,22,28,33,38,43,0,0,0,0,0,
5,3135,マジックポイズン,41,22,28,33,38,43,0,0,0,0,0,
5,904,フードファイター,43,22,28,33,38,43,0,0,0,0,0,
5,3113,エナジーシールド,41,24,29,34,39,44,0,0,0,0,0,
5,3114,マジックシールド,41,25,30,35,40,45,0,0,0,0,0,
5,3124,エナジースピア,41,26,31,36,41,46,0,0,0,0,0,
5,3136,マジックメデューサ,41,27,32,37,42,47,0,0,0,0,0,
5,3125,ダンシングソード,41,28,34,40,0,0,0,0,0,0,0,
5,3100,インテンスヒートシールド,41,30,0,0,0,0,0,0,0,0,0,
5,3033,アクアラング,41,30,0,0,0,0,0,0,0,0,0,
5,208,メイス命中率上昇,41,30,36,41,46,56,0,0,0,0,0,
5,3003,パーフェクションウォール,41,37,41,44,47,51,0,0,0,0,0,
5,3127,エナジーブラスト,41,40,45,49,53,55,0,0,0,0,0,
5,3002,マジックグローブ,41,41,46,52,57,60,0,0,0,0,0,
5,2208,魔法生物分析,43,45,54,62,0,0,0,0,0,0,0,
5,2252,オーバーワーク,43,48,54,66,75,81,0,0,0,0,0,
5,3254,ソリッドオーラ,43,51,60,63,67,0,0,0,0,0,0,
5,801,魔法生物知識,41,53,0,0,0,0,0,0,0,0,0,
5,2021,杖製造,43,53,55,56,57,58,0,0,0,0,0,
5,3004,ウォールスイープ,43,54,58,60,0,0,0,0,0,0,0,
5,3094,ヘキサグラム,43,54,59,61,64,67,0,0,0,0,0,
5,3418,フォトンランチャー,47,54,75,96,97,98,0,0,0,0,0,
5,3311,スペルキャンセル,43,55,0,0,0,0,0,0,0,0,0,
5,959,危険回避,45,59,62,65,68,70,0,0,0,0,0,
5,3275,エナジーバリア,43,61,65,69,71,73,0,0,0,0,0,
5,3276,マジックバリア,43,61,65,69,71,73,0,0,0,0,0,
5,2295,リビングスタッフ,45,64,66,68,70,74,0,0,0,0,0,
5,2297,プロヴァイド,45,66,72,74,0,0,0,0,0,0,0,
5,3255,ディビリテイト,43,68,76,79,83,87,0,0,0,0,0,
5,3256,クラッター,43,68,71,74,76,77,0,0,0,0,0,
5,3300,ディバインバリア,43,70,80,85,0,0,0,0,0,0,0,
5,3169,エナジーストーム,45,72,76,78,82,84,0,0,0,0,0,
5,2296,インテレクトライズ,45,73,77,80,0,0,0,0,0,0,0,
5,3314,ドッペルゲンガー,45,75,78,81,0,0,0,0,0,0,0,
5,986,プラスエレメント,47,75,89,102,107,109,0,0,0,0,0,
5,3253,テレポート,43,79,83,87,90,93,0,0,0,0,0,
5,2330,エナジーフリーク,45,80,84,86,88,90,0,0,0,0,0,
5,3293,マジックリベレイション,45,80,85,86,88,89,0,0,0,0,0,
5,3313,リフレクション,45,81,0,0,0,0,0,0,0,0,0,
5,3291,エナジーフレア,45,82,87,91,0,0,0,0,0,0,0,
5,3292,エンチャントブロック,45,82,88,92,0,0,0,0,0,0,0,
5,3298,エナジーバーン,43,83,89,92,0,0,0,0,0,0,0,
5,3312,ルミナリィノヴァ,45,84,86,88,92,94,0,0,0,0,0,
5,3126,レイビングソード,43,85,90,95,0,0,0,0,0,0,0,
5,3315,ラストインクエスト,45,85,87,89,93,95,0,0,0,0,0,
5,1105,フォースシールド,47,89,108,0,0,0,0,0,0,0,0,
5,3375,デクライズウエポン,47,91,96,98,100,103,0,0,0,0,0,
5,3383,デクライズシールド,47,94,95,96,97,99,0,0,0,0,0,
5,3394,フリークブラスト,47,95,98,100,101,105,0,0,0,0,0,
5,3419,アドバンスアビリティー,47,97,106,110,0,0,0,0,0,0,0,
5,3388,バリアシールド,47,98,103,106,0,0,0,0,0,0,0,
5,3430,ディスペルフィールド,47,98,101,102,104,108,0,0,0,0,0,
#シャーマン系,スキルID,スキル名,対象ジョブID,スキルLV1,スキルLV2,スキルLV3,スキルLV4,スキルLV5,スキルLV6,スキルLV7,スキルLV8,スキルLV9,スキルLV10,
6,3006,ファイアボール,51,1,5,10,15,20,0,0,0,0,0,
6,3029,アイスアロー,51,1,5,10,15,20,0,0,0,0,0,
6,3041,ランドクラッグ,51,1,5,10,15,20,0,0,0,0,0,
6,101,最大MP上昇,51,1,6,11,16,21,0,0,0,0,0,
6,3017,サンダーボルト,51,1,5,10,15,20,0,0,0,0,0,
6,104,MP回復率上昇,51,1,6,11,16,21,0,0,0,0,0,
6,3000,センスエレメント,51,1,0,0,0,0,0,0,0,0,0,
6,3377,トランスボディ,57,1,20,52,72,82,0,0,0,0,0,
6,3008,ファイアウエポン,51,2,7,17,26,31,0,0,0,0,0,
6,3031,アイスウエポン,51,3,8,18,27,32,0,0,0,0,0,
6,3043,アシッドウエポン,51,4,9,19,28,33,0,0,0,0,0,
6,111,メイスマスタリー,51,5,15,25,35,50,0,0,0,0,0,
6,3019,ライトニングウエポン,51,5,10,20,29,34,0,0,0,0,0,
6,3007,ファイアシールド,51,9,13,17,23,29,0,0,0,0,0,
6,3030,アイスシールド,51,10,14,18,24,30,0,0,0,0,0,
6,3042,アースシールド,51,11,15,19,25,31,0,0,0,0,0,
6,3018,ウィンドシールド,51,12,16,20,26,32,0,0,0,0,0,
6,3047,ストーンウォール,51,17,22,27,30,38,0,0,0,0,0,
6,3011,ファイアウォール,51,18,23,28,31,39,0,0,0,0,0,
6,904,フードファイター,53,22,28,33,38,43,0,0,0,0,0,
6,3009,ファイアブラスト,51,23,34,41,46,49,0,0,0,0,0,
6,3020,ライトニングブラスト,51,24,35,42,47,50,0,0,0,0,0,
6,3032,アクアブラスト,51,25,36,43,48,51,0,0,0,0,0,
6,3044,クラッグブラスト,51,26,37,44,49,52,0,0,0,0,0,
6,208,メイス命中率上昇,51,30,36,41,46,56,0,0,0,0,0,
6,3162,精霊への祈り,51,40,45,49,53,55,0,0,0,0,0,
6,3016,ファイアグローブ,53,40,45,49,53,55,0,0,0,0,0,
6,3040,アイスグローブ,53,41,46,50,54,56,0,0,0,0,0,
6,3053,ランドグローブ,53,42,47,51,55,57,0,0,0,0,0,
6,3028,サンダーグローブ,53,43,48,52,56,58,0,0,0,0,0,
6,2209,精霊分析,53,45,54,62,0,0,0,0,0,0,0,
6,3046,ポイズンマーシュ,55,45,51,58,62,66,0,0,0,0,0,
6,3155,バインド,55,47,52,57,62,67,0,0,0,0,0,
6,3052,アシッドミスト,55,47,52,57,62,67,0,0,0,0,0,
6,3262,フロスティゲイル,53,53,58,61,64,67,0,0,0,0,0,
6,802,精霊知識,51,53,0,0,0,0,0,0,0,0,0,
6,3263,ファシライズ,53,54,59,62,65,68,0,0,0,0,0,
6,3398,アースクライ,57,54,80,93,98,106,0,0,0,0,0,
6,3013,ファイアストーム,53,55,60,65,70,75,0,0,0,0,0,
6,3311,スペルキャンセル,53,55,0,0,0,0,0,0,0,0,0,
6,3036,アクアストーム,53,56,61,66,71,76,0,0,0,0,0,
6,3049,アースストーム,53,57,62,67,72,77,0,0,0,0,0,
6,3025,サンダーストーム,53,58,63,68,73,78,0,0,0,0,0,
6,3010,ファイアピラー,55,58,62,65,67,70,0,0,0,0,0,
6,3110,アースライズ,55,60,65,70,75,80,0,0,0,0,0,
6,936,炎の契約,53,60,64,71,0,0,0,0,0,0,0,
6,937,水の契約,53,60,64,71,0,0,0,0,0,0,0,
6,938,風の契約,53,60,64,71,0,0,0,0,0,0,0,
6,939,土の契約,53,60,64,71,0,0,0,0,0,0,0,
6,3109,ウォーターライズ,55,61,66,71,76,81,0,0,0,0,0,
6,3108,ウィンドライズ,55,62,67,72,77,82,0,0,0,0,0,
6,3107,ファイアライズ,55,63,68,73,78,83,0,0,0,0,0,
6,3260,ガトリングブレイズ,53,65,69,74,77,84,0,0,0,0,0,
6,3261,チェインライトニング,53,65,69,74,77,84,0,0,0,0,0,
6,3048,アースパワーサークル,55,66,68,71,73,80,0,0,0,0,0,
6,3159,ゼン,53,66,81,110,0,0,0,0,0,0,0,
6,3035,ウォーターパワーサークル,55,67,69,72,74,81,0,0,0,0,0,
6,3024,ウィンドパワーサークル,55,68,70,73,75,82,0,0,0,0,0,
6,3012,ファイアパワーサークル,55,69,71,74,76,83,0,0,0,0,0,
6,2305,アースオーラ,55,70,80,0,0,0,0,0,0,0,0,
6,2303,ウォーターオーラ,55,71,81,0,0,0,0,0,0,0,0,
6,3372,ディレイアウト,57,75,0,0,0,0,0,0,0,0,0,
6,2304,ウィンドオーラ,55,76,78,80,0,0,0,0,0,0,0,
6,3295,パワーエンチャント,55,76,80,90,0,0,0,0,0,0,0,
6,2302,ファイアオーラ,55,77,81,91,0,0,0,0,0,0,0,
6,3294,スピードエンチャント,55,79,80,82,0,0,0,0,0,0,0,
6,3409,エレメンタルブレット,57,79,94,96,99,100,0,0,0,0,0,
6,3296,エレメンタルボール,55,81,84,87,89,91,0,0,0,0,0,
6,3264,アイシクルテンペスト,53,82,85,87,89,91,0,0,0,0,0,
6,3317,エンチャントウエポン,55,82,86,88,0,0,0,0,0,0,0,
6,3265,ラーヴァフロウ,53,83,85,88,92,94,0,0,0,0,0,
6,3301,アクアウェーブ,53,84,86,88,0,0,0,0,0,0,0,
6,3318,グラヴィティフォール,55,84,86,88,90,92,0,0,0,0,0,
6,3302,エレメンタルカルテット,53,85,90,93,0,0,0,0,0,0,0,
6,3319,エレメンタルラース,55,85,87,89,93,105,0,0,0,0,0,
6,3416,ウィンドエクスプロージョン,57,85,104,0,0,0,0,0,0,0,0,
6,3389,幽玄の契約：剣,57,89,92,95,97,103,0,0,0,0,0,
6,3316,エレメンタルアディション,55,90,0,0,0,0,0,0,0,0,0,
6,3417,パクティオ,57,90,91,92,93,0,0,0,0,0,0,
6,3384,アンプリーエレメント,57,92,96,98,101,108,0,0,0,0,0,
6,3378,リメインエレメント,57,94,97,102,107,109,0,0,0,0,0,
#ウァテス系,スキルID,スキル名,対象ジョブID,スキルLV1,スキルLV2,スキルLV3,スキルLV4,スキルLV5,スキルLV6,スキルLV7,スキルLV8,スキルLV9,スキルLV10,
7,3054,ヒーリング,61,1,4,10,15,20,0,0,0,0,0,
7,101,最大MP上昇,61,1,5,11,16,21,0,0,0,0,0,
7,104,MP回復率上昇,61,1,6,11,16,21,0,0,0,0,0,
7,2306,ゲリラライブ,65,1,2,7,17,22,0,0,0,0,0,
7,2310,サンバ,65,1,49,55,64,66,0,0,0,0,0,
7,3379,キュアアンデッド,67,1,0,0,0,0,0,0,0,0,0,
7,950,憑依速度上昇,63,1,20,35,55,76,0,0,0,0,0,
7,3073,ホーリーライト,61,3,8,12,19,24,0,0,0,0,0,
7,131,ミュージカルマスタリー,65,5,20,35,50,65,0,0,0,0,0,
7,3149,ストーンレジスト,61,9,13,17,23,29,0,0,0,0,0,
7,111,メイスマスタリー,61,9,13,17,23,29,0,0,0,0,0,
7,3059,ポイズンレジスト,61,10,18,26,31,36,0,0,0,0,0,
7,3146,アレス,63,12,21,40,50,60,63,69,72,77,81,
7,3057,スタンレジスト,61,14,22,27,32,37,0,0,0,0,0,
7,3151,スロウレジスト,61,15,23,28,33,38,0,0,0,0,0,
7,3061,サイレントレジスト,61,16,24,29,34,39,0,0,0,0,0,
7,3063,コンフュージョンレジスト,61,17,25,30,35,40,0,0,0,0,0,
7,3065,スリープレジスト,61,18,26,31,36,41,0,0,0,0,0,
7,3153,アイスレジスト,61,19,27,32,37,42,0,0,0,0,0,
7,3066,キュアスリープ,61,20,0,0,0,0,0,0,0,0,0,
7,904,フードファイター,63,22,28,33,38,43,0,0,0,0,0,
7,3076,ホーリーシールド,61,24,29,34,39,44,0,0,0,0,0,
7,3060,キュアポイズン,61,25,0,0,0,0,0,0,0,0,0,
7,3058,キュアスタン,61,25,0,0,0,0,0,0,0,0,0,
7,3075,ホーリーウエポン,61,27,33,38,42,48,0,0,0,0,0,
7,3078,ターンアンデッド,61,28,34,43,46,48,0,0,0,0,0,
7,3062,キュアサイレント,61,28,0,0,0,0,0,0,0,0,0,
7,208,メイス命中率上昇,61,30,36,41,46,56,0,0,0,0,0,
7,3150,キュアストーン,61,31,0,0,0,0,0,0,0,0,0,
7,3064,キュアコンフュージョン,61,34,0,0,0,0,0,0,0,0,0,
7,3152,キュアスロウ,61,35,0,0,0,0,0,0,0,0,0,
7,3082,ホーリーグローブ,61,37,41,44,47,51,0,0,0,0,0,
7,3154,キュアアイス,61,37,0,0,0,0,0,0,0,0,0,
7,3055,リザレクション,61,40,45,49,53,55,0,0,0,0,0,
7,3118,封印,63,42,48,52,0,0,0,0,0,0,0,
7,2210,死霊分析,63,45,54,62,0,0,0,0,0,0,0,
7,509,アンデッドダメージ上昇,63,45,51,58,62,66,0,0,0,0,0,
7,3077,クレアボヤンス,63,45,0,0,0,0,0,0,0,0,0,
7,2313,クラシック,65,47,52,57,62,67,0,0,0,0,0,
7,2311,ヘヴィメタル,65,48,53,58,63,70,0,0,0,0,0,
7,2312,ロックンロール,65,50,54,59,64,71,0,0,0,0,0,
7,1111,神の守護,67,50,0,0,0,0,0,0,0,0,0,
7,2309,トランス,65,52,56,61,65,72,0,0,0,0,0,
7,803,死霊知識,61,53,0,0,0,0,0,0,0,0,0,
7,3163,サンライトシャワー,63,54,59,62,65,68,0,0,0,0,0,
7,3257,ラウズボディ,63,54,67,78,83,93,0,0,0,0,0,
7,3164,フラッシュライト,63,55,60,65,70,75,0,0,0,0,0,
7,3311,スペルキャンセル,63,55,0,0,0,0,0,0,0,0,0,
7,2314,レクイエム,65,56,61,66,68,69,0,0,0,0,0,
7,3268,ピュニティブライト,63,56,59,63,0,0,0,0,0,0,0,
7,2307,フュージョン,65,57,61,67,69,76,0,0,0,0,0,
7,3373,デフィート,67,58,73,85,92,101,0,0,0,0,0,
7,3080,ホーリーパワーサークル,63,58,62,65,67,70,0,0,0,0,0,
7,2315,セッション,65,58,62,65,67,70,0,0,0,0,0,
7,2367,ミュージカルブロウ,65,58,62,65,67,70,0,0,0,0,0,
7,2308,ポップス,65,59,63,66,69,74,0,0,0,0,0,
7,3267,ディフィートカース,63,59,63,68,0,0,0,0,0,0,0,
7,940,光の契約,63,60,64,71,0,0,0,0,0,0,0,
7,3119,封魔,63,60,64,71,0,0,0,0,0,0,0,
7,2366,シャウト！,65,63,66,68,71,73,0,0,0,0,0,
7,2365,リラクゼーション,65,70,72,74,76,78,0,0,0,0,0,
7,3322,アトラクトマーチ,65,71,73,75,77,79,0,0,0,0,0,
7,3111,ホーリーライズ,63,74,75,77,79,83,0,0,0,0,0,
7,3380,キュアオール,67,75,90,98,102,106,0,0,0,0,0,
7,3258,ラウズメンタル,63,76,79,81,84,96,0,0,0,0,0,
7,3320,ラウドソング,65,79,82,84,86,88,0,0,0,0,0,
7,3308,エリアヒール,63,80,83,86,88,90,0,0,0,0,0,
7,3307,プラーナ,63,80,0,0,0,0,0,0,0,0,0,
7,1109,オートヒール,67,81,94,97,99,101,0,0,0,0,0,
7,3321,オラトリオ,65,82,85,87,89,91,0,0,0,0,0,
7,3266,スパーナルレイ,63,84,86,88,90,92,0,0,0,0,0,
7,3323,デッドマーチ,65,85,87,89,93,95,0,0,0,0,0,
7,3415,リカバリー,67,85,0,0,0,0,0,0,0,0,0,
7,3436,サルベイション,67,89,0,0,0,0,0,0,0,0,0,
7,3399,エンジェルリング,67,94,96,100,104,109,0,0,0,0,0,
7,3393,ミスティックシャイン,67,95,103,105,107,108,0,0,0,0,0,
7,3414,ディバインブレーカー,67,110,0,0,0,0,0,0,0,0,0,
#ウォーロック系,スキルID,スキル名,対象ジョブID,スキルLV1,スキルLV2,スキルLV3,スキルLV4,スキルLV5,スキルLV6,スキルLV7,スキルLV8,スキルLV9,スキルLV10,
8,3083,ブラックウィドウ,71,1,4,10,15,20,0,0,0,0,0,
8,101,最大MP上昇,71,1,5,11,16,21,0,0,0,0,0,
8,104,MP回復率上昇,71,1,6,11,16,21,0,0,0,0,0,
8,2110,ブロウ,71,1,4,8,12,16,0,0,0,0,0,
8,2319,リボーン,75,1,18,48,0,0,0,0,0,0,0,
8,1106,被憑依者ダメージ上昇,77,1,52,56,80,93,0,0,0,0,0,
8,2100,パリィ,71,2,7,14,19,24,0,0,0,0,0,
8,3143,マジックスタン,71,3,13,17,23,29,0,0,0,0,0,
8,110,ショートソードマスタリー,71,5,15,25,35,50,0,0,0,0,0,
8,111,メイスマスタリー,71,5,15,25,35,50,0,0,0,0,0,
8,2230,ソウルスティール,73,7,26,49,63,73,0,0,0,0,0,
8,3141,マジックコンフュージョン,71,9,13,17,23,29,0,0,0,0,0,
8,2101,カウンター,71,14,22,27,32,37,0,0,0,0,0,
8,2102,フェイント,71,14,22,28,33,39,0,0,0,0,0,
8,904,フードファイター,73,22,28,33,38,43,0,0,0,0,0,
8,3140,マジックスロウ,71,24,29,34,37,44,0,0,0,0,0,
8,3133,ダークシールド,71,24,29,34,39,44,0,0,0,0,0,
8,3142,マジックフリーズ,71,25,30,35,38,45,0,0,0,0,0,
8,3139,マジックサイレンス,71,26,31,36,39,46,0,0,0,0,0,
8,3136,マジックメデューサ,71,27,32,37,40,47,0,0,0,0,0,
8,3088,ダークウエポン,71,27,31,34,42,51,0,0,0,0,0,
8,3135,マジックポイズン,71,28,33,38,41,48,0,0,0,0,0,
8,208,メイス命中率上昇,71,30,36,41,46,56,0,0,0,0,0,
8,3134,カオスウィドウ,71,30,34,39,43,46,0,0,0,0,0,
8,3085,シャドウブラスト,71,30,35,40,44,47,0,0,0,0,0,
8,3093,ダークグローブ,71,33,38,42,47,49,0,0,0,0,0,
8,116,シールドマスタリー,71,40,45,55,65,75,0,0,0,0,0,
8,2229,グリムリーパー,73,41,46,52,57,60,0,0,0,0,0,
8,500,精霊系ダメージ上昇,73,45,51,58,62,66,0,0,0,0,0,
8,2210,死霊分析,73,45,54,62,0,0,0,0,0,0,0,
8,949,状態異常成功率上昇,73,45,51,58,62,66,0,0,0,0,0,
8,3324,死神召喚,75,45,83,85,88,91,0,0,0,0,0,
8,2320,死霊召還,75,47,52,57,62,67,0,0,0,0,0,
8,961,召還対象HP上昇,75,47,53,70,0,0,0,0,0,0,0,
8,963,召還対象魔法系上昇,75,47,54,71,0,0,0,0,0,0,0,
8,962,召還対象物理系上昇,75,47,55,72,0,0,0,0,0,0,0,
8,803,死霊知識,71,53,0,0,0,0,0,0,0,0,0,
8,3092,ダークパワーサークル,73,53,58,61,64,67,0,0,0,0,0,
8,2321,ネクロヒーリング,75,53,58,61,64,67,0,0,0,0,0,
8,3120,呪縛,75,54,58,60,0,0,0,0,0,0,0,
8,3021,スリープクラウド,73,54,59,62,65,68,0,0,0,0,0,
8,3121,ネクロマンシー,75,54,59,62,65,68,0,0,0,0,0,
8,3330,イビルソウル,75,54,75,89,0,0,0,0,0,0,0,
8,3311,スペルキャンセル,73,55,0,0,0,0,0,0,0,0,0,
8,3166,刻印,73,56,59,63,65,68,0,0,0,0,0,
8,3167,ダークペイン,73,57,61,63,66,69,0,0,0,0,0,
8,2318,ライフテイク,75,57,61,64,66,69,0,0,0,0,0,
8,3087,ファナティシズム,73,58,62,65,67,70,0,0,0,0,0,
8,941,闇の契約,73,60,64,71,0,0,0,0,0,0,0,
8,3269,トランスフォーム,73,60,64,71,0,0,0,0,0,0,0,
8,2316,ソウルバーン,75,60,64,66,68,72,0,0,0,0,0,
8,2317,スピリッツバーン,75,61,65,67,69,73,0,0,0,0,0,
8,3392,アビス,77,66,96,99,102,109,0,0,0,0,0,
8,1110,インファイトマスタリー,77,68,94,104,,,0,0,0,0,0,
8,3270,オールターエゴ,73,70,72,74,76,78,0,0,0,0,0,
8,3122,魂抜き,75,71,73,75,77,79,0,0,0,0,0,
8,957,ネクロリザレクション,75,73,78,83,0,0,0,0,0,0,0,
8,315,フォローアップ,75,74,75,77,78,81,0,0,0,0,0,
8,3288,ダークライト,75,74,75,77,79,83,0,0,0,0,0,
8,3112,ダークライズ,73,74,75,77,79,83,0,0,0,0,0,
8,3290,ダークフレア,75,75,80,85,0,0,0,0,0,0,0,
8,3376,コラプス・オブ・ロウ,77,75,90,92,94,96,0,0,0,0,0,
8,3089,ナッシングネス,73,76,79,82,84,86,0,0,0,0,0,
8,3297,テラー,75,76,79,81,84,85,0,0,0,0,0,
8,3274,ヒンダーハンド,73,77,81,85,87,90,0,0,0,0,0,
8,3331,イヴァペレイト,75,78,82,86,88,91,0,0,0,0,0,
8,3310,ダークブレイズ,73,80,90,97,,,0,0,0,0,0,
8,3309,アブレイション,73,81,84,87,89,91,0,0,0,0,0,
8,3346,ソウルサクリファイス,73,81,110,,,,0,0,0,0,0,
8,3273,メデューサスキン,73,82,85,87,89,91,0,0,0,0,0,
8,3272,インフェナルマーク,73,82,84,86,,,0,0,0,0,0,
8,3332,カオスゲイト,75,84,86,88,90,92,0,0,0,0,0,
8,3420,死鎌演舞,77,85,98,101,103,108,0,0,0,0,0,
8,4030,憑依者封印,77,92,95,97,99,100,0,0,0,0,0,
8,3397,スポレーションソウル,77,93,95,98,100,101,0,0,0,0,0,
8,2544,ソウルハント,77,95,102,104,105,107,0,0,0,0,0,
8,2526,フェンリル召喚,77,98,100,106,,,0,0,0,0,0,
#タタラベ系,スキルID,スキル名,対象ジョブID,スキルLV1,スキルLV2,スキルLV3,スキルLV4,スキルLV5,スキルLV6,スキルLV7,スキルLV8,スキルLV9,スキルLV10,
9,100,最大HP上昇,81,1,5,10,15,20,0,0,0,0,0,
9,102,最大SP上昇,81,1,6,11,16,21,0,0,0,0,0,
9,103,HP回復率上昇,81,1,6,11,16,21,0,0,0,0,0,
9,903,鑑定,81,1,0,0,0,0,0,0,0,0,0,
9,105,SP回復率上昇,81,1,7,12,17,22,0,0,0,0,0,
9,2110,ブロウ,81,1,4,8,12,16,0,0,0,0,0,
9,3401,ウエポンエンハンス,87,1,45,70,80,95,0,0,0,0,0,
9,132,パイロットマスタリー,85,1,0,0,0,0,0,0,0,0,0,
9,2100,パリィ,81,2,7,14,19,24,0,0,0,0,0,
9,2200,焚き火,81,3,5,7,0,0,0,0,0,0,0,
9,6050,ゴー！,83,3,0,0,0,0,0,0,0,0,0,
9,6051,戻れ！,83,3,0,0,0,0,0,0,0,0,0,
9,111,メイスマスタリー,81,5,15,25,35,50,0,0,0,0,0,
9,712,キャンプ,81,8,10,12,14,16,18,20,22,24,26,
9,2101,カウンター,81,9,13,17,23,29,0,0,0,0,0,
9,2111,バニシングブロウ,81,9,13,17,23,29,0,0,0,0,0,
9,2071,亀の構え,81,12,18,24,0,0,0,0,0,0,0,
9,3047,ストーンウォール,81,17,22,27,30,38,0,0,0,0,0,
9,905,ごうりき,81,18,23,28,31,39,0,0,0,0,0,
9,2010,武器製造,83,19,31,42,53,59,64,68,73,77,80,
9,2051,高度金属精錬,81,20,30,40,0,0,0,0,0,0,0,
9,2017,防具製造,83,20,32,43,54,60,65,69,74,78,81,
9,904,フードファイター,83,22,28,33,38,43,0,0,0,0,0,
9,2102,フェイント,81,24,29,34,39,44,0,0,0,0,0,
9,2135,スローダート,81,24,29,34,39,44,0,0,0,0,0,
9,208,メイス命中率上昇,81,30,36,41,46,56,0,0,0,0,0,
9,942,強化成功率上昇（力）,83,30,50,70,85,97,0,0,0,0,0,
9,2177,石つぶて,81,32,35,37,40,45,0,0,0,0,0,
9,2185,DOGEZA,81,37,41,44,47,51,0,0,0,0,0,
9,2083,金属製品修理キット作成,81,40,50,60,0,0,0,0,0,0,0,
9,2224,ロッククラッシャー,83,41,46,52,57,60,0,0,0,0,0,
9,2039,機械組み立て,85,42,47,49,0,0,0,0,0,0,0,
9,2207,鉱石分析,83,45,54,62,0,0,0,0,0,0,0,
9,409,岩系ダメージ上昇,83,45,51,58,62,66,0,0,0,0,0,
9,2198,ファーストエイド,83,47,52,57,62,67,0,0,0,0,0,
9,2009,アイテム精製,81,48,65,80,0,0,0,0,0,0,0,
9,121,ツーハンドメイスマスタリー,83,50,55,60,65,75,0,0,0,0,0,
9,6102,集中射撃,83,52,56,61,65,72,0,0,0,0,0,
9,800,鉱石知識,81,53,0,0,0,0,0,0,0,0,0,
9,2021,杖製造,83,53,55,56,57,58,0,0,0,0,0,
9,2088,機械修理キット作成,85,53,63,78,0,0,0,0,0,0,0,
9,809,機械知識,85,53,0,0,0,0,0,0,0,0,0,
9,3342,フレイムハート,83,54,89,110,0,0,0,0,0,0,0,
9,4026,アタックアシスト,83,55,63,68,73,78,0,0,0,0,0,
9,6100,評定射撃,83,56,59,63,65,68,0,0,0,0,0,
9,930,炎の従者,83,57,61,64,66,69,0,0,0,0,0,
9,970,ロボット回復力上昇,85,57,61,64,66,69,0,0,0,0,0,
9,6104,拡散射撃,83,58,62,65,67,70,0,0,0,0,0,
9,964,ロボットHP上昇,85,60,64,66,68,72,0,0,0,0,0,
9,2326,アンチモブミサイル,85,63,66,68,71,73,0,0,0,0,0,
9,4028,クリティカルアシスト,83,65,70,75,0,0,0,0,0,0,0,
9,2480,武具強化,87,66,0,0,0,0,0,0,0,0,0,
9,968,ロボット命中力上昇,85,67,71,76,82,88,0,0,0,0,0,
9,966,ロボット防御力上昇,85,67,71,76,82,88,0,0,0,0,0,
9,2425,ラビッジカノン,85,68,70,72,74,75,0,0,0,0,0,
9,2323,チャフ,85,70,74,77,0,0,0,0,0,0,0,
9,2194,ウェットウエポン,83,70,76,79,0,0,0,0,0,0,0,
9,2395,根性,83,70,0,0,0,0,0,0,0,0,0,
9,969,ロボット回避力上昇,85,74,78,81,86,90,0,0,0,0,0,
9,965,ロボット攻撃力上昇,85,74,78,81,86,90,0,0,0,0,0,
9,2324,自爆,85,76,79,81,84,86,0,0,0,0,0,
9,2325,ベイルアウト,85,76,79,82,84,86,0,0,0,0,0,
9,2388,ナゲット投げ,83,76,79,82,84,86,0,0,0,0,0,
9,2262,採掘指示,83,76,78,80,0,0,0,0,0,0,0,
9,2253,鍛冶屋の鼻,83,77,83,85,0,0,0,0,0,0,0,
9,2261,取り扱い指示,83,77,83,85,0,0,0,0,0,0,0,
9,2322,オーバーラン,85,77,83,85,0,0,0,0,0,0,0,
9,2327,ミサイル一斉射撃,85,78,83,85,87,91,0,0,0,0,0,
9,2368,チルレーザー,85,78,83,85,87,91,0,0,0,0,0,
9,975,メンテナンス,85,79,89,92,0,0,0,0,0,0,0,
9,2369,ECM,85,80,83,86,88,90,0,0,0,0,0,
9,2387,アースクラッシュ,83,80,83,86,88,90,0,0,0,0,0,
9,2422,火炎放射,85,81,84,87,89,91,0,0,0,0,0,
9,2524,レールガン,87,81,95,97,108,109,0,0,0,0,0,
9,2424,オーバーチューン,85,83,88,92,0,0,0,0,0,0,0,
9,2423,スパークボール,85,84,86,88,90,92,0,0,0,0,0,
9,2549,リミットイクシード,87,85,98,100,107,109,0,0,0,0,0,
9,2489,マニューバー・アタッカー,87,85,99,103,105,106,0,0,0,0,0,
9,2500,マニューバー・ディフェンス,87,85,98,100,101,105,0,0,0,0,0,
9,2506,マニューバー・スピード,87,93,96,99,102,104,0,0,0,0,0,
9,2525,サテライト,87,94,99,102,104,106,0,0,0,0,0,
9,2509,ロックフォール,87,95,96,101,103,108,0,0,0,0,0,
#ファーマー系,スキルID,スキル名,対象ジョブID,スキルLV1,スキルLV2,スキルLV3,スキルLV4,スキルLV5,スキルLV6,スキルLV7,スキルLV8,スキルLV9,スキルLV10,
10,3128,栽培,91,1,0,0,0,0,0,0,0,0,0,
10,100,最大HP上昇,91,1,5,10,15,20,0,0,0,0,0,
10,102,最大SP上昇,91,1,6,11,16,21,0,0,0,0,0,
10,103,HP回復率上昇,91,1,6,11,16,21,0,0,0,0,0,
10,903,鑑定,91,1,0,0,0,0,0,0,0,0,0,
10,105,SP回復率上昇,91,1,7,12,17,22,0,0,0,0,0,
10,2110,ブロウ,91,1,4,8,12,16,0,0,0,0,0,
10,2328,マリオネット召喚,95,2,7,14,19,24,0,0,0,0,0,
10,2200,焚き火,91,3,5,7,0,0,0,0,0,0,0,
10,967,インソウル,95,3,0,0,0,0,0,0,0,0,0,
10,6050,ゴー！,93,3,0,0,0,0,0,0,0,0,0,
10,6051,戻れ！,93,3,0,0,0,0,0,0,0,0,0,
10,111,メイスマスタリー,91,5,15,25,35,50,0,0,0,0,0,
10,108,アックスマスタリー,91,5,15,25,35,50,0,0,0,0,0,
10,712,キャンプ,91,8,10,12,14,16,18,20,22,24,26,
10,2118,ファランクス,93,9,13,17,23,29,0,0,0,0,0,
10,2111,バニシングブロウ,91,9,13,17,23,29,0,0,0,0,0,
10,2169,グラストラップ,91,10,14,18,24,30,0,0,0,0,0,
10,2089,園芸,91,20,30,40,0,0,0,0,0,0,0,
10,904,フードファイター,93,22,28,33,38,43,0,0,0,0,0,
10,2170,ピットトラップ,91,22,28,33,38,43,0,0,0,0,0,
10,2196,ヒーリングツリー,91,24,29,34,39,44,0,0,0,0,0,
10,2040,料理,91,25,27,31,34,44,0,0,0,0,0,
10,2054,裁縫,91,26,32,37,42,45,0,0,0,0,0,
10,204,斧命中率上昇,91,30,36,41,46,56,0,0,0,0,0,
10,943,強化成功率上昇（魔力）,93,30,50,70,85,97,0,0,0,0,0,
10,2086,木製品修理キット作成,91,40,50,60,0,0,0,0,0,0,0,
10,2085,衣服修繕修理キット作成,91,40,50,60,0,0,0,0,0,0,0,
10,2214,植物分析,93,45,54,62,0,0,0,0,0,0,0,
10,2211,木材分析,93,45,54,62,0,0,0,0,0,0,0,
10,406,植物型ダメージ上昇,93,45,51,58,62,66,0,0,0,0,0,
10,500,精霊系ダメージ上昇,95,45,51,58,62,66,0,0,0,0,0,
10,2263,植物授業,93,45,86,90,0,0,0,0,0,0,0,
10,2198,ファーストエイド,93,46,52,57,62,67,0,0,0,0,0,
10,954,フードスロー,93,46,52,57,62,67,0,0,0,0,0,
10,909,ポーション効果上昇,93,47,49,58,63,68,0,0,0,0,0,
10,6200,プラントポイズン,93,47,53,58,63,68,0,0,0,0,0,
10,6206,硬質化,93,48,55,59,0,0,0,0,0,0,0,
10,122,ツーハンドアックスマスタリー,93,50,55,60,65,75,0,0,0,0,0,
10,133,マリオネットマスタリー,95,50,55,60,65,75,0,0,0,0,0,
10,807,植物知識,91,53,0,0,0,0,0,0,0,0,0,
10,804,木材知識,91,53,0,0,0,0,0,0,0,0,0,
10,2034,弓製造,91,53,55,56,57,58,0,0,0,0,0,
10,2510,プリックルシード,97,54,74,102,104,107,0,0,0,0,0,
10,2020,木材加工,91,55,59,64,0,0,0,0,0,0,0,
10,2009,アイテム精製,91,55,59,64,0,0,0,0,0,0,0,
10,980,チェンジマリオネット,95,55,0,0,0,0,0,0,0,0,0,
10,2022,薬品作成,93,56,59,63,65,68,0,0,0,0,0,
10,6202,ローズウィップ,93,57,61,64,66,69,0,0,0,0,0,
10,981,フォーティファイ,95,58,62,65,67,70,0,0,0,0,0,
10,6204,プラントヒーリング,93,58,62,65,67,70,0,0,0,0,0,
10,3096,ディレイボム,93,60,64,71,0,0,0,0,0,0,0,
10,2038,マリオネット製造,95,61,64,69,0,0,0,0,0,0,0,
10,2331,モンスターテイミング,95,61,66,71,76,81,0,0,0,0,0,
10,2335,クラッグシャワー,95,63,66,68,71,73,0,0,0,0,0,
10,2334,サンドトルネード,95,64,67,69,72,74,0,0,0,0,0,
10,4026,アタックアシスト,93,65,68,70,73,75,0,0,0,0,0,
10,2333,ブレイジングトルネード,95,66,68,71,73,80,0,0,0,0,0,
10,2497,黒薔薇の棘,97,66,78,81,105,108,0,0,0,0,0,
10,2329,マリオネットオーバーロード,95,68,72,77,0,0,0,0,0,0,0,
10,2024,クリエイトフィギュア,95,70,0,0,0,0,0,0,0,0,0,
10,2395,根性,93,70,0,0,0,0,0,0,0,0,0,
10,2332,ミストバーニング,95,71,73,75,77,79,0,0,0,0,0,
10,2371,パペット,95,74,78,81,83,84,0,0,0,0,0,
10,3400,クリエイトネコグルミ,97,75,98,106,0,0,0,0,0,0,0,
10,4028,クリティカルアシスト,93,76,78,80,0,0,0,0,0,0,0,
10,2370,マリオネットハーモニー,95,77,79,82,84,85,0,0,0,0,0,
10,2390,薬品投擲,93,77,79,82,84,85,0,0,0,0,0,
10,2254,農夫の鼻,93,77,83,85,0,0,0,0,0,0,0,
10,3333,マリオネットディスチャージ,95,83,85,88,0,0,0,0,0,0,0,
10,2389,ダストエクスプロージョン,93,84,86,88,90,92,0,0,0,0,0,
10,976,マネージマスタリー,95,85,0,0,0,0,0,0,0,0,0,
10,2547,ヤドリギショット,97,85,99,110,0,0,0,0,0,0,0,
10,3334,マリオネットキング召喚　火,95,87,90,95,0,0,0,0,0,0,0,
10,3336,マリオネットキング召喚　水,95,87,90,95,0,0,0,0,0,0,0,
10,3343,ケミカルプラント,93,88,89,92,94,97,0,0,0,0,0,
10,3338,マリオネットキング召喚　風,95,88,91,96,0,0,0,0,0,0,0,
10,3340,マリオネットキング召喚　土,95,88,93,96,0,0,0,0,0,0,0,
10,3413,ツインステッドプラント,97,89,109,0,0,0,0,0,0,0,0,
10,993,ハーヴェストマスター,97,90,100,101,103,0,0,0,0,0,0,
#レンジャー系,スキルID,スキル名,対象ジョブID,スキルLV1,スキルLV2,スキルLV3,スキルLV4,スキルLV5,スキルLV6,スキルLV7,スキルLV8,スキルLV9,スキルLV10,
11,713,ビバーク,101,1,5,10,15,20,0,0,0,0,0,
11,100,最大HP上昇,101,1,5,10,15,20,0,0,0,0,0,
11,102,最大SP上昇,101,1,6,11,16,21,0,0,0,0,0,
11,103,HP回復率上昇,101,1,6,11,16,21,0,0,0,0,0,
11,903,鑑定,101,1,0,0,0,0,0,0,0,0,0,
11,105,SP回復率上昇,101,1,7,12,17,22,0,0,0,0,0,
11,2110,ブロウ,101,1,4,8,12,16,0,0,0,0,0,
11,6050,ゴー！,103,1,0,0,0,0,0,0,0,0,0,
11,6051,戻れ！,103,1,0,0,0,0,0,0,0,0,0,
11,1112,お宝の極意,107,1,19,27,32,42,0,0,0,0,0,
11,2222,ケイブハイディング,103,2,9,12,0,0,0,0,0,0,0,
11,2221,ケイブビバーク,103,3,7,14,19,24,0,0,0,0,0,
11,2200,焚き火,101,3,5,7,0,0,0,0,0,0,0,
11,110,ショートソードマスタリー,101,5,15,25,35,50,0,0,0,0,0,
11,111,メイスマスタリー,101,5,15,25,35,50,0,0,0,0,0,
11,712,キャンプ,101,8,10,12,14,16,18,20,22,24,26,
11,2111,バニシングブロウ,101,9,13,17,23,29,0,0,0,0,0,
11,2104,罠発見,105,10,0,0,0,0,0,0,0,0,0,
11,2105,罠解除,105,10,0,0,0,0,0,0,0,0,0,
11,904,フードファイター,103,22,28,33,38,43,0,0,0,0,0,
11,2170,ピットトラップ,101,22,27,33,38,43,0,0,0,0,0,
11,2169,グラストラップ,101,23,28,34,39,44,0,0,0,0,0,
11,2135,スローダート,101,24,29,35,39,44,0,0,0,0,0,
11,2197,スリップトラップ,101,25,30,36,40,45,0,0,0,0,0,
11,2171,バーベッドトラップ,103,26,31,37,41,46,0,0,0,0,0,
11,206,短剣命中率上昇,101,30,36,41,46,56,0,0,0,0,0,
11,944,強化成功率上昇（命）,103,30,50,70,85,99,0,0,0,0,0,
11,2172,バンジステーク,103,37,41,44,47,51,0,0,0,0,0,
11,2087,革製品補修キット作成,101,40,50,60,0,0,0,0,0,0,0,
11,960,強運,105,42,62,72,0,0,0,0,0,0,0,
11,6300,ファングアタック,103,45,51,58,62,66,0,0,0,0,0,
11,2212,昆虫分析,103,45,54,62,0,0,0,0,0,0,0,
11,2264,採取授業,103,45,86,90,0,0,0,0,0,0,0,
11,2198,ファーストエイド,103,46,52,57,62,67,0,0,0,0,0,
11,2336,バックラッシュ,105,47,52,57,62,67,0,0,0,0,0,
11,2213,鳥分析,103,47,56,64,0,0,0,0,0,0,0,
11,6302,遠吠え,103,48,49,54,59,63,0,0,0,0,0,
11,129,ウィップマスタリー,105,50,55,60,65,75,0,0,0,0,0,
11,134,アンロックマスタリー,105,50,70,80,90,102,0,0,0,0,0,
11,2106,暗号解除,105,50,0,0,0,0,0,0,0,0,0,
11,806,鳥知識,101,53,0,0,0,0,0,0,0,0,0,
11,959,危険回避,105,53,58,61,64,67,0,0,0,0,0,
11,2428,警戒,105,54,72,75,85,0,0,0,0,0,0,
11,805,昆虫知識,101,55,0,0,0,0,0,0,0,0,0,
11,2009,アイテム精製,101,55,59,64,0,0,0,0,0,0,0,
11,2337,キャッチ,105,55,63,68,73,78,0,0,0,0,0,
11,2340,ウィップラッシュ,105,56,59,63,65,68,0,0,0,0,0,
11,2341,ウェポンキャプチャー,105,57,61,64,66,69,0,0,0,0,0,
11,2342,アーマーキャプチャー,105,57,61,64,66,69,0,0,0,0,0,
11,808,動物知識,101,58,0,0,0,0,0,0,0,0,0,
11,6304,挟撃,103,60,64,66,68,71,0,0,0,0,0,
11,2373,ウィップフロリッシュ,105,60,64,66,68,71,0,0,0,0,0,
11,812,水中生物知識,101,60,0,0,0,0,0,0,0,0,0,
11,4028,クリティカルアシスト,103,60,64,71,0,0,0,0,0,0,0,
11,953,餌まき,103,60,64,71,0,0,0,0,0,0,0,
11,2372,スナッチ,105,63,66,68,71,73,0,0,0,0,0,
11,4026,アタックアシスト,103,65,68,70,73,75,0,0,0,0,0,
11,2103,開錠,101,65,0,0,0,0,0,0,0,0,0,
11,311,罠ダメージ上昇,103,65,68,80,0,0,0,0,0,0,0,
11,3385,レストスキル,107,66,88,92,94,102,0,0,0,0,0,
11,2427,プルウィップ,105,70,72,74,76,78,0,0,0,0,0,
11,2395,根性,103,70,0,0,0,0,0,0,0,0,0,
11,2215,動物分析,103,74,80,85,0,0,0,0,0,0,0,
11,992,トレジャーマスター,107,75,89,97,104,109,0,0,0,0,0,
11,2392,目潰し,103,76,78,80,0,0,0,0,0,0,0,
11,3347,スタミナテイク,103,77,0,0,0,0,0,0,0,0,0,
11,2430,ソニックウィップ,105,77,79,82,84,87,0,0,0,0,0,
11,3403,疾風迅雷,107,81,95,97,103,107,0,0,0,0,0,
11,2391,死んだふり,103,82,0,0,0,0,0,0,0,0,0,
11,2478,ファシネイションボックス,103,83,86,91,0,0,0,0,0,0,0,
11,816,宝箱知識,101,84,0,0,0,0,0,0,0,0,0,
11,2429,エスケープ,105,87,0,0,0,0,0,0,0,0,0,
11,3402,リージョンビバーク,107,88,94,99,100,105,0,0,0,0,0,
11,3412,知識の書,107,89,106,110,0,0,0,0,0,0,0,
11,2482,アブサードウィップ,107,91,93,96,98,103,0,0,0,0,0,
11,2490,ロングレンジプルウィップ,107,93,95,97,101,104,0,0,0,0,0,
11,3382,マテリアルバインド,107,93,96,98,100,101,0,0,0,0,0,
11,2551,ピレッジアクト,107,95,97,108,0,0,0,0,0,0,0,
#マーチャント系,スキルID,スキル名,対象ジョブID,スキルLV1,スキルLV2,スキルLV3,スキルLV4,スキルLV5,スキルLV6,スキルLV7,スキルLV8,スキルLV9,スキルLV10,
12,702,パッキング,111,1,5,10,15,20,0,0,0,0,0,
12,100,最大HP上昇,111,1,5,10,15,20,0,0,0,0,0,
12,102,最大SP上昇,111,1,6,11,16,21,0,0,0,0,0,
12,103,HP回復率上昇,111,1,6,11,16,21,0,0,0,0,0,
12,903,鑑定,111,1,0,0,0,0,0,0,0,0,0,
12,105,SP回復率上昇,111,1,7,12,17,22,0,0,0,0,0,
12,2110,ブロウ,111,1,4,8,12,16,0,0,0,0,0,
12,704,プライスハイク,111,1,19,46,87,92,0,0,0,0,0,
12,703,ビートダウン,111,2,4,25,31,37,49,56,61,81,90,
12,2127,連続投げ,115,3,7,14,19,24,0,0,0,0,0,
12,2200,焚き火,111,3,5,7,0,0,0,0,0,0,0,
12,6050,ゴー！,113,3,0,0,0,0,0,0,0,0,0,
12,6051,戻れ！,113,3,0,0,0,0,0,0,0,0,0,
12,111,メイスマスタリー,111,5,15,25,35,50,0,0,0,0,0,
12,2347,スリーセブン,115,8,0,0,0,0,0,0,0,0,0,
12,712,キャンプ,111,8,10,12,14,16,18,20,22,24,26,
12,2492,スピリットマーキング,117,9,31,48,58,82,0,0,0,0,0,
12,2374,カードブーメラン,115,9,13,17,23,29,0,0,0,0,0,
12,2111,バニシングブロウ,111,9,13,17,23,29,0,0,0,0,0,
12,2501,クリティカルマーキング,117,10,36,42,59,84,0,0,0,0,0,
12,2071,亀の構え,111,12,18,24,0,0,0,0,0,0,0,
12,2173,応援,111,13,18,27,32,37,0,0,0,0,0,
12,905,ごうりき,111,14,22,27,32,37,0,0,0,0,0,
12,904,フードファイター,113,22,28,33,38,43,0,0,0,0,0,
12,6400,チップ,113,24,29,34,39,44,0,0,0,0,0,
12,705,信頼,113,30,34,40,0,0,0,0,0,0,0,
12,945,強化成功率上昇（クリティカル）,113,30,50,70,85,99,0,0,0,0,0,
12,2180,ライオットハンマー,111,37,41,44,47,51,0,0,0,0,0,
12,2186,ファシーボイス,111,40,45,49,53,55,0,0,0,0,0,
12,2438,トリックダイス,115,41,0,0,0,0,0,0,0,0,0,
12,2035,投擲武器作成,115,42,43,45,47,50,0,0,0,0,0,
12,2218,人間分析,113,45,54,62,0,0,0,0,0,0,0,
12,2198,ファーストエイド,113,46,52,57,62,67,0,0,0,0,0,
12,2223,なすりつけ,113,48,52,54,58,70,0,0,0,0,0,
12,960,強運,115,50,65,75,0,0,0,0,0,0,0,
12,973,悪運,115,50,65,75,0,0,0,0,0,0,0,
12,906,バッグマスタリー,113,50,55,60,65,75,0,0,0,0,0,
12,112,スローマスタリー,115,50,55,60,65,75,0,0,0,0,0,
12,2225,ダットフット,113,51,53,57,59,61,0,0,0,0,0,
12,811,人間知識,113,53,0,0,0,0,0,0,0,0,0,
12,2491,ダメージマーキング,117,54,75,89,110,0,0,0,0,0,0,
12,6402,アディショナルチャージ,113,55,63,68,73,78,0,0,0,0,0,
12,948,ウェイトコントロール,113,56,59,63,65,68,0,0,0,0,0,
12,972,イカサマ,115,60,64,66,68,72,0,0,0,0,0,
12,959,危険回避,115,60,64,66,68,72,0,0,0,0,0,
12,4028,クリティカルアシスト,113,60,64,71,0,0,0,0,0,0,0,
12,6450,傭兵回復率上昇,113,63,67,69,72,74,0,0,0,0,0,
12,3286,ランダムヒーリング,115,64,68,71,0,0,0,0,0,0,0,
12,4026,アタックアシスト,113,65,68,70,73,75,0,0,0,0,0,
12,3349,ドロップバースト,113,66,108,0,0,0,0,0,0,0,0,
12,995,鞄の達人,117,68,0,0,0,0,0,0,0,0,0,
12,2348,女は愛嬌、男は度胸,115,69,72,74,76,78,0,0,0,0,0,
12,2350,一か八か,115,69,72,74,76,78,0,0,0,0,0,
12,2377,ダブルアップ,115,70,0,0,0,0,0,0,0,0,0,
12,2395,根性,113,70,0,0,0,0,0,0,0,0,0,
12,2393,商人召喚,113,70,0,0,0,0,0,0,0,0,0,
12,3287,ルーレットヒーリング,115,73,78,83,0,0,0,0,0,0,0,
12,2375,コインシュート,115,74,75,77,79,80,0,0,0,0,0,
12,2376,スキルブレイク,115,76,77,79,0,0,0,0,0,0,0,
12,2227,扇動,113,78,83,85,87,91,0,0,0,0,0,
12,2439,猪鹿蝶,115,78,83,85,88,91,0,0,0,0,0,
12,2433,アルカナカード,115,80,85,86,88,89,0,0,0,0,0,
12,3404,レトリック,117,81,95,98,103,107,0,0,0,0,0,
12,3348,コモンマーセナリー,113,82,94,96,0,0,0,0,0,0,0,
12,2394,ビートスマッシュ,113,84,86,88,90,92,0,0,0,0,0,
12,1114,幸運の女神,117,85,95,102,104,109,0,0,0,0,0,
12,989,ディーラーの手腕,117,89,93,97,100,102,0,0,0,0,0,
12,2502,パーフェクトライオットスタンプ,117,93,96,98,101,104,0,0,0,0,0,
12,2517,ストレートフラッシュ,117,94,97,99,100,105,0,0,0,0,0,
12,2558,フォールスマネー,117,98,100,103,106,108,0,0,0,0,0,
12,2351,エニグマ,115,101,0,0,0,0,0,0,0,0,0,
