#可染色ID列表,
#ItemID,染色源ItemID
81302300,50094900
81302101,50079600
81302100,50079600
61084101,61084100
61084100,61084100
61073853,61073800
61073852,61073800
61073851,61073800
61073850,61073800
61073803,61073800
61073802,61073800
61073801,61073800
61073800,61073800
61073703,61073700
61073702,61073700
61073701,61073700
61073700,61073700
61073302,61073300
61073301,61073300
61073300,61073300
61073101,61073100
61073100,61073100
61073001,61073000
61073000,61073000
61072704,61072700
61072703,61072700
61072702,61072700
61072701,61072700
61072700,61072700
61072101,61072100
61072100,61072100
61071802,61071800
61071801,61071800
61071800,61071800
61071701,61071700
61071700,61071700
61071502,61071500
61071501,61071500
61071500,61071500
61071402,61071400
61071401,61071400
61071400,61071400
61071102,61071100
61071101,61071100
61071100,61071100
61070702,61070700
61070701,61070700
61070700,61070700
61070307,61070300
61070306,61070300
61070305,61070300
61070304,61070300
61070303,61070300
61070302,61070300
61070301,61070300
61070300,61070300
61070001,61070000
61070000,61070000
61041701,61041700
61041700,61041700
61041502,61041500
61041501,61041500
61041500,61041500
61030802,61030800
61030801,61030800
61030800,61030800
61024703,61024700
61024702,61024700
61024701,61024700
61024700,61024700
61024502,61024500
61024501,61024500
61024500,61024500
61024302,61024300
61024301,61024300
61024300,61024300
61024208,61024200
61024207,61024200
61024206,61024200
61024205,61024200
61024204,61024200
61024203,61024200
61024202,61024200
61024201,61024200
61024200,61024200
61024008,61024000
61024007,61024000
61024006,61024000
61024005,61024000
61024004,61024000
61024003,61024000
61024002,61024000
61024001,61024000
61024000,61024000
61023002,61023000
61023001,61023000
61023000,61023000
61022808,61022800
61022807,61022800
61022806,61022800
61022805,61022800
61022804,61022800
61022803,61022800
61022802,61022800
61022801,61022800
61022800,61022800
61022502,61022500
61022501,61022500
61022500,61022500
60172202,60172200
60172201,60172200
60172200,60172200
60172163,60172100
60172162,60172100
60172161,60172100
60172160,60172100
60172153,60172100
60172152,60172100
60172151,60172100
60172150,60172100
60172103,60172100
60172102,60172100
60172101,60172100
60172100,60172100
60172002,60171900
60172001,60171900
60172000,60171900
60171902,60171900
60171901,60171900
60171900,60171900
60171803,60171800
60171802,60171800
60171801,60171800
60171800,60171800
60171702,60171700
60171701,60171700
60171700,60171700
60171602,60171600
60171601,60171600
60171600,60171600
60171402,60171400
60171401,60171400
60171400,60171400
60171302,60171300
60171301,60171300
60171300,60171300
60171202,60171200
60171201,60171200
60171200,60171200
60171152,60171100
60171151,60171100
60171150,60171100
60171102,60171100
60171101,60171100
60171100,60171100
60171052,60171000
60171051,60171000
60171050,60171000
60171002,60171000
60171001,60171000
60171000,60171000
60170922,60170900
60170921,60170900
60170920,60170900
60170912,60170900
60170911,60170900
60170910,60170900
60170902,60170900
60170901,60170900
60170900,60170900
60170702,60170700
60170701,60170700
60170700,60170700
60170602,60170600
60170601,60170600
60170600,60170600
60170552,60170500
60170551,60170500
60170550,60170500
60170502,60170500
60170501,60170500
60170500,60170500
60170403,60170400
60170402,60170400
60170401,60170400
60170400,60170400
60170202,60170200
60170201,60170200
60170200,60170200
60170103,60170100
60170102,60170100
60170101,60170100
60170100,60170100
60170003,60170000
60170002,60170000
60170001,60170000
60170000,60170000
60169902,60169900
60169901,60169900
60169900,60169900
60169852,60169800
60169851,60169800
60169850,60169800
60169802,60169800
60169801,60169800
60169800,60169800
60169752,60169700
60169751,60169700
60169750,60169700
60169702,60169700
60169701,60169700
60169700,60169700
60169652,60169600
60169651,60169600
60169650,60169600
60169602,60169600
60169601,60169600
60169600,60169600
60169502,60169500
60169501,60169500
60169500,60169500
60169452,60169400
60169451,60169400
60169450,60169400
60169402,60169400
60169401,60169400
60169400,60169400
60169302,60169300
60169301,60169300
60169300,60169300
60169252,60169200
60169251,60169200
60169250,60169200
60169202,60169200
60169201,60169200
60169200,60169200
60169102,60169100
60169101,60169100
60169100,60169100
60169002,60169000
60169001,60169000
60169000,60169000
60168803,60168800
60168802,60168800
60168801,60168800
60168800,60168800
60168753,60168700
60168752,60168700
60168751,60168700
60168750,60168700
60168703,60168700
60168702,60168700
60168701,60168700
60168700,60168700
60168602,60168600
60168601,60168600
60168600,60168600
60168552,60168500
60168551,60168500
60168550,60168500
60168502,60168500
60168501,60168500
60168500,60168500
60168253,60168200
60168252,60168200
60168251,60168200
60168250,60168200
60168203,60168200
60168202,60168200
60168201,60168200
60168200,60168200
60168102,60168100
60168101,60168100
60168100,60168100
60167602,60167600
60167601,60167600
60167600,60167600
60167502,60167500
60167501,60167500
60167500,60167500
60167402,60167400
60167401,60167400
60167400,60167400
60167302,60167300
60167301,60167300
60167300,60167300
60167202,60167200
60167201,60167200
60167200,60167200
60167102,60167100
60167101,60167100
60167100,60167100
60167002,60167000
60167001,60167000
60167000,60167000
60166902,60166900
60166901,60166900
60166900,60166900
60166803,60166800
60166802,60166800
60166801,60166800
60166800,60166800
60166752,60166700
60166751,60166700
60166750,60166700
60166702,60166700
60166701,60166700
60166700,60166700
60166602,60166600
60166601,60166600
60166600,60166600
60166502,60166500
60166501,60166500
60166500,60166500
60166402,60166400
60166401,60166400
60166400,60166400
60166103,60166100
60166102,60166100
60166101,60166100
60166100,60166100
60166052,60166000
60166051,60166000
60166050,60166000
60166002,60166000
60166001,60166000
60166000,60166000
60165802,60165800
60165801,60165800
60165800,60165800
60165702,60165700
60165701,60165700
60165700,60165700
60165602,60165600
60165601,60165600
60165600,60165600
60165503,60165500
60165502,60165500
60165501,60165500
60165500,60165500
60165403,60165400
60165402,60165400
60165401,60165400
60165400,60165400
60165303,60165300
60165302,60165300
60165301,60165300
60165300,60165300
60165202,60165200
60165201,60165200
60165200,60165200
60165152,60165100
60165151,60165100
60165150,60165100
60165102,60165100
60165101,60165100
60165100,60165100
60165052,60165000
60165051,60165000
60165050,60165000
60165002,60165000
60165001,60165000
60165000,60165000
60164802,60164800
60164801,60164800
60164800,60164800
60164752,60164700
60164751,60164700
60164750,60164700
60164702,60164700
60164701,60164700
60164700,60164700
60164602,60164500
60164601,60164500
60164600,60164500
60164502,60164500
60164501,60164500
60164500,60164500
60164402,60164400
60164401,60164400
60164400,60164400
60164302,60164300
60164301,60164300
60164300,60164300
60164202,60164200
60164201,60164200
60164200,60164200
60164102,60164100
60164101,60164100
60164100,60164100
60164002,60164000
60164001,60164000
60164000,60164000
60163902,60163900
60163901,60163900
60163900,60163900
60163802,60163800
60163801,60163800
60163800,60163800
60163702,60163700
60163701,60163700
60163700,60163700
60163652,60163600
60163651,60163600
60163650,60163600
60163602,60163600
60163601,60163600
60163600,60163600
60163402,60163400
60163401,60163400
60163400,60163400
60163303,60163300
60163302,60163300
60163301,60163300
60163300,60163300
60163202,60163200
60163201,60163200
60163200,60163200
60163102,60163100
60163101,60163100
60163100,60163100
60162902,60162900
60162901,60162900
60162900,60162900
60162802,60162800
60162801,60162800
60162800,60162800
60162752,60162700
60162751,60162700
60162750,60162700
60162702,60162700
60162701,60162700
60162700,60162700
60162602,60162600
60162601,60162600
60162600,60162600
60162502,60162500
60162501,60162500
60162500,60162500
60162402,60162400
60162401,60162400
60162400,60162400
60162302,60162300
60162301,60162300
60162300,60162300
60162202,60162200
60162201,60162200
60162200,60162200
60162002,60162000
60162001,60162000
60162000,60162000
60161902,60161900
60161901,60161900
60161900,60161900
60161803,60161800
60161802,60161800
60161801,60161800
60161800,60161800
60161702,60161700
60161701,60161700
60161700,60161700
60161403,60161400
60161402,60161400
60161401,60161400
60161400,60161400
60161304,60161300
60161302,60161300
60161301,60161300
60161300,60161300
60161203,60161200
60161202,60161200
60161201,60161200
60161200,60161200
60161103,60161100
60161102,60161100
60161101,60161100
60161100,60161100
60161002,60161000
60161001,60161000
60161000,60161000
60160952,60160900
60160951,60160900
60160950,60160900
60160902,60160900
60160901,60160900
60160900,60160900
60160802,60160800
60160801,60160800
60160800,60160800
60160702,60160700
60160701,60160700
60160700,60160700
60160602,60160600
60160601,60160600
60160600,60160600
60160552,60160500
60160551,60160500
60160550,60160500
60160502,60160500
60160501,60160500
60160500,60160500
60160402,60160400
60160401,60160400
60160400,60160400
60160302,60160300
60160301,60160300
60160300,60160300
60160102,60160100
60160101,60160100
60160100,60160100
60160002,60160000
60160001,60160000
60160000,60160000
60159902,60159900
60159901,60159900
60159900,60159900
60159852,60159800
60159851,60159800
60159850,60159800
60159802,60159800
60159801,60159800
60159800,60159800
60159702,60159700
60159701,60159700
60159700,60159700
60159605,60159603
60159604,60159603
60159603,60159603
60159602,60159600
60159601,60159600
60159600,60159600
60159502,60159500
60159501,60159500
60159500,60159500
60159402,60159400
60159401,60159400
60159400,60159400
60159302,60159200
60159301,60159200
60159300,60159200
60159202,60159200
60159201,60159200
60159200,60159200
60159108,60159106
60159107,60159106
60159106,60159106
60159105,60159103
60159104,60159103
60159103,60159103
60159102,60159100
60159101,60159100
60159100,60159100
60159052,60159000
60159051,60159000
60159050,60159000
60159005,60159003
60159004,60159003
60159003,60159003
60159002,60159000
60159001,60159000
60159000,60159000
60158952,60158900
60158951,60158900
60158950,60158900
60158902,60158900
60158901,60158900
60158900,60158900
60158805,60158803
60158804,60158803
60158803,60158803
60158802,60158800
60158801,60158800
60158800,60158800
60158606,60158604
60158605,60158604
60158604,60158604
60158603,60158600
60158602,60158600
60158601,60158600
60158600,60158600
60158502,60158500
60158501,60158500
60158500,60158500
60158403,60158400
60158402,60158400
60158401,60158400
60158400,60158400
60158302,60158300
60158301,60158300
60158300,60158300
60158202,60158200
60158201,60158200
60158200,60158200
60158102,60158100
60158101,60158100
60158100,60158100
60158002,60158000
60158001,60158000
60158000,60158000
60157903,60157900
60157902,60157900
60157901,60157900
60157900,60157900
60157705,60157703
60157704,60157703
60157703,60157703
60157702,60157700
60157701,60157700
60157700,60157700
60157602,60157600
60157601,60157600
60157600,60157600
60157502,60157500
60157501,60157500
60157500,60157500
60157405,60157403
60157404,60157403
60157403,60157403
60157402,60157400
60157401,60157400
60157400,60157400
60157205,60157203
60157204,60157203
60157203,60157203
60157202,60157200
60157201,60157200
60157200,60157200
60157102,60157100
60157101,60157100
60157100,60157100
60157052,60157000
60157051,60157000
60157050,60157000
60157002,60157000
60157001,60157000
60157000,60157000
60156905,60156903
60156904,60156903
60156903,60156903
60156902,60156900
60156901,60156900
60156900,60156900
60156802,60156800
60156801,60156800
60156800,60156800
60156702,60156700
60156701,60156700
60156700,60156700
60156602,60156600
60156601,60156600
60156600,60156600
60156503,60156500
60156502,60156500
60156501,60156500
60156500,60156500
60156305,60156303
60156304,60156303
60156303,60156303
60156302,60156300
60156301,60156300
60156300,60156300
60156202,60156200
60156201,60156200
60156200,60156200
60156102,60156100
60156101,60156100
60156100,60156100
60156055,60156003
60156054,60156003
60156053,60156003
60156052,60156000
60156051,60156000
60156050,60156000
60156005,60156003
60156004,60156003
60156003,60156003
60156002,60156000
60156001,60156000
60156000,60156000
60155902,60155900
60155901,60155900
60155900,60155900
60155502,60155500
60155501,60155500
60155500,60155500
60155402,60155400
60155401,60155400
60155400,60155400
60155303,60155300
60155302,60155300
60155301,60155300
60155300,60155300
60155202,60155200
60155201,60155200
60155200,60155200
60155102,60155100
60155101,60155100
60155100,60155100
60155005,60155003
60155004,60155003
60155003,60155003
60155002,60155000
60155001,60155000
60155000,60155000
60154902,60154900
60154901,60154900
60154900,60154900
60154801,60154800
60154800,60154800
60154751,60154700
60154750,60154700
60154701,60154700
60154700,60154700
60154602,60154600
60154601,60154600
60154600,60154600
60154505,60154503
60154504,60154503
60154503,60154503
60154502,60154500
60154501,60154500
60154500,60154500
60154402,60154400
60154401,60154400
60154400,60154400
60154303,60154300
60154302,60154300
60154301,60154300
60154300,60154300
60154252,60154200
60154251,60154200
60154250,60154200
60154205,60154203
60154204,60154203
60154203,60154203
60154202,60154200
60154201,60154200
60154200,60154200
60154152,60154100
60154151,60154100
60154150,60154100
60154102,60154100
60154101,60154100
60154100,60154100
60154052,60154000
60154051,60154000
60154050,60154000
60154002,60154000
60154001,60154000
60154000,60154000
60153952,60153900
60153951,60153900
60153950,60153900
60153902,60153900
60153901,60153900
60153900,60153900
60153802,60153800
60153801,60153800
60153800,60153800
60153707,60153700
60153706,60153700
60153705,60153700
60153704,60153700
60153703,60153700
60153702,60153700
60153701,60153700
60153700,60153700
60153652,60153600
60153651,60153600
60153650,60153600
60153602,60153600
60153601,60153600
60153600,60153600
60153503,60153500
60153502,60153500
60153501,60153500
60153500,60153500
60153352,60153300
60153351,60153300
60153350,60153300
60153302,60153300
60153301,60153300
60153300,60153300
60153252,60153200
60153251,60153200
60153250,60153200
60153202,60153200
60153201,60153200
60153200,60153200
60153102,60153100
60153101,60153100
60153100,60153100
60153003,60153000
60153002,60153000
60153001,60153000
60153000,60153000
60152902,60152900
60152901,60152900
60152900,60152900
60152803,60152800
60152802,60152800
60152801,60152800
60152800,60152800
60152702,60152700
60152701,60152700
60152700,60152700
60152603,60152600
60152602,60152600
60152601,60152600
60152600,60152600
60152505,60152503
60152504,60152503
60152503,60152503
60152502,60152500
60152501,60152500
60152500,60152500
60152402,60152400
60152401,60152400
60152400,60152400
60152302,60152300
60152301,60152300
60152300,60152300
60152202,60152200
60152201,60152200
60152200,60152200
60151902,60151900
60151901,60151900
60151900,60151900
60151805,60151800
60151804,60151800
60151803,60151800
60151802,60151800
60151801,60151800
60151800,60151800
60151702,60151700
60151701,60151700
60151700,60151700
60151605,60151603
60151604,60151603
60151603,60151603
60151602,60151600
60151601,60151600
60151600,60151600
60151502,60151500
60151501,60151500
60151500,60151500
60151405,60151400
60151404,60151400
60151403,60151400
60151402,60151400
60151401,60151400
60151400,60151400
60151302,60151300
60151301,60151300
60151300,60151300
60151203,60151200
60151202,60151200
60151201,60151200
60151200,60151200
60151105,60151103
60151104,60151103
60151103,60151103
60151102,60151100
60151101,60151100
60151100,60151100
60151052,60151000
60151051,60151000
60151050,60151000
60151005,60151003
60151004,60151003
60151003,60151003
60151002,60151000
60151001,60151000
60151000,60151000
60150902,60150900
60150901,60150900
60150900,60150900
60150802,60150800
60150801,60150800
60150800,60150800
60150702,60150700
60150701,60150700
60150700,60150700
60150603,60150600
60150602,60150600
60150601,60150600
60150600,60150600
60150502,60150500
60150501,60150500
60150500,60150500
60150402,60150400
60150401,60150400
60150400,60150400
60149202,60149200
60149201,60149200
60149200,60149200
60149102,60149100
60149101,60149100
60149100,60149100
60149002,60149000
60149001,60149000
60149000,60149000
60148951,60148900
60148950,60148900
60148901,60148900
60148900,60148900
60146202,60146200
60146201,60146200
60146200,60146200
60146102,60146100
60146101,60146100
60146100,60146100
60146052,60146000
60146051,60146000
60146050,60146000
60146002,60146000
60146001,60146000
60146000,60146000
60145902,60145900
60145901,60145900
60145900,60145900
60145801,60145800
60145800,60145800
60145701,60145700
60145700,60145700
60145601,60145600
60145600,60145600
60145501,60145500
60145500,60145500
60145401,60145400
60145400,60145400
60145202,60145200
60145201,60145200
60145200,60145200
60145102,60145100
60145101,60145100
60145100,60145100
60145005,60145003
60145004,60145003
60145003,60145003
60145002,60145000
60145001,60145000
60145000,60145000
60144952,60144950
60144951,60144950
60144950,60144950
60144902,60144900
60144901,60144900
60144900,60144900
60144804,60144702
60144803,60144702
60144802,60144702
60144801,60144700
60144800,60144700
60144704,60144702
60144703,60144702
60144702,60144702
60144701,60144700
60144700,60144700
60144602,60144600
60144601,60144600
60144600,60144600
60144504,60144500
60144503,60144500
60144502,60144500
60144501,60144500
60144500,60144500
60143502,60143500
60143501,60143500
60143500,60143500
60143452,60143450
60143451,60143450
60143450,60143450
60143402,60143400
60143401,60143400
60143400,60143400
60143305,60143303
60143304,60143303
60143303,60143303
60143302,60143300
60143301,60143300
60143300,60143300
60143206,60143204
60143205,60143204
60143204,60143204
60143203,60143200
60143202,60143200
60143201,60143200
60143200,60143200
60143102,60143100
60143101,60143100
60143100,60143100
60143002,60143000
60143001,60143000
60143000,60143000
60142902,60142900
60142901,60142900
60142900,60142900
60142801,60142800
60142800,60142800
60142402,60142400
60142401,60142400
60142400,60142400
60142302,60142300
60142301,60142300
60142300,60142300
60142205,60142200
60142204,60142200
60142203,60142200
60142202,60142200
60142201,60142200
60142200,60142200
60142154,60142104
60142153,60142104
60142152,60142104
60142106,60142104
60142105,60142104
60142104,60142104
60142103,60142100
60142102,60142100
60142101,60142100
60142100,60142100
60142002,60142000
60142001,60142000
60142000,60142000
60141902,60141900
60141901,60141900
60141900,60141900
60141802,60141800
60141801,60141800
60141800,60141800
60141602,60141600
60141601,60141600
60141600,60141600
60141502,60141500
60141501,60141500
60141500,60141500
60141402,60141400
60141401,60141400
60141400,60141400
60141306,60141304
60141305,60141304
60141304,60141304
60141302,60141300
60141301,60141300
60141300,60141300
60140951,60140900
60140950,60140900
60140901,60140900
60140900,60140900
60140802,60140800
60140801,60140800
60140800,60140800
60140702,60140700
60140701,60140700
60140700,60140700
60140602,60140600
60140601,60140600
60140600,60140600
60140503,60140500
60140502,60140500
60140501,60140500
60140500,60140500
60140402,60140400
60140401,60140400
60140400,60140400
60140303,60140300
60140302,60140300
60140301,60140300
60140300,60140300
60140202,60140200
60140201,60140200
60140200,60140200
60140102,60140100
60140101,60140100
60140100,60140100
60140002,60140000
60140001,60140000
60140000,60140000
60139802,60139800
60139801,60139800
60139800,60139800
60139702,60139700
60139701,60139700
60139700,60139700
60139602,60139600
60139601,60139600
60139600,60139600
60139202,60139200
60139201,60139200
60139200,60139200
60139103,60139100
60139102,60139100
60139101,60139100
60139100,60139100
60139002,60139000
60139001,60139000
60139000,60139000
60138201,60138200
60138200,60138200
60138102,60138100
60138101,60138100
60138100,60138100
60138005,60138003
60138004,60138003
60138003,60138003
60138001,60138000
60138000,60138000
60137902,60137900
60137901,60137900
60137900,60137900
60137701,60137700
60137700,60137700
60137601,60137600
60137600,60137600
60137501,60137500
60137500,60137500
60137401,60137400
60137400,60137400
60136501,60136500
60136500,60136500
60136402,60136400
60136401,60136400
60136400,60136400
60136204,60136202
60136203,60136202
60136202,60136202
60136201,60136200
60136200,60136200
60136101,60136100
60136100,60136100
60136001,60136000
60136000,60136000
60135804,60135802
60135803,60135802
60135802,60135802
60135801,60135800
60135800,60135800
60135701,60135700
60135700,60135700
60135601,60135600
60135600,60135600
60135503,60135500
60135502,60135500
60135501,60135500
60135500,60135500
60135303,60135300
60135302,60135300
60135301,60135300
60135300,60135300
60134102,60134100
60134101,60134100
60134100,60134100
60134001,60134000
60134000,60134000
60133904,60133902
60133903,60133902
60133902,60133902
60133901,60133900
60133900,60133900
60133803,60133800
60133802,60133800
60133801,60133800
60133800,60133800
60133003,60133000
60133002,60133000
60133001,60133000
60133000,60133000
60125903,60125901
60125902,60125901
60125901,60125901
60125203,60125201
60125202,60125201
60125201,60125201
60115805,60115802
60115804,60115802
60115803,60115802
60115802,60115802
60115605,60115603
60115604,60115603
60115603,60115603
60115003,60115001
60115002,60115001
60115001,60115001
60113003,60113001
60113002,60113001
60113001,60113001
60111404,60111402
60111403,60111402
60111402,60111402
60097202,60097200
60097201,60097200
60097200,60097200
60097002,60097000
60097001,60097000
60097000,60097000
60095703,60095702
60095702,60095702
60095701,60095700
60095700,60095700
60095601,60095600
60095600,60095600
60095501,60095500
60095500,60095500
60094801,60094800
60094800,60094800
60084954,60084952
60084953,60084952
60084952,60084952
60084951,60084950
60084950,60084950
60075702,60075600
60075701,60075600
60075700,60075600
60075602,60075600
60075601,60075600
60075600,60075600
60075552,60075500
60075551,60075500
60075550,60075500
60075502,60075500
60075501,60075500
60075500,60075500
60075253,60075200
60075252,60075200
60075251,60075200
60075250,60075200
60075203,60075200
60075202,60075200
60075201,60075200
60075200,60075200
60075001,60075000
60075000,60075000
60074902,60074900
60074901,60074900
60074900,60074900
60074201,60074200
60074200,60074200
60073901,60073900
60073900,60073900
60073801,60073800
60073800,60073800
60064202,60064200
60064201,60064200
60064200,60064200
60064102,60064200
60064101,60064200
60064100,60064200
60063902,60097000
60063901,60097000
60063900,60097000
60063802,60097000
60063801,60097000
60063800,60097000
60063100,60063100
60054702,60054700
60054701,60054700
60054700,60054700
60054402,60054400
60054401,60054400
60054400,60054400
60054051,60054000
60054050,60054000
60054001,60054000
60054000,60054000
60053201,60074200
60053200,60074200
60053101,60053100
60053100,60053100
60053000,60063100
60047001,60075000
60047000,60075000
60046901,60075000
60046900,60075000
60046802,60054400
60046801,60054400
60046800,60054400
60045902,60045900
60045901,60045900
60045900,60045900
60045701,60074200
60045700,60074200
60035602,60064200
60035601,60064200
60035600,60064200
60035402,61073300
60035401,61073300
60035400,61073300
60035302,60035300
60035301,60035300
60035300,60035300
60035002,60035000
60035001,60035000
60035000,60035000
60034802,60034800
60034801,60034800
60034800,60034800
60034701,60034700
60034700,60034700
60034602,60034600
60034601,60034600
60034600,60034600
60034302,60034300
60034301,60034300
60034300,60034300
60034000,60029000
60033802,60033800
60033801,60033800
60033800,60033800
60033700,60027800
60033201,60033200
60033200,60033200
60031801,60031801
60029601,60029400
60029600,60029400
60029401,60029400
60029400,60029400
60029350,60029300
60029300,60029300
60029000,60029000
60028201,60028100
60028200,60028100
60028101,60028100
60028100,60028100
60027900,60027800
60027800,60027800
60027701,60053100
60027700,60053100
60027600,60063100
60027550,60027500
60027500,60027500
60027201,60027200
60027200,60027200
60027101,60027100
60027100,60027100
60026901,60026900
60026900,60026900
60015202,60015100
60015201,60015100
60015200,60015100
60015102,60015100
60015101,60015100
60015100,60015100
60014802,60014700
60014801,60014700
60014800,60014700
60014702,60014700
60014701,60014700
60014700,60014700
60014502,60014400
60014501,60014400
60014500,60014400
60014402,60014400
60014401,60014400
60014400,60014400
60014302,60014300
60014301,60014300
60014300,60014300
60014203,60014200
60014202,60014200
60014201,60014200
60014200,60014200
60014151,60014100
60014150,60014100
60014101,60014100
60014100,60014100
60013902,60013900
60013901,60013900
60013900,60013900
60013801,60013800
60013800,60013800
60013702,61073300
60013701,61073300
60013700,61073300
60013602,60013600
60013601,60013600
60013600,60013600
60013502,60054400
60013501,60054400
60013500,60054400
60013403,60013400
60013402,60013400
60013401,60013400
60013400,60013400
60013202,60013200
60013201,60013200
60013200,60013200
60013151,60013100
60013150,60013100
60013101,60013100
60013100,60013100
50501202,50501200
50501201,50501200
50501200,50501200
50500802,50500800
50500801,50500800
50500800,50500800
50500703,50500700
50500702,50500700
50500701,50500700
50500700,50500700
50500602,50500600
50500601,50500600
50500600,50500600
50500502,50500500
50500501,50500500
50500500,50500500
50500402,50500400
50500401,50500400
50500400,50500400
50500351,50500300
50500350,50500300
50500301,50500300
50500300,50500300
50500003,50500000
50500002,50500000
50500001,50500000
50500000,50500000
50257402,50257400
50257401,50257400
50257400,50257400
50257302,50257300
50257301,50257300
50257300,50257300
50257202,50257100
50257201,50257100
50257200,50257100
50257102,50257100
50257101,50257100
50257100,50257100
50256953,50256900
50256952,50256900
50256951,50256900
50256950,50256900
50256903,50256900
50256902,50256900
50256901,50256900
50256900,50256900
50256802,50256800
50256801,50256800
50256800,50256800
50256702,50256700
50256701,50256700
50256700,50256700
50256602,50256600
50256601,50256600
50256600,50256600
50256552,50256500
50256551,50256500
50256550,50256500
50256502,50256500
50256501,50256500
50256500,50256500
50256402,50256200
50256401,50256200
50256400,50256200
50256352,50256300
50256351,50256300
50256350,50256300
50256302,50256300
50256301,50256300
50256300,50256300
50256252,50256200
50256251,50256200
50256250,50256200
50256202,50256200
50256201,50256200
50256200,50256200
50256102,50256100
50256101,50256100
50256100,50256100
50255902,50255600
50255901,50255600
50255900,50255600
50255802,50255800
50255801,50255800
50255800,50255800
50255702,50255700
50255701,50255700
50255700,50255700
50255602,50255600
50255601,50255600
50255600,50255600
50255502,50255500
50255501,50255500
50255500,50255500
50255403,50255400
50255402,50255400
50255401,50255400
50255400,50255400
50255302,50255300
50255301,50255300
50255300,50255300
50255202,50255200
50255201,50255200
50255200,50255200
50255152,50255100
50255151,50255100
50255150,50255100
50255102,50255100
50255101,50255100
50255100,50255100
50254802,50254800
50254801,50254800
50254800,50254800
50254752,50254700
50254751,50254700
50254750,50254700
50254702,50254700
50254701,50254700
50254700,50254700
50254602,50254600
50254601,50254600
50254600,50254600
50254502,50254500
50254501,50254500
50254500,50254500
50254402,50254400
50254401,50254400
50254400,50254400
50254302,50254300
50254301,50254300
50254300,50254300
50254202,50254200
50254201,50254200
50254200,50254200
50254003,50254000
50254002,50254000
50254001,50254000
50254000,50254000
50253903,50253900
50253902,50253900
50253901,50253900
50253900,50253900
50253802,50253800
50253801,50253800
50253800,50253800
50253702,50253700
50253701,50253700
50253700,50253700
50253103,50253100
50253102,50253100
50253101,50253100
50253100,50253100
50252402,50252400
50252401,50252400
50252400,50252400
50252202,50252200
50252201,50252200
50252200,50252200
50252102,50252100
50252101,50252100
50252100,50252100
50251752,50251700
50251751,50251700
50251750,50251700
50251702,50251700
50251701,50251700
50251700,50251700
50251602,50251600
50251601,50251600
50251600,50251600
50251502,50251500
50251501,50251500
50251500,50251500
50251402,50251400
50251401,50251400
50251400,50251400
50251302,50251300
50251301,50251300
50251300,50251300
50251102,50251100
50251101,50251100
50251100,50251100
50251005,50251003
50251004,50251003
50251003,50251003
50251002,50251000
50251001,50251000
50251000,50251000
50250703,50250700
50250702,50250700
50250701,50250700
50250700,50250700
50250603,50250600
50250602,50250600
50250601,50250600
50250600,50250600
50250502,50250500
50250501,50250500
50250500,50250500
50250402,50250400
50250401,50250400
50250400,50250400
50250302,50250300
50250301,50250300
50250300,50250300
50250202,50250200
50250201,50250200
50250200,50250200
50250102,50250100
50250101,50250100
50250100,50250100
50249902,50249900
50249901,50249900
50249900,50249900
50249802,50249800
50249801,50249800
50249800,50249800
50249703,50249700
50249702,50249700
50249701,50249700
50249700,50249700
50249603,50249600
50249602,50249600
50249601,50249600
50249600,50249600
50249503,50249500
50249502,50249500
50249501,50249500
50249500,50249500
50249403,50249400
50249402,50249400
50249401,50249400
50249400,50249400
50249302,50249300
50249301,50249300
50249300,50249300
50249202,50249200
50249201,50249200
50249200,50249200
50249002,50249000
50249001,50249000
50249000,50249000
50248802,50248800
50248801,50248800
50248800,50248800
50248602,50248600
50248601,50248600
50248600,50248600
50248502,50248500
50248501,50248500
50248500,50248500
50248402,50248400
50248401,50248400
50248400,50248400
50247902,50247900
50247901,50247900
50247900,50247900
50247702,50247700
50247701,50247700
50247700,50247700
50247602,50247600
50247601,50247600
50247600,50247600
50247502,50247500
50247501,50247500
50247500,50247500
50247402,50247400
50247401,50247400
50247400,50247400
50247302,50247300
50247301,50247300
50247300,50247300
50247203,50247200
50247202,50247200
50247201,50247200
50247200,50247200
50247102,50247100
50247101,50247100
50247100,50247100
50247002,50247000
50247001,50247000
50247000,50247000
50246752,50246700
50246751,50246700
50246750,50246700
50246702,50246700
50246701,50246700
50246700,50246700
50246602,50246600
50246601,50246600
50246600,50246600
50246502,50246500
50246501,50246500
50246500,50246500
50246402,50246400
50246401,50246400
50246400,50246400
50246305,50246303
50246304,50246303
50246303,50246303
50246302,50246300
50246301,50246300
50246300,50246300
50246202,50246200
50246201,50246200
50246200,50246200
50246102,50246100
50246101,50246100
50246100,50246100
50246002,50246000
50246001,50246000
50246000,50246000
50245902,50245900
50245901,50245900
50245900,50245900
50245802,50245800
50245801,50245800
50245800,50245800
50245702,50245700
50245701,50245700
50245700,50245700
50245302,50245300
50245301,50245300
50245300,50245300
50245202,50245200
50245201,50245200
50245200,50245200
50245103,50245100
50245102,50245100
50245101,50245100
50245100,50245100
50245002,50245000
50245001,50245000
50245000,50245000
50244903,50244900
50244902,50244900
50244901,50244900
50244900,50244900
50244853,50244800
50244852,50244800
50244851,50244800
50244850,50244800
50244803,50244800
50244802,50244800
50244801,50244800
50244800,50244800
50244752,50244700
50244751,50244700
50244750,50244700
50244702,50244700
50244701,50244700
50244700,50244700
50244602,50244600
50244601,50244600
50244600,50244600
50244502,50244500
50244501,50244500
50244500,50244500
50244455,50244403
50244454,50244403
50244453,50244403
50244452,50244400
50244451,50244400
50244450,50244400
50244405,50244403
50244404,50244403
50244403,50244403
50244402,50244400
50244401,50244400
50244400,50244400
50244302,50244300
50244301,50244300
50244300,50244300
50244202,50244200
50244201,50244200
50244200,50244200
50244002,50244000
50244001,50244000
50244000,50244000
50243902,50243900
50243901,50243900
50243900,50243900
50243802,50243800
50243801,50243800
50243800,50243800
50243705,50243703
50243704,50243703
50243703,50243703
50243702,50243700
50243701,50243700
50243700,50243700
50243602,50243600
50243601,50243600
50243600,50243600
50243302,50243300
50243301,50243300
50243300,50243300
50243205,50243203
50243204,50243203
50243203,50243203
50243202,50243200
50243201,50243200
50243200,50243200
50243102,50243100
50243101,50243100
50243100,50243100
50242902,50242900
50242901,50242900
50242900,50242900
50242802,50242800
50242801,50242800
50242800,50242800
50242702,50242700
50242701,50242700
50242700,50242700
50242602,50242600
50242601,50242600
50242600,50242600
50242505,50242503
50242504,50242503
50242503,50242503
50242502,50242500
50242501,50242500
50242500,50242500
50242303,50242300
50242302,50242300
50242301,50242300
50242300,50242300
50242203,50242200
50242202,50242200
50242201,50242200
50242200,50242200
50242102,50242100
50242101,50242100
50242100,50242100
50242052,50242000
50242051,50242000
50242050,50242000
50242002,50242000
50242001,50242000
50242000,50242000
50241902,50241900
50241901,50241900
50241900,50241900
50241802,50241800
50241801,50241800
50241800,50241800
50241755,50241703
50241754,50241703
50241753,50241703
50241752,50241700
50241751,50241700
50241750,50241700
50241705,50241703
50241704,50241703
50241703,50241703
50241702,50241700
50241701,50241700
50241700,50241700
50241605,50241603
50241604,50241603
50241603,50241603
50241602,50241600
50241601,50241600
50241600,50241600
50241405,50241403
50241404,50241403
50241403,50241403
50241402,50241400
50241401,50241400
50241400,50241400
50241302,50241300
50241301,50241300
50241300,50241300
50241252,50241200
50241251,50241200
50241250,50241200
50241202,50241200
50241201,50241200
50241200,50241200
50241102,50241100
50241101,50241100
50241100,50241100
50241002,50241000
50241001,50241000
50241000,50241000
50240902,50240900
50240901,50240900
50240900,50240900
50240803,50240700
50240802,50240700
50240801,50240700
50240800,50240700
50240703,50240700
50240702,50240700
50240701,50240700
50240700,50240700
50240402,50240300
50240401,50240300
50240400,50240300
50240302,50240300
50240301,50240300
50240300,50240300
50240252,50240200
50240251,50240200
50240250,50240200
50240202,50240200
50240201,50240200
50240200,50240200
50240105,50240103
50240104,50240103
50240103,50240103
50240102,50240100
50240101,50240100
50240100,50240100
50240002,50240000
50240001,50240000
50240000,50240000
50239905,50239903
50239904,50239903
50239903,50239903
50239902,50239900
50239901,50239900
50239900,50239900
50239702,50239700
50239701,50239700
50239700,50239700
50239602,50239600
50239601,50239600
50239600,50239600
50239502,50239500
50239501,50239500
50239500,50239500
50239403,50239400
50239402,50239400
50239401,50239400
50239400,50239400
50239303,50239300
50239302,50239300
50239301,50239300
50239300,50239300
50239102,50239100
50239101,50239100
50239100,50239100
50239002,50239000
50239001,50239000
50239000,50239000
50238902,50238900
50238901,50238900
50238900,50238900
50238805,50238803
50238804,50238803
50238803,50238803
50238802,50238800
50238801,50238800
50238800,50238800
50238703,50238700
50238702,50238700
50238701,50238700
50238700,50238700
50238402,50238400
50238401,50238400
50238400,50238400
50238301,50238300
50238300,50238300
50238202,50238200
50238201,50238200
50238200,50238200
50238002,50238000
50238001,50238000
50238000,50238000
50237953,50237900
50237952,50237900
50237951,50237900
50237950,50237900
50237903,50237900
50237902,50237900
50237901,50237900
50237900,50237900
50237802,50237800
50237801,50237800
50237800,50237800
50237702,50237700
50237701,50237700
50237700,50237700
50237602,50237600
50237601,50237600
50237600,50237600
50237502,50237500
50237501,50237500
50237500,50237500
50237452,50237400
50237451,50237400
50237450,50237400
50237402,50237400
50237401,50237400
50237400,50237400
50237302,50237300
50237301,50237300
50237300,50237300
50237201,50237200
50237200,50237200
50237155,50237103
50237154,50237103
50237153,50237103
50237152,50237100
50237151,50237100
50237150,50237100
50237105,50237103
50237104,50237103
50237103,50237103
50237102,50237100
50237101,50237100
50237100,50237100
50237003,50237000
50237002,50237000
50237001,50237000
50237000,50237000
50236951,50236900
50236950,50236900
50236902,50236900
50236901,50236900
50236900,50236900
50236808,50236806
50236807,50236806
50236806,50236806
50236805,50236803
50236804,50236803
50236803,50236803
50236802,50236800
50236801,50236800
50236800,50236800
50236705,50236703
50236704,50236703
50236703,50236703
50236702,50236700
50236701,50236700
50236700,50236700
50236602,50236600
50236601,50236600
50236600,50236600
50236502,50236500
50236501,50236500
50236500,50236500
50236402,50236400
50236401,50236400
50236400,50236400
50236302,50236300
50236301,50236300
50236300,50236300
50235401,50235400
50235400,50235400
50235305,50235303
50235304,50235303
50235303,50235303
50235302,50235300
50235301,50235300
50235300,50235300
50235201,50235200
50235200,50235200
50235105,50235103
50235104,50235103
50235103,50235103
50235102,50235100
50235101,50235100
50235100,50235100
50234851,50234800
50234850,50234800
50234801,50234800
50234800,50234800
50234702,50234700
50234701,50234700
50234700,50234700
50234602,50234600
50234601,50234600
50234600,50234600
50234502,50234500
50234501,50234500
50234500,50234500
50234403,50234400
50234402,50234400
50234401,50234400
50234400,50234400
50234302,50234300
50234301,50234300
50234300,50234300
50234202,50234200
50234201,50234200
50234200,50234200
50234105,50234103
50234104,50234103
50234103,50234103
50234102,50234100
50234101,50234100
50234100,50234100
50234005,50234003
50234004,50234003
50234003,50234003
50234002,50234000
50234001,50234000
50234000,50234000
50233952,50233900
50233951,50233900
50233950,50233900
50233902,50233900
50233901,50233900
50233900,50233900
50233802,50233800
50233801,50233800
50233800,50233800
50233702,50233700
50233701,50233700
50233700,50233700
50233603,50233600
50233602,50233600
50233601,50233600
50233600,50233600
50233502,50233500
50233501,50233500
50233500,50233500
50233402,50233400
50233401,50233400
50233400,50233400
50233051,50233000
50233050,50233000
50233001,50233000
50233000,50233000
50232905,50232903
50232904,50232903
50232903,50232903
50232902,50232900
50232901,50232900
50232900,50232900
50232805,50232803
50232804,50232803
50232803,50232803
50232802,50232800
50232801,50232800
50232800,50232800
50232752,50232700
50232751,50232700
50232750,50232700
50232702,50232700
50232701,50232700
50232700,50232700
50229802,50229800
50229801,50229800
50229800,50229800
50229702,50229700
50229701,50229700
50229700,50229700
50229652,50229600
50229651,50229600
50229650,50229600
50229602,50229600
50229601,50229600
50229600,50229600
50229502,50229500
50229501,50229500
50229500,50229500
50229301,50229300
50229300,50229300
50229201,50229200
50229200,50229200
50229101,50229100
50229100,50229100
50228902,50228900
50228901,50228900
50228900,50228900
50228801,50228700
50228800,50228700
50228701,50228700
50228700,50228700
50228652,50228550
50228651,50228550
50228650,50228550
50228602,50228500
50228601,50228500
50228600,50228500
50228552,50228550
50228551,50228550
50228550,50228550
50228502,50228500
50228501,50228500
50228500,50228500
50228401,50228300
50228400,50228300
50228301,50228300
50228300,50228300
50228204,50228200
50228203,50228200
50228202,50228200
50228201,50228200
50228200,50228200
50228102,50228100
50228101,50228100
50228100,50228100
50227402,50227400
50227401,50227400
50227400,50227400
50227302,50227300
50227301,50227300
50227300,50227300
50227205,50227203
50227204,50227203
50227203,50227203
50227202,50227200
50227201,50227200
50227200,50227200
50227102,50227100
50227101,50227100
50227100,50227100
50227002,50227000
50227001,50227000
50227000,50227000
50226902,50226900
50226901,50226900
50226900,50226900
50226803,50226800
50226802,50226800
50226801,50226800
50226800,50226800
50226602,50226600
50226601,50226600
50226600,50226600
50226502,50226500
50226501,50226500
50226500,50226500
50226402,50226400
50226401,50226400
50226400,50226400
50226301,50226300
50226300,50226300
50226202,50226200
50226201,50226200
50226200,50226200
50226104,50226102
50226103,50226102
50226102,50226102
50226101,50226100
50226100,50226100
50226002,50225900
50226001,50225900
50226000,50225900
50225902,50225900
50225901,50225900
50225900,50225900
50225802,50225800
50225801,50225800
50225800,50225800
50225702,50225700
50225701,50225700
50225700,50225700
50225602,50225600
50225601,50225600
50225600,50225600
50225502,50225500
50225501,50225500
50225500,50225500
50225405,50225403
50225404,50225403
50225403,50225403
50225402,50225400
50225401,50225400
50225400,50225400
50225151,50225100
50225150,50225100
50225104,50225102
50225103,50225102
50225102,50225102
50225101,50225100
50225100,50225100
50225002,50225000
50225001,50225000
50225000,50225000
50224902,50224900
50224901,50224900
50224900,50224900
50224702,50224700
50224701,50224700
50224700,50224700
50224602,50224600
50224601,50224600
50224600,50224600
50224502,50224500
50224501,50224500
50224500,50224500
50224402,50224400
50224401,50224400
50224400,50224400
50224302,50224300
50224301,50224300
50224300,50224300
50224205,50224203
50224204,50224203
50224203,50224203
50224202,50224200
50224201,50224200
50224200,50224200
50224102,50224100
50224101,50224100
50224100,50224100
50224002,50224000
50224001,50224000
50224000,50224000
50223902,50223900
50223901,50223900
50223900,50223900
50223802,50223800
50223801,50223800
50223800,50223800
50223702,50223700
50223701,50223700
50223700,50223700
50223602,50223600
50223601,50223600
50223600,50223600
50223502,50223500
50223501,50223500
50223500,50223500
50223203,50223200
50223202,50223200
50223201,50223200
50223200,50223200
50223102,50223100
50223101,50223100
50223100,50223100
50222101,50222100
50222100,50222100
50222001,50222000
50222000,50222000
50221802,50221800
50221801,50221800
50221800,50221800
50221704,50221702
50221703,50221702
50221702,50221702
50221701,50221700
50221700,50221700
50221601,50221600
50221600,50221600
50221501,50221500
50221500,50221500
50221401,50221400
50221400,50221400
50220602,50220600
50220601,50220600
50220600,50220600
50220001,50220000
50220000,50220000
50219904,50219902
50219903,50219902
50219902,50219902
50219901,50219900
50219900,50219900
50219701,50219700
50219700,50219700
50219603,50219600
50219602,50219600
50219601,50219600
50219600,50219600
50219203,50219200
50219202,50219200
50219201,50219200
50219200,50219200
50213152,50213150
50213151,50213150
50213150,50213150
50211903,50211901
50211902,50211901
50211901,50211901
50209952,50209950
50209951,50209950
50209950,50209950
50202205,50202202
50202204,50202202
50202203,50202202
50202202,50202202
50201904,50201902
50201903,50201902
50201902,50201902
50201004,50201002
50201003,50201002
50201002,50201002
50146203,50146200
50146202,50146200
50146201,50146200
50146200,50146200
50146105,50146100
50146104,50146100
50146103,50146100
50146102,50146100
50146101,50146100
50146100,50146100
50145003,50145000
50145002,50145000
50145001,50145000
50145000,50145000
50143802,50143500
50143801,50143500
50143800,50143500
50143702,50143500
50143701,50143500
50143700,50143500
50143602,50143500
50143601,50143500
50143600,50143500
50143502,50143500
50143501,50143500
50143500,50143500
50143302,50143300
50143301,50143300
50143300,50143300
50143203,50143200
50143202,50143200
50143201,50143200
50143200,50143200
50142802,50142800
50142801,50142800
50142800,50142800
50142602,50142600
50142601,50142600
50142600,50142600
50142302,50142300
50142301,50142300
50142300,50142300
50142203,50142200
50142202,50142200
50142201,50142200
50142200,50142200
50141803,50141800
50141802,50141800
50141801,50141800
50141800,50141800
50141702,50141700
50141701,50141700
50141700,50141700
50141302,50141300
50141301,50141300
50141300,50141300
50141202,50141200
50141201,50141200
50141200,50141200
50140802,50140800
50140801,50140800
50140800,50140800
50140603,50140600
50140602,50140600
50140601,50140600
50140600,50140600
50140402,50140400
50140401,50140400
50140400,50140400
50140300,60031801
50140200,60031801
50140100,50140000
50140000,50140000
50139602,50139600
50139601,50139600
50139600,50139600
50139202,50139200
50139201,50139200
50139200,50139200
50139052,50139000
50139051,50139000
50139050,50139000
50139002,50139000
50139001,50139000
50139000,50139000
50138802,50138800
50138801,50138800
50138800,50138800
50138602,50138500
50138601,50138500
50138600,50138500
50138502,50138500
50138501,50138500
50138500,50138500
50138402,50138400
50138401,50138400
50138400,50138400
50138302,50138300
50138301,50138300
50138300,50138300
50137802,50137800
50137801,50137800
50137800,50137800
50137602,50137600
50137601,50137600
50137600,50137600
50137302,50137300
50137301,50137300
50137300,50137300
50137002,50137000
50137001,50137000
50137000,50137000
50136902,50136900
50136901,50136900
50136900,50136900
50136703,50136700
50136702,50136700
50136701,50136700
50136700,50136700
50136603,50136600
50136602,50136600
50136601,50136600
50136600,50136600
50136502,50136500
50136501,50136500
50136500,50136500
50136352,50136300
50136351,50136300
50136350,50136300
50136302,50136300
50136301,50136300
50136300,50136300
50136202,50136200
50136201,50136200
50136200,50136200
50136053,50136000
50136052,50136000
50136051,50136000
50136050,50136000
50136001,50136000
50136000,50136000
50135902,50135900
50135901,50135900
50135900,50135900
50135602,50135600
50135601,50135600
50135600,50135600
50135450,50135400
50135400,50135400
50135202,50135200
50135201,50135200
50135200,50135200
50135105,50135100
50135104,50135100
50135103,50135100
50135102,50135100
50135101,50135100
50135100,50135100
50135055,50135000
50135054,50135000
50135053,50135000
50135052,50135000
50135051,50135000
50135050,50135000
50135002,50135000
50135001,50135000
50135000,50135000
50134652,50134600
50134651,50134600
50134650,50134600
50134602,50134600
50134601,50134600
50134600,50134600
50134552,50134500
50134551,50134500
50134550,50134500
50134502,50134500
50134501,50134500
50134500,50134500
50134402,50134400
50134401,50134400
50134400,50134400
50134252,50134200
50134251,50134200
50134250,50134200
50134202,50134200
50134201,50134200
50134200,50134200
50134102,50134100
50134101,50134100
50134100,50134100
50133903,50133900
50133902,50133900
50133901,50133900
50133900,50133900
50133802,50133800
50133801,50133800
50133800,50133800
50133552,50133500
50133551,50133500
50133550,50133500
50133502,50133500
50133501,50133500
50133500,50133500
50133402,50133400
50133401,50133400
50133400,50133400
50133302,50133300
50133301,50133300
50133300,50133300
50132951,50132900
50132950,50132900
50132901,50132900
50132900,50132900
50132502,50132500
50132501,50132500
50132500,50132500
50132402,50132400
50132401,50132400
50132400,50132400
50132302,50132300
50132301,50132300
50132300,50132300
50132211,50132200
50132210,50132200
50132209,50132200
50132208,50132200
50132207,50132200
50132206,50132200
50132205,50132200
50132204,50132200
50132203,50132200
50132202,50132200
50132201,50132200
50132200,50132200
50132104,50132100
50132103,50132100
50132102,50132100
50132101,50132100
50132100,50132100
50131802,50131800
50131801,50131800
50131800,50131800
50130502,50130500
50130501,50130500
50130500,50130500
50130401,50130400
50130400,50130400
50130302,50130300
50130301,50130300
50130300,50130300
50130200,50129500
50130100,50129500
50129802,50129800
50129801,50129800
50129800,50129800
50129500,50129500
50128702,50128700
50128701,50128700
50128700,50128700
50127952,50127900
50127951,50127900
50127950,50127900
50127902,50127900
50127901,50127900
50127900,50127900
50127801,50127800
50127800,50127800
50127601,50127600
50127600,50127600
50127352,50127300
50127351,50127300
50127350,50127300
50127302,50127300
50127301,50127300
50127300,50127300
50127202,50127200
50127201,50127200
50127200,50127200
50127052,50127000
50127051,50127000
50127050,50127000
50127002,50127000
50127001,50127000
50127000,50127000
50126902,50126900
50126901,50126900
50126900,50126900
50126252,50126200
50126251,50126200
50126250,50126200
50126220,50126200
50126202,50126200
50126201,50126200
50126200,50126200
50126102,50126100
50126101,50126100
50126100,50126100
50122901,50122900
50122900,50122900
50122805,50122800
50122804,50122800
50122803,50122800
50122802,50122800
50122801,50122800
50122800,50122800
50122750,50122700
50122700,50122700
50122501,50122500
50122500,50122500
50122402,50122400
50122401,50122400
50122400,50122400
50122303,50122300
50122302,50122300
50122301,50122300
50122300,50122300
50122202,50122200
50122201,50122200
50122200,50122200
50121903,50121900
50121902,50121900
50121901,50121900
50121900,50121900
50121002,50121000
50121001,50121000
50121000,50121000
50120802,50120800
50120801,50120800
50120800,50120800
50120703,50120700
50120702,50120700
50120701,50120700
50120700,50120700
50120401,50120400
50120400,50120400
50120205,50120200
50120204,50120200
50120203,50120200
50120202,50120200
50120201,50120200
50120200,50120200
50120103,50120100
50120102,50120100
50120101,50120100
50120100,50120100
50119502,50119500
50119501,50119500
50119500,50119500
50119401,50119400
50119400,50119400
50119201,50119200
50119200,50119200
50119102,50119100
50119101,50119100
50119100,50119100
50118602,50118600
50118601,50118600
50118600,50118600
50117702,50117700
50117701,50117700
50117700,50117700
50117501,50117500
50117500,50117500
50117401,50117400
50117400,50117400
50117002,50117000
50117001,50117000
50117000,50117000
50116701,50116700
50116700,50116700
50099902,50099900
50099901,50099900
50099900,50099900
50099803,50099800
50099802,50099800
50099801,50099800
50099800,50099800
50099702,50099700
50099701,50099700
50099700,50099700
50099502,50099500
50099501,50099500
50099500,50099500
50099401,50099400
50099400,50099400
50099302,50099300
50099301,50099300
50099300,50099300
50099201,50099200
50099200,50099200
50098801,50098800
50098800,50098800
50098602,50098600
50098601,50098600
50098600,50098600
50098302,50098300
50098301,50098300
50098300,50098300
50098202,50098200
50098201,50098200
50098200,50098200
50098101,50098100
50098100,50098100
50098001,50098000
50098000,50098000
50097902,50097900
50097901,50097900
50097900,50097900
50097602,50097600
50097601,50097600
50097600,50097600
50097503,50097500
50097502,50097500
50097501,50097500
50097500,50097500
50097002,50097000
50097001,50097000
50097000,50097000
50096902,50096900
50096901,50096900
50096900,50096900
50096602,50096600
50096601,50096600
50096600,50096600
50096502,50096500
50096501,50096500
50096500,50096500
50096202,50096200
50096201,50096200
50096200,50096200
50096001,50096000
50096000,50096000
50094900,50094900
50094801,50094800
50094800,50094800
50094550,50094500
50094500,50094500
50094402,50094400
50094401,50094400
50094400,50094400
50094350,50094300
50094300,50094300
50093601,50093600
50093600,50093600
50091003,50091000
50091002,50091000
50091001,50091000
50091000,50091000
50090903,50090900
50090902,50090900
50090901,50090900
50090900,50090900
50089152,50088900
50089151,50088900
50089150,50088900
50089102,50088900
50089101,50088900
50089100,50088900
50089002,50089000
50089001,50089000
50089000,50089000
50088952,50088900
50088951,50088900
50088950,50088900
50088902,50088900
50088901,50088900
50088900,50088900
50088802,50088800
50088801,50088800
50088800,50088800
50088703,50088700
50088702,50088700
50088701,50088700
50088700,50088700
50088602,50088600
50088601,50088600
50088600,50088600
50088402,50088400
50088401,50088400
50088400,50088400
50088303,50088300
50088302,50088300
50088301,50088300
50088300,50088300
50087900,60013400
50087805,50087800
50087804,50087800
50087803,50087800
50087802,50087800
50087801,50087800
50087800,50087800
50087702,50087700
50087701,50087700
50087700,50087700
50087602,50087600
50087601,50087600
50087600,50087600
50087502,50087500
50087501,50087500
50087500,50087500
50087408,50087400
50087407,50087400
50087406,50087400
50087405,50087400
50087404,50087400
50087403,50087400
50087402,50087400
50087401,50087400
50087400,50087400
50087001,50087000
50087000,50087000
50086902,50086900
50086901,50086900
50086900,50086900
50086602,50086600
50086601,50086600
50086600,50086600
50086550,50086500
50086500,50086500
50086404,50086400
50086403,50086400
50086402,50086400
50086401,50086400
50086400,50086400
50086201,50086200
50086200,50086200
50086102,50086100
50086101,50086100
50086100,50086100
50086002,50086000
50086001,50086000
50086000,50086000
50085952,50085900
50085951,50085900
50085950,50085900
50085902,50085900
50085901,50085900
50085900,50085900
50085802,50085800
50085801,50085800
50085800,50085800
50085601,50085600
50085600,50085600
50085402,50085400
50085401,50085400
50085400,50085400
50085301,50085300
50085300,50085300
50085102,50085100
50085101,50085100
50085100,50085100
50084002,50084000
50084001,50084000
50084000,50084000
50082901,50082900
50082900,50082900
50082851,50082800
50082850,50082800
50082801,50082800
50082800,50082800
50082702,50082700
50082701,50082700
50082700,50082700
50082502,50082500
50082501,50082500
50082500,50082500
50082203,50082200
50082202,50082200
50082201,50082200
50082200,50082200
50081401,50081400
50081400,50081400
50081203,50081200
50081202,50081200
50081201,50081200
50081200,50081200
50081107,50081104
50081106,50081104
50081105,50081104
50081104,50081104
50081103,50081100
50081102,50081100
50081101,50081100
50081100,50081100
50080801,50080800
50080800,50080800
50080701,50080700
50080700,50080700
50080601,50080600
50080600,50080600
50080451,50080400
50080450,50080400
50080401,50080400
50080400,50080400
50080301,50080300
50080300,50080300
50080251,50080200
50080250,50080200
50080201,50080200
50080200,50080200
50080102,50080100
50080101,50080100
50080100,50080100
50079803,50079802
50079802,50079802
50079801,50079800
50079800,50079800
50079701,50079700
50079700,50079700
50079601,50079600
50079600,50079600
50068303,50068301
50068302,50068301
50068301,50068301
50066003,50066001
50066002,50066001
50066001,50066001
50011689,50011687
50011688,50011687
50011687,50011687
50011686,50011684
50011685,50011684
50011684,50011684
50011682,50011680
50011681,50011680
50011680,50011680
50011659,50011657
50011658,50011657
50011657,50011657
50011652,50011650
50011651,50011650
50011650,50011650
50011643,50011641
50011642,50011641
50011641,50011641
50011639,50011637
50011638,50011637
50011637,50011637
50011635,50011633
50011634,50011633
50011633,50011633
50011632,50011630
50011631,50011630
50011630,50011630
50011629,50011628
50011628,50011628
50011627,50011625
50011626,50011625
50011625,50011625
50011624,50011622
50011623,50011622
50011622,50011622
50011621,50011619
50011620,50011619
50011619,50011619
50011614,50011612
50011613,50011612
50011612,50011612
50011611,50011609
50011610,50011609
50011609,50011609
50011608,50011607
50011607,50011607
50011605,50011604
50011604,50011604
50011603,50011601
50011602,50011601
50011601,50011601
50011594,50011593
50011593,50011593
50011592,50011590
50011591,50011590
50011590,50011590
50011589,50011587
50011588,50011587
50011587,50011587
50011585,50011584
50011584,50011584
50011579,50011578
50011578,50011578
50011577,50011575
50011576,50011575
50011575,50011575
50011574,50011572
50011573,50011572
50011572,50011572
50011571,50011570
50011570,50011570
50011567,50011566
50011566,50011566
50011565,50011564
50011564,50011564
50011563,50011562
50011562,50011562
50011328,50011326
50011327,50011326
50011326,50011326
50011325,50011323
50011324,50011323
50011323,50011323
50011322,50011320
50011321,50011320
50011320,50011320
50011308,50011307
50011307,50011307
50011305,50011303
50011304,50011303
50011303,50011303
50011302,50011301
50011301,50011301
50011299,50011297
50011298,50011297
50011297,50011297
50011296,50011294
50011295,50011294
50011294,50011294
50011293,50011292
50011292,50011292
50011291,50011290
50011290,50011290
50011289,50011288
50011288,50011288
50011281,50011279
50011280,50011279
50011279,50011279
50011278,50011277
50011277,50011277
50011275,50011273
50011274,50011273
50011273,50011273
50011272,50011270
50011271,50011270
50011270,50011270
50011269,50011268
50011268,50011268
50011267,50011265
50011266,50011265
50011265,50011265
31190703,31190700
31190702,31190700
31190701,31190700
31190700,31190700
31190601,31190500
31190600,31190500
31190501,31190500
31190500,31190500
31190401,31190400
31190400,31190400
31190303,31190300
31190302,31190300
31190301,31190300
31190300,31190300
31190201,31179900
31190200,31179900
31190101,31179900
31190100,31179900
31180201,31180200
31180200,31180200
31180101,31180100
31180100,31180100
31179901,31179900
31179900,31179900
31179701,31179700
31179700,31179700
31179601,31179600
31179600,31179600
31179501,31179500
31179500,31179500
31179411,31179400
31179410,31179400
31179401,31179400
31179400,31179400
31179011,31179000
31179010,31179000
31179001,31179000
31179000,31179000
31178901,31178900
31178900,31178900
31178811,31178800
31178810,31178800
31178801,31178800
31178800,31178800
31178601,31178600
31178600,31178600
31178501,31178500
31178500,31178500
31178201,31178200
31178200,31178200
31178101,31178100
31178100,31178100
31178011,31178000
31178010,31178000
31178001,31178000
31178000,31178000
31177901,31177900
31177900,31177900
31177801,31177800
31177800,31177800
31177701,31177700
31177700,31177700
31177602,31177600
31177601,31177600
31177600,31177600
31177401,31177400
31177400,31177400
31177301,31177300
31177300,31177300
31177201,31177200
31177200,31177200
31177111,31177100
31177110,31177100
31177101,31177100
31177100,31177100
31176601,31176600
31176600,31176600
31176501,31176500
31176500,31176500
31176401,31176400
31176400,31176400
31176275,31176269
31176274,31176269
31176273,31176269
31176272,31176269
31176271,31176269
31176270,31176269
31176269,31176269
31176268,31176269
31176267,31176269
31176266,31176269
31176265,31176269
31176264,31176269
31176263,31176269
31176262,31176269
31176261,31176269
31176260,31176269
31176245,31176239
31176244,31176239
31176243,31176239
31176242,31176239
31176241,31176239
31176240,31176239
31176239,31176239
31176238,31176239
31176237,31176239
31176236,31176239
31176235,31176239
31176234,31176239
31176233,31176239
31176232,31176239
31176231,31176239
31176230,31176239
31176215,31176209
31176214,31176209
31176213,31176209
31176212,31176209
31176211,31176209
31176210,31176209
31176209,31176209
31176208,31176209
31176207,31176209
31176206,31176209
31176205,31176209
31176204,31176209
31176203,31176209
31176202,31176209
31176201,31176209
31176200,31176209
31176111,31176100
31176110,31176100
31176101,31176100
31176100,31176100
31176001,31176000
31176000,31176000
31175901,31175900
31175900,31175900
31175801,31175800
31175800,31175800
31175675,31175669
31175674,31175669
31175673,31175669
31175672,31175669
31175671,31175669
31175670,31175669
31175669,31175669
31175668,31175669
31175667,31175669
31175666,31175669
31175665,31175669
31175664,31175669
31175663,31175669
31175662,31175669
31175661,31175669
31175660,31175669
31175645,31175639
31175644,31175639
31175643,31175639
31175642,31175639
31175641,31175639
31175640,31175639
31175639,31175639
31175638,31175639
31175637,31175639
31175636,31175639
31175635,31175639
31175634,31175639
31175633,31175639
31175632,31175639
31175631,31175639
31175630,31175639
31175615,31175609
31175614,31175609
31175613,31175609
31175612,31175609
31175611,31175609
31175610,31175609
31175609,31175609
31175608,31175609
31175607,31175609
31175606,31175609
31175605,31175609
31175604,31175609
31175603,31175609
31175602,31175609
31175601,31175609
31175600,31175609
31175411,31175400
31175410,31175400
31175401,31175400
31175400,31175400
31175302,31175300
31175301,31175300
31175300,31175300
31175202,31175200
31175201,31175200
31175200,31175200
31175101,31175100
31175100,31175100
31174901,31174900
31174900,31174900
31174802,31174800
31174801,31174800
31174800,31174800
31174701,31174700
31174700,31174700
31174601,31174300
31174600,31174300
31174402,31174400
31174401,31174400
31174400,31174400
31174301,31174300
31174300,31174300
31174102,31174100
31174101,31174100
31174100,31174100
31171501,31171500
31171500,31171500
31171302,31171300
31171301,31171300
31171300,31171300
31171251,31171200
31171250,31171200
31171201,31171200
31171200,31171200
31171001,31171000
31171000,31171000
31170901,31170900
31170900,31170900
31170801,31170800
31170800,31170800
31170702,31170700
31170701,31170700
31170700,31170700
31170602,31170600
31170601,31170600
31170600,31170600
31170502,31170500
31170501,31170500
31170500,31170500
31170401,31170400
31170400,31170400
31170304,31170300
31170303,31170300
31170302,31170300
31170301,31170300
31170300,31170300
31170202,31170200
31170201,31170200
31170200,31170200
31169806,31169800
31169805,31169800
31169804,31169800
31169803,31169800
31169802,31169800
31169801,31169800
31169800,31169800
31169102,31169100
31169101,31169100
31169100,31169100
31168704,31168700
31168703,31168700
31168702,31168700
31168701,31168700
31168700,31168700
31168502,31168500
31168501,31168500
31168500,31168500
31168201,31168200
31168200,31168200
31168001,31168000
31168000,31168000
31167602,31167600
31167601,31167600
31167600,31167600
31167102,31167100
31167101,31167100
31167100,31167100
31166702,31166700
31166701,31166700
31166700,31166700
31166601,31166600
31166600,31166600
31165802,31165800
31165801,31165800
31165800,31165800
31165701,31165700
31165700,31165700
31164908,31164900
31164907,31164900
31164906,31164900
31164905,31164900
31164904,31164900
31164903,31164900
31164902,31164900
31164901,31164900
31164900,31164900
31159901,31159900
31159900,31159900
31159803,31159800
31159802,31159800
31159801,31159800
31159800,31159800
31159401,31159400
31159400,31159400
31159310,31159300
31159300,31159300
31159200,31159100
31159100,31159100
31159001,31159000
31159000,31159000
31158801,31158800
31158800,31158800
31158701,31158700
31158700,31158700
31158601,31158600
31158600,31158600
31158201,31158000
31158200,31158000
31158101,31158000
31158100,31158000
31158001,31158000
31158000,31158000
31157701,31157700
31157700,31157700
31157601,31157600
31157600,31157600
31157309,31157300
31157308,31157300
31157307,31157300
31157306,31157300
31157305,31157300
31157304,31157300
31157303,31157300
31157302,31157300
31157301,31157300
31157300,31157300
31157224,31157220
31157223,31157220
31157222,31157220
31157221,31157220
31157220,31157220
31157214,31157210
31157213,31157210
31157212,31157210
31157211,31157210
31157210,31157210
31157204,31157200
31157203,31157200
31157202,31157200
31157201,31157200
31157200,31157200
31155701,31155500
31155700,31155500
31155601,31155500
31155600,31155500
31155501,31155500
31155500,31155500
31155411,31155400
31155410,31155400
31155401,31155400
31155400,31155400
31155301,31155300
31155300,31155300
31153701,31153700
31153700,31153700
31153502,31153500
31153501,31153500
31153500,31153500
31153000,31152800
31152900,31152800
31152800,31152800
31152501,31152500
31152500,31152500
31152351,31152300
31152350,31152300
31152301,31152300
31152300,31152300
31152001,31152000
31152000,31152000
31151601,31151600
31151600,31151600
31150602,31150600
31150601,31150600
31150600,31150600
31144410,31144400
31144400,31144400
31143804,31143800
31143803,31143800
31143802,31143800
31143801,31143800
31143800,31143800
31143303,31143300
31143302,31143300
31143301,31143300
31143300,31143300
31142802,31142800
31142801,31142800
31142800,31142800
31139713,31139711
31139712,31139711
31139711,31139711
31137550,31137502
31137503,31137502
31137502,31137502
31132402,31132401
31132401,31132401
31130111,31130029
31130057,31130055
31130056,31130055
31130055,31130055
31130054,31130052
31130053,31130052
31130052,31130052
31130029,31130029
31122801,31122800
31122800,31122800
31122601,31122600
31122600,31122600
31122551,31122500
31122550,31122500
31122501,31122500
31122500,31122500
31122452,31122400
31122451,31122400
31122450,31122400
31122402,31122400
31122401,31122400
31122400,31122400
31122300,31122200
31122200,31122200
31122102,31122100
31122101,31122100
31122100,31122100
31122001,31121900
31122000,31121900
31121951,31121900
31121950,31121900
31121901,31121900
31121900,31121900
31121801,31121800
31121800,31121800
31121701,31121700
31121700,31121700
31121302,31121300
31121301,31121300
31121300,31121300
31121001,31121000
31121000,31121000
31120801,31120800
31120800,31120800
31119101,31119100
31119100,31119100
31106340,31106300
31106300,31106300
31106201,31106200
31106200,31106200
31106150,31106100
31106100,31106100
31106010,31106000
31106000,31106000
31105901,31105900
31105900,31105900
31105350,31105300
31105300,31105300
31105250,31105200
31105200,31105200
31105101,31105100
31105100,31105100
31105001,31105000
31105000,31105000
31104102,31104100
31104101,31104100
31104100,31104100
31104002,31104000
31104001,31104000
31104000,31104000
31103702,31103700
31103701,31103700
31103700,31103700
31103605,31103603
31103604,31103603
31103603,31103603
31103602,31103600
31103601,31103600
31103600,31103600
31102902,31102901
31102901,31102901
31102702,31102700
31102701,31102700
31102700,31102700
31094101,31094100
31094100,31094100
31094001,31084200
31094000,31084200
31093801,31093800
31093800,31093800
31093701,31083900
31093700,31083900
31093601,31093600
31093600,31093600
31093501,31093500
31093500,31093500
31093410,31093400
31093400,31093400
31093301,31083600
31093300,31083600
31093201,31093100
31093200,31093100
31093101,31093100
31093100,31093100
31093000,31082900
31092601,31092600
31092600,31092600
31092501,31092500
31092500,31092500
31092401,31092400
31092400,31092400
31092202,31092200
31092201,31092200
31092200,31092200
31092103,31092100
31092102,31092100
31092101,31092100
31092100,31092100
31084401,31084400
31084400,31084400
31084211,31084200
31084210,31084200
31084201,31084200
31084200,31084200
31084101,31084100
31084100,31084100
31084011,31083900
31084010,31083900
31084001,31083900
31084000,31083900
31083911,31083900
31083910,31083900
31083901,31083900
31083900,31083900
31083801,31083800
31083800,31083800
31083701,31083600
31083700,31083600
31083601,31083600
31083600,31083600
31083501,31083500
31083500,31083500
31083411,31083400
31083410,31083400
31083401,31083400
31083400,31083400
31083000,31082900
31082900,31082900
31082603,31082600
31082602,31082600
31082601,31082600
31082600,31082600
31082302,31082300
31082301,31082300
31082300,31082300
31081902,31081900
31081901,31081900
31081900,31081900
31081803,31081800
31081802,31081800
31081801,31081800
31081800,31081800
31081403,31081402
31081402,31081402
31081401,31081400
31081400,31081400
31081201,31081200
31081200,31081200
31072301,31072300
31072300,31072300
31072101,31072100
31072100,31072100
31071902,31071900
31071901,31071900
31071900,31071900
31071800,31071700
31071700,31071700
31071501,31071500
31071500,31071500
31071351,31071300
31071350,31071300
31071301,31071300
31071300,31071300
31070550,31070550
31070502,31070550
31067223,31067200
31067222,31067200
31067221,31067200
31067220,31067200
31067213,31067200
31067212,31067200
31067211,31067200
31067210,31067200
31067203,31067200
31067202,31067200
31067201,31067200
31067200,31067200
31067151,31067100
31067150,31067100
31067141,31067100
31067140,31067100
31067131,31067100
31067130,31067100
31067121,31067100
31067120,31067100
31067111,31067100
31067110,31067100
31067101,31067100
31067100,31067100
31067012,31067000
31067011,31067000
31067010,31067000
31067002,31067000
31067001,31067000
31067000,31067000
31066920,31066900
31066910,31066900
31066900,31066900
31066802,31066800
31066801,31066800
31066800,31066800
31066701,31066600
31066700,31066600
31066601,31066600
31066600,31066600
31066510,31066500
31066501,31066500
31066500,31066500
31066411,31066400
31066410,31066400
31066401,31066400
31066400,31066400
31066362,31066360
31066361,31066360
31066360,31066360
31066352,31066350
31066351,31066350
31066350,31066350
31066342,31066340
31066341,31066340
31066340,31066340
31066222,31066220
31066221,31066220
31066220,31066220
31066212,31066210
31066211,31066210
31066210,31066210
31066202,31066200
31066201,31066200
31066200,31066200
31066101,31066100
31066100,31066100
31066001,31066000
31066000,31066000
31065852,31065800
31065851,31065800
31065850,31065800
31065802,31065800
31065801,31065800
31065800,31065800
31065701,31065700
31065700,31065700
31065601,31065600
31065600,31065600
31065501,31065500
31065500,31065500
31065402,31065400
31065401,31065400
31065400,31065400
31065201,31065200
31065200,31065200
31065002,31065000
31065001,31065000
31065000,31065000
31064802,31064800
31064801,31064800
31064800,31064800
31064701,31064700
31064700,31064700
31064502,31064500
31064501,31064500
31064500,31064500
31064402,31064400
31064401,31064400
31064400,31064400
31064303,31064300
31064302,31064300
31064301,31064300
31064300,31064300
31064201,31064200
31064200,31064200
31064001,31064000
31064000,31064000
31063931,31063900
31063930,31063900
31063921,31063900
31063920,31063900
31063911,31063900
31063910,31063900
31063901,31063900
31063900,31063900
31063850,31063800
31063800,31063800
31063702,31063700
31063701,31063700
31063700,31063700
31063402,31063400
31063401,31063400
31063400,31063400
31063373,31063370
31063372,31063370
31063371,31063370
31063370,31063370
31063353,31063350
31063352,31063350
31063351,31063350
31063350,31063350
31063305,31063300
31063304,31063300
31063303,31063300
31063302,31063300
31063301,31063300
31063300,31063300
31063202,31063200
31063201,31063200
31063200,31063200
31063101,31063100
31063100,31063100
31063001,31063000
31063000,31063000
31062903,31062900
31062902,31062900
31062901,31062900
31062900,31062900
31062801,31062800
31062800,31062800
31061401,31061400
31061400,31061400
31061202,31061200
31061201,31061200
31061200,31061200
30050134,30011800
30050133,30050132
30050132,30050132
30050130,30050128
30050129,30050128
30050128,30050128
30050122,30050120
30050121,30050120
30050120,30050120
30040051,30040050
30040050,30040050
30040049,30040048
30040048,30040048
30040043,30040042
30040042,30040042
30040037,30040036
30040036,30040036
30040030,30040029
30040029,30040029
30040027,30040026
30040026,30040026
30040024,30040023
30040023,30040023
30040022,30040020
30040021,30040020
30040020,30040020
30011800,30011800
20051450,20051441
20051449,20051441
20051448,20051441
20051447,20051441
20051446,20051441
20051445,20051441
20051444,20051441
20051443,20051441
20051442,20051441
20051441,20051441
20051440,20051431
20051439,20051431
20051438,20051431
20051437,20051431
20051436,20051431
20051435,20051431
20051434,20051431
20051433,20051431
20051432,20051431
20051431,20051431
20051430,20051421
20051429,20051421
20051428,20051421
20051427,20051421
20051426,20051421
20051425,20051421
20051424,20051421
20051423,20051421
20051422,20051421
20051421,20051421
20051420,20051411
20051419,20051411
20051418,20051411
20051417,20051411
20051416,20051411
20051415,20051411
20051414,20051411
20051413,20051411
20051412,20051411
20051411,20051411
20051410,20051401
20051409,20051401
20051408,20051401
20051407,20051401
20051406,20051401
20051405,20051401
20051404,20051401
20051403,20051401
20051402,20051401
20051401,20051401
20051400,20051391
20051399,20051391
20051398,20051391
20051397,20051391
20051396,20051391
20051395,20051391
20051394,20051391
20051393,20051391
20051392,20051391
20051391,20051391
20051390,20051381
20051389,20051381
20051388,20051381
20051387,20051381
20051386,20051381
20051385,20051381
20051384,20051381
20051383,20051381
20051382,20051381
20051381,20051381
20051380,20051371
20051379,20051371
20051378,20051371
20051377,20051371
20051376,20051371
20051375,20051371
20051374,20051371
20051373,20051371
20051372,20051371
20051371,20051371
20051370,20051361
20051369,20051361
20051368,20051361
20051367,20051361
20051366,20051361
20051365,20051361
20051364,20051361
20051363,20051361
20051362,20051361
20051361,20051361
20051360,20051351
20051359,20051351
20051358,20051351
20051357,20051351
20051356,20051351
20051355,20051351
20051354,20051351
20051353,20051351
20051352,20051351
20051351,20051351
20051350,20051341
20051349,20051341
20051348,20051341
20051347,20051341
20051346,20051341
20051345,20051341
20051344,20051341
20051343,20051341
20051342,20051341
20051341,20051341
20051340,20051331
20051339,20051331
20051338,20051331
20051337,20051331
20051336,20051331
20051335,20051331
20051334,20051331
20051333,20051331
20051332,20051331
20051331,20051331
20051330,20051321
20051329,20051321
20051328,20051321
20051327,20051321
20051326,20051321
20051325,20051321
20051324,20051321
20051323,20051321
20051322,20051321
20051321,20051321
20051320,20051311
20051319,20051311
20051318,20051311
20051317,20051311
20051316,20051311
20051315,20051311
20051314,20051311
20051313,20051311
20051312,20051311
20051311,20051311
20051310,20051301
20051309,20051301
20051308,20051301
20051307,20051301
20051306,20051301
20051305,20051301
20051304,20051301
20051303,20051301
20051302,20051301
20051301,20051301
20051300,20051291
20051299,20051291
20051298,20051291
20051297,20051291
20051296,20051291
20051295,20051291
20051294,20051291
20051293,20051291
20051292,20051291
20051291,20051291
20051290,20051281
20051289,20051281
20051288,20051281
20051287,20051281
20051286,20051281
20051285,20051281
20051284,20051281
20051283,20051281
20051282,20051281
20051281,20051281
20051280,20051271
20051279,20051271
20051278,20051271
20051277,20051271
20051276,20051271
20051275,20051271
20051274,20051271
20051273,20051271
20051272,20051271
20051271,20051271
20051270,20051261
20051269,20051261
20051268,20051261
20051267,20051261
20051266,20051261
20051265,20051261
20051264,20051261
20051263,20051261
20051262,20051261
20051261,20051261
20051260,20051251
20051259,20051251
20051258,20051251
20051257,20051251
20051256,20051251
20051255,20051251
20051254,20051251
20051253,20051251
20051252,20051251
20051251,20051251
20051250,20051241
20051249,20051241
20051248,20051241
20051247,20051241
20051246,20051241
20051245,20051241
20051244,20051241
20051243,20051241
20051242,20051241
20051241,20051241
20051240,20051231
20051239,20051231
20051238,20051231
20051237,20051231
20051236,20051231
20051235,20051231
20051234,20051231
20051233,20051231
20051232,20051231
20051231,20051231
20051230,20051221
20051229,20051221
20051228,20051221
20051227,20051221
20051226,20051221
20051225,20051221
20051224,20051221
20051223,20051221
20051222,20051221
20051221,20051221
20051220,20051211
20051219,20051211
20051218,20051211
20051217,20051211
20051216,20051211
20051215,20051211
20051214,20051211
20051213,20051211
20051212,20051211
20051211,20051211
20051210,20051201
20051209,20051201
20051208,20051201
20051207,20051201
20051206,20051201
20051205,20051201
20051204,20051201
20051203,20051201
20051202,20051201
20051201,20051201
20051200,20051191
20051199,20051191
20051198,20051191
20051197,20051191
20051196,20051191
20051195,20051191
20051194,20051191
20051193,20051191
20051192,20051191
20051191,20051191
20051190,20051181
20051189,20051181
20051188,20051181
20051187,20051181
20051186,20051181
20051185,20051181
20051184,20051181
20051183,20051181
20051182,20051181
20051181,20051181
20051180,20051171
20051179,20051171
20051178,20051171
20051177,20051171
20051176,20051171
20051175,20051171
20051174,20051171
20051173,20051171
20051172,20051171
20051171,20051171
20051170,20051161
20051169,20051161
20051168,20051161
20051167,20051161
20051166,20051161
20051165,20051161
20051164,20051161
20051163,20051161
20051162,20051161
20051161,20051161
20051160,20051151
20051159,20051151
20051158,20051151
20051157,20051151
20051156,20051151
20051155,20051151
20051154,20051151
20051153,20051151
20051152,20051151
20051151,20051151
20051150,20051141
20051149,20051141
20051148,20051141
20051147,20051141
20051146,20051141
20051145,20051141
20051144,20051141
20051143,20051141
20051142,20051141
20051141,20051141
20051140,20051131
20051139,20051131
20051138,20051131
20051137,20051131
20051136,20051131
20051135,20051131
20051134,20051131
20051133,20051131
20051132,20051131
20051131,20051131
20051130,20051121
20051129,20051121
20051128,20051121
20051127,20051121
20051126,20051121
20051125,20051121
20051124,20051121
20051123,20051121
20051122,20051121
20051121,20051121
20051120,20051111
20051119,20051111
20051118,20051111
20051117,20051111
20051116,20051111
20051115,20051111
20051114,20051111
20051113,20051111
20051112,20051111
20051111,20051111
20051110,20051101
20051109,20051101
20051108,20051101
20051107,20051101
20051106,20051101
20051105,20051101
20051104,20051101
20051103,20051101
20051102,20051101
20051101,20051101
20051100,20051091
20051099,20051091
20051098,20051091
20051097,20051091
20051096,20051091
20051095,20051091
20051094,20051091
20051093,20051091
20051092,20051091
20051091,20051091
20051090,20051081
20051089,20051081
20051088,20051081
20051087,20051081
20051086,20051081
20051085,20051081
20051084,20051081
20051083,20051081
20051082,20051081
20051081,20051081
20051080,20051071
20051079,20051071
20051078,20051071
20051077,20051071
20051076,20051071
20051075,20051071
20051074,20051071
20051073,20051071
20051072,20051071
20051071,20051071
20051070,20051061
20051069,20051061
20051068,20051061
20051067,20051061
20051066,20051061
20051065,20051061
20051064,20051061
20051063,20051061
20051062,20051061
20051061,20051061
20051060,20051051
20051059,20051051
20051058,20051051
20051057,20051051
20051056,20051051
20051055,20051051
20051054,20051051
20051053,20051051
20051052,20051051
20051051,20051051
20051050,20051041
20051049,20051041
20051048,20051041
20051047,20051041
20051046,20051041
20051045,20051041
20051044,20051041
20051043,20051041
20051042,20051041
20051041,20051041
20051040,20051031
20051039,20051031
20051038,20051031
20051037,20051031
20051036,20051031
20051035,20051031
20051034,20051031
20051033,20051031
20051032,20051031
20051031,20051031
20051030,20051021
20051029,20051021
20051028,20051021
20051027,20051021
20051026,20051021
20051025,20051021
20051024,20051021
20051023,20051021
20051022,20051021
20051021,20051021
20051020,20051011
20051019,20051011
20051018,20051011
20051017,20051011
20051016,20051011
20051015,20051011
20051014,20051011
20051013,20051011
20051012,20051011
20051011,20051011
20051010,20051001
20051009,20051001
20051008,20051001
20051007,20051001
20051006,20051001
20051005,20051001
20051004,20051001
20051003,20051001
20051002,20051001
20051001,20051001
20051000,20050991
20050999,20050991
20050998,20050991
20050997,20050991
20050996,20050991
20050995,20050991
20050994,20050991
20050993,20050991
20050992,20050991
20050991,20050991
20050990,20050981
20050989,20050981
20050988,20050981
20050987,20050981
20050986,20050981
20050985,20050981
20050984,20050981
20050983,20050981
20050982,20050981
20050981,20050981
20050980,20050971
20050979,20050971
20050978,20050971
20050977,20050971
20050976,20050971
20050975,20050971
20050974,20050971
20050973,20050971
20050972,20050971
20050971,20050971
20050970,20050961
20050969,20050961
20050968,20050961
20050967,20050961
20050966,20050961
20050965,20050961
20050964,20050961
20050963,20050961
20050962,20050961
20050961,20050961
20050960,20050951
20050959,20050951
20050958,20050951
20050957,20050951
20050956,20050951
20050955,20050951
20050954,20050951
20050953,20050951
20050952,20050951
20050951,20050951
20050950,20050941
20050949,20050941
20050948,20050941
20050947,20050941
20050946,20050941
20050945,20050941
20050944,20050941
20050943,20050941
20050942,20050941
20050941,20050941
20050940,20050931
20050939,20050931
20050938,20050931
20050937,20050931
20050936,20050931
20050935,20050931
20050934,20050931
20050933,20050931
20050932,20050931
20050931,20050931
20050930,20050921
20050929,20050921
20050928,20050921
20050927,20050921
20050926,20050921
20050925,20050921
20050924,20050921
20050923,20050921
20050922,20050921
20050921,20050921
20050920,20050911
20050919,20050911
20050918,20050911
20050917,20050911
20050916,20050911
20050915,20050911
20050914,20050911
20050913,20050911
20050912,20050911
20050911,20050911
20050910,20050901
20050909,20050901
20050908,20050901
20050907,20050901
20050906,20050901
20050905,20050901
20050904,20050901
20050903,20050901
20050902,20050901
20050901,20050901
20050900,20050891
20050899,20050891
20050898,20050891
20050897,20050891
20050896,20050891
20050895,20050891
20050894,20050891
20050893,20050891
20050892,20050891
20050891,20050891
20050890,20050881
20050889,20050881
20050888,20050881
20050887,20050881
20050886,20050881
20050885,20050881
20050884,20050881
20050883,20050881
20050882,20050881
20050881,20050881
20050880,20050871
20050879,20050871
20050878,20050871
20050877,20050871
20050876,20050871
20050875,20050871
20050874,20050871
20050873,20050871
20050872,20050871
20050871,20050871
20050870,20050861
20050869,20050861
20050868,20050861
20050867,20050861
20050866,20050861
20050865,20050861
20050864,20050861
20050863,20050861
20050862,20050861
20050861,20050861
20050860,20050851
20050859,20050851
20050858,20050851
20050857,20050851
20050856,20050851
20050855,20050851
20050854,20050851
20050853,20050851
20050852,20050851
20050851,20050851
20050850,20050841
20050849,20050841
20050848,20050841
20050847,20050841
20050846,20050841
20050845,20050841
20050844,20050841
20050843,20050841
20050842,20050841
20050841,20050841
20050840,20050831
20050839,20050831
20050838,20050831
20050837,20050831
20050836,20050831
20050835,20050831
20050834,20050831
20050833,20050831
20050832,20050831
20050831,20050831
20050830,20050821
20050829,20050821
20050828,20050821
20050827,20050821
20050826,20050821
20050825,20050821
20050824,20050821
20050823,20050821
20050822,20050821
20050821,20050821
20050820,20050811
20050819,20050811
20050818,20050811
20050817,20050811
20050816,20050811
20050815,20050811
20050814,20050811
20050813,20050811
20050812,20050811
20050811,20050811
20050810,20050801
20050809,20050801
20050808,20050801
20050807,20050801
20050806,20050801
20050805,20050801
20050804,20050801
20050803,20050801
20050802,20050801
20050801,20050801
20050800,20050791
20050799,20050791
20050798,20050791
20050797,20050791
20050796,20050791
20050795,20050791
20050794,20050791
20050793,20050791
20050792,20050791
20050791,20050791
20050790,20050781
20050789,20050781
20050788,20050781
20050787,20050781
20050786,20050781
20050785,20050781
20050784,20050781
20050783,20050781
20050782,20050781
20050781,20050781
20050780,20050771
20050779,20050771
20050778,20050771
20050777,20050771
20050776,20050771
20050775,20050771
20050774,20050771
20050773,20050771
20050772,20050771
20050771,20050771
20050770,20050761
20050769,20050761
20050768,20050761
20050767,20050761
20050766,20050761
20050765,20050761
20050764,20050761
20050763,20050761
20050762,20050761
20050761,20050761
20050760,20050751
20050759,20050751
20050758,20050751
20050757,20050751
20050756,20050751
20050755,20050751
20050754,20050751
20050753,20050751
20050752,20050751
20050751,20050751
20050750,20050741
20050749,20050741
20050748,20050741
20050747,20050741
20050746,20050741
20050745,20050741
20050744,20050741
20050743,20050741
20050742,20050741
20050741,20050741
20050740,20050731
20050739,20050731
20050738,20050731
20050737,20050731
20050736,20050731
20050735,20050731
20050734,20050731
20050733,20050731
20050732,20050731
20050731,20050731
20050730,20050725
20050729,20050725
20050728,20050725
20050727,20050725
20050726,20050725
20050725,20050725
20050724,20050719
20050723,20050719
20050722,20050719
20050721,20050719
20050720,20050719
20050719,20050719
20050718,20050713
20050717,20050713
20050716,20050713
20050715,20050713
20050714,20050713
20050713,20050713
20050712,20050707
20050711,20050707
20050710,20050707
20050709,20050707
20050708,20050707
20050707,20050707
20050706,20050701
20050705,20050701
20050704,20050701
20050703,20050701
20050702,20050701
20050701,20050701
20050700,20050695
20050699,20050695
20050698,20050695
20050697,20050695
20050696,20050695
20050695,20050695
20050694,20050689
20050693,20050689
20050692,20050689
20050691,20050689
20050690,20050689
20050689,20050689
20050688,20050683
20050687,20050683
20050686,20050683
20050685,20050683
20050684,20050683
20050683,20050683
20050682,20050677
20050681,20050677
20050680,20050677
20050679,20050677
20050678,20050677
20050677,20050677
20050676,20050671
20050675,20050671
20050674,20050671
20050673,20050671
20050672,20050671
20050671,20050671
20050670,20050665
20050669,20050665
20050668,20050665
20050667,20050665
20050666,20050665
20050665,20050665
20050664,20050659
20050663,20050659
20050662,20050659
20050661,20050659
20050660,20050659
20050659,20050659
10168702,10168700
10168701,10168700
10168700,10168700
10164402,10164400
10164401,10164400
10164400,10164400
10160002,10160000
10160001,10160000
10160000,10160000
10064303,10064301
10064302,10064301
10064301,10064301
