#マップＩＤ,マップ名,管理するサ`バ`ID,コピ`元マップID,ミニマップの描画（0　非表示、1　表示）,代替マップID,脱出ワ`プＩＤ,gHに使用しているマップID（コピ`マップ元のID）,NPC_MASK,PVPフィ`ルド,w空庭起
10001000,ノ`ザリン岬,-1,-1,1,10001000,-1,-1,1,0,1
10001001,ノ`ザリン岬,-1,-1,1,10001000,-1,-1,0,0,0
10002000,スノップ雪原,-1,-1,1,10002000,-1,-1,0,0,0
#10002001,スノップ雪原ペット育成,-1,-1,1,10002000,-1,-1,0,0,0
10003000,スノップの山道,-1,-1,1,10003000,-1,-1,1,0,0
10004000,スノップ追分,-1,-1,1,10004000,-1,-1,0,0,0
10005000,ウェスト`_拓地,-1,-1,1,10005000,-1,-1,1,0,1
10005001,ウェスト`_拓地,-1,-1,1,10005000,-1,-1,1,0,1
10013000,アクロニア丘陵,-1,-1,1,10013000,-1,-1,1,0,0
10014000,北アクロニア平原,-1,-1,1,10014000,-1,-1,1,0,1
10014001,北アクロニア平原,-1,-1,1,10014000,-1,-1,1,0,0
10014002,チュ`トリアルマップ,-1,-1,1,10014000,-1,-1,0,0,0
10014012,チュ`トリアルマップ,-1,-1,1,10014000,-1,-1,0,0,0
10014022,チュ`トリアルマップ,-1,-1,1,10014000,-1,-1,0,0,0
10014032,チュ`トリアルマップ,-1,-1,1,10014000,-1,-1,0,0,0
10014042,チュ`トリアルマップ,-1,-1,1,10014000,-1,-1,0,0,0
10014052,チュ`トリアルマップ,-1,-1,1,10014000,-1,-1,0,0,0
10015000,アクロニアの林,-1,-1,1,10015000,-1,-1,0,0,0
10017000,ファ`イ`スト街道,-1,-1,1,10017000,-1,-1,1,0,0
10017001,ファ`マ`r,-1,-1,1,10017000,-1,-1,1,0,0
10018000,イスト`岬,-1,-1,1,10018000,-1,-1,0,0,1
10018001,イスト`岬,-1,-1,1,10018000,-1,-1,0,0,0
10018002,イスト`岬,-1,-1,1,10018000,-1,-1,0,0,0
10018003,イスト`岬,-1,-1,1,10018000,-1,-1,0,0,0
10018100,イスト`岬,-1,-1,1,10018000,-1,-1,1,0,1
10018101,イスト`岬,-1,-1,1,10018000,-1,-1,0,0,0
10018102,イスト`岬,-1,-1,1,10018000,-1,-1,0,0,0
10018103,イスト`岬,-1,-1,1,10018000,-1,-1,0,0,0
10018104,イスト`岬,-1,-1,1,10018000,-1,-1,0,0,0
10019000,アンデッドu（大龋,-1,-1,1,10019000,-1,-1,1,0,1
10019100,アンデッドu,-1,-1,1,10019000,-1,-1,0,0,0
10020000,キラ`ビ`のg道,-1,-1,1,10020000,-1,-1,0,0,0
#10021002,暗\のウェストフォ`ト,-1,-1,0,-1,-1,-1,0,0,0
10022000,西アクロニア平原,-1,-1,1,10022000,-1,-1,1,0,1
10023000,アップタウン,-1,-1,1,10023000,-1,-1,1,0,1
10023001,アップタウン演,-1,-1,1,10023000,-1,-1,0,0,0
10023100,アップタウン|可,-1,-1,1,10023000,-1,-1,0,0,0
10023200,アップタウン西可,-1,-1,1,10023000,-1,-1,0,0,0
10023300,アップタウン南可,-1,-1,1,10023000,-1,-1,1,0,0
10023400,アップタウン北可,-1,-1,1,10023000,-1,-1,1,0,0
10024000,ダウンタウン,-1,-1,1,10023000,-1,-1,1,0,0
10025000,|アクロニア平原,-1,-1,1,10025000,-1,-1,1,0,1
10025001,|アクロニア平原,-1,-1,1,10025000,-1,-1,0,0,0
10027000,|アクロニア段丘,-1,-1,1,10027000,-1,-1,1,0,0
10028000,モ`スグ崖,-1,-1,1,10028000,-1,-1,0,0,0
10030000,果物の森,-1,-1,1,10030000,-1,-1,0,0,0
10030001,迷いの森,-1,-1,1,-1,-1,-1,0,0,0
10030002,アクロニア王国I土,-1,-1,1,10030000,-1,-1,0,0,0
10031000,南アクロニア平原,-1,-1,1,10031000,-1,-1,1,0,1
10032000,ウテナ湖,-1,-1,1,10032000,-1,-1,0,0,0
10032001,ウテナ湖演,-1,-1,1,10032000,-1,-1,0,0,0
10034000,|アクロニア海岸,-1,-1,1,10034000,-1,-1,0,0,0
10034001,|アクロニア海岸演,-1,-1,1,10034000,-1,-1,0,0,0
#10034002,|海岸ペット育成,-1,-1,1,10034000,-1,-1,0,0,0
10035000,u,-1,-1,1,10035000,-1,-1,1,0,1
10042000,ステップ砂漠,-1,-1,1,10042000,-1,-1,1,0,0
10042001,ステップ砂漠演,-1,-1,1,10042000,-1,-1,0,0,0
10043000,ウテナ川河口,-1,-1,1,10043000,-1,-1,0,0,0
10044000,南ウテナ_拓地,-1,-1,1,10044000,-1,-1,1,0,1
10044002,南ウテナ_拓地,-1,-1,1,10044000,-1,-1,1,0,0
10046000,サウスリン岬,-1,-1,1,10046000,-1,-1,1,0,1
10049000,ノ`ス台地,-1,-1,1,10049000,-1,-1,1,0,0
10050000,ノ`ス中央山}（南龋,-1,-1,1,10050000,-1,-1,0,0,1
10051000,永hへの北限,-1,-1,1,10051000,-1,-1,0,0,0
10051100,アイシ`u,-1,-1,1,10051100,-1,-1,0,0,0
#10053001,暗\のウォ`タ`レイア`,-1,-1,0,-1,-1,-1,0,0,0
10054000,フシギ猡雾,-1,-1,1,10054000,-1,-1,1,0,1
10054001,フシギ猡雾,-1,-1,1,10054000,-1,-1,1,0,0
10054100,フシギ猡雾危ū辈浚,-1,-1,1,10054000,-1,-1,0,0,0
10055000,カ`マインブリックシティ,-1,-1,1,10055000,-1,-1,1,0,0
10056000,モ`モ`草原,-1,-1,1,10056000,-1,-1,0,0,1
10056001,モ`モ`草原演,-1,-1,1,10056000,-1,-1,0,0,0
10056002,ポロンの簸沃,-1,-1,1,10056000,-1,-1,0,0,0
10057000,ファ`イ`ストシティ,-1,-1,1,10057000,-1,-1,0,0,0
#10057001,ファ`イ`ストシティ?未使用マップ,-1,-1,1,10057000,-1,-1,0,0,0
10057002,ファ`イ`ストシティ（夜）,-1,-1,0,,-1,-1,1,0,0
10058000,天までAく塔のu,-1,-1,1,10058000,-1,-1,0,0,1
10059000,マイマイu,-1,-1,1,10059000,-1,-1,1,0,0
10059001,マイマイu（夜）,-1,-1,1,10059000,-1,-1,0,0,0
10059002,マイマイu,-1,-1,1,10059000,-1,-1,0,0,0
10059003,マイマイu,-1,-1,1,10059000,-1,-1,0,0,0
10059100,バオバブの森,-1,-1,1,10059000,-1,-1,0,0,0
10059101,バオバブの森（夜）,-1,-1,1,10059000,-1,-1,0,0,0
10059102,バオバブの森,-1,-1,1,10059000,-1,-1,0,0,0
10059103,バオバブの森,-1,-1,1,10059000,-1,-1,0,0,0
10060000,モ`グシティ,-1,-1,1,10060000,-1,-1,1,0,1
10061000,鬼ノ寝床岩,-1,-1,1,10061000,-1,-1,1,0,1
10062000,トンカu,-1,-1,1,10062000,-1,-1,1,0,1
10063000,アイアンサウス街道,-1,-1,1,10063000,-1,-1,1,0,0
10063100,アイアンシティ上与A,-1,-1,1,10063000,-1,-1,1,0,1
10064000,火山,-1,-1,1,10064000,-1,-1,1,0,0
10064001,火山演,-1,-1,1,10064000,-1,-1,0,0,0
10064002,}なる火の山,-1,-1,1,10064000,-1,-1,0,0,0
10065000,ノ`ザンプロムナ`ド,-1,-1,1,10050000,-1,-1,1,0,0
10066000,アイアンシティ下与A,-1,-1,1,10063000,-1,-1,0,0,0
10067000,女王]のg,-1,-1,1,10050000,-1,-1,0,0,0
10068000,Y}地,-1,-1,1,10068000,-1,-1,1,0,0
10069000,アンデッドの城,-1,-1,0,10068000,-1,-1,0,0,0
10069001,ノ`ザン魔法学校,-1,-1,0,-1,-1,-1,1,0,0
10070000,光の塔周x,-1,-1,1,10070000,-1,-1,1,0,0
10071000,タイニ`アイランド,-1,-1,1,-1,-1,-1,0,0,0
10071001,ダンプティ`アイランド,-1,-1,1,-1,-1,-1,1,0,0
10071002,ダンプティ`アイランド,-1,-1,1,-1,-1,-1,1,0,0
10071003,ダンプティ`アイランド,-1,-1,1,-1,-1,-1,1,0,0
10071004,特eな夜のタイニ`アイランド,-1,-1,1,-1,-1,-1,0,0,0
10072050,^去のアクロニア平原,-1,-1,0,10014000,-1,50032000,0,0,0
10080000,カ`マイン海岸,-1,-1,1,10080000,-1,-1,1,0,0
10090000,カ`マイン砂漠のオアシス（昼）,-1,-1,1,10100000,-1,-1,1,0,0
10090001,カ`マイン砂漠のオアシス（夜）,-1,-1,1,10090000,-1,-1,1,0,0
10100000,カ`マイン砂漠（昼）,-1,-1,0,10100000,-1,-1,1,0,0
10100001,カ`マイン砂漠（昼）,-1,-1,0,10100000,-1,-1,1,0,0
10100002,カ`マイン砂漠（昼）,-1,-1,0,10100000,-1,-1,1,0,0
10100003,カ`マイン砂漠（昼）,-1,-1,0,10100000,-1,-1,1,0,0
10100004,カ`マイン砂漠（昼）,-1,-1,0,10100000,-1,-1,1,0,0
10100005,カ`マイン砂漠（昼）,-1,-1,0,10100000,-1,-1,1,0,0
10100006,カ`マイン砂漠（昼）,-1,-1,0,10100000,-1,-1,1,0,0
10100007,カ`マイン砂漠（昼）,-1,-1,0,10100000,-1,-1,1,0,0
10100008,カ`マイン砂漠（昼）,-1,-1,0,10100000,-1,-1,1,0,0
10100009,カ`マイン砂漠（夜）,-1,-1,0,10100000,-1,-1,1,0,0
10100010,カ`マイン砂漠（夜）,-1,-1,0,10100000,-1,-1,1,0,0
10100011,カ`マイン砂漠（夜）,-1,-1,0,10100000,-1,-1,1,0,0
10100012,カ`マイン砂漠（夜）,-1,-1,0,10100000,-1,-1,1,0,0
10100013,カ`マイン砂漠（夜）,-1,-1,0,10100000,-1,-1,1,0,0
10100014,カ`マイン砂漠（夜）,-1,-1,0,10100000,-1,-1,1,0,0
10100015,カ`マイン砂漠（夜）,-1,-1,0,10100000,-1,-1,1,0,0
10100016,カ`マイン砂漠（夜）,-1,-1,0,10100000,-1,-1,1,0,0
10100017,カ`マイン砂漠（夜）,-1,-1,0,10100000,-1,-1,1,0,0
10100018,カ`マイン砂漠（夕）,-1,-1,0,10100000,-1,-1,1,0,0
10900000,テストマップ,-1,-1,1,-1,-1,-1,0,0,0
10901000,テストマップ,-1,-1,1,-1,-1,-1,0,0,0
10902000,テストマップ,-1,-1,1,-1,-1,-1,0,0,0
10903000,テストマップ,-1,-1,1,-1,-1,-1,0,0,0
10904000,テストマップ,-1,-1,1,-1,-1,-1,0,0,0
10905000,テストマップ,-1,-1,1,-1,-1,-1,0,0,0
11023000,エル?シエル（上樱,-1,-1,1,11023000,-1,-1,0,0,1
11024000,エル?シエル（下樱,-1,-1,1,11024000,-1,-1,1,0,1
11026000,エル?シエルタワ`ロビ`,-1,-1,1,11023000,-1,-1,1,0,0
11025000,|アクロニア平原（タイタニア世界）,-1,-1,1,11025000,-1,-1,0,0,0
11027000,タイタニアビ`チ,-1,-1,1,11027000,-1,-1,0,0,0
11053000,ウォ`タ`レイア`,-1,-1,1,11053000,-1,-1,1,0,1
11058000,天までAく塔のu,-1,-1,1,11058000,-1,-1,1,0,1
11058001,天までAく塔のu,-1,-1,1,11058000,-1,-1,0,0,0
11073000,ECOタウンE,-1,-1,1,11073000,-1,-1,0,0,0
11073050,忘却のT口（|）,-1,-1,0,61001000,-1,61001000,0,0,0
11073051,忘却のT口（西）,-1,-1,0,61001000,-1,61001000,0,0,0
11074000,船上,-1,-1,1,-1,-1,-1,0,0,0
11075000,大海の孤u,-1,-1,1,-1,-1,-1,1,0,0
11076000,虚の庭@,-1,-1,0,21193000,-1,61000000,1,0,0
11030001,守の森,-1,-1,-1,10030000,-1,-1,0,0,0
19900000,Oの}地,-1,-1,1,-1,-1,-1,0,0,0
12019000,ゴ`ルデンブリッジ,-1,-1,1,12019000,-1,-1,1,1,0
12019001,ゴ`ルデンブリッジ（夜）,-1,-1,1,12019001,-1,-1,1,1,0
12020000,ヘルサバ`ク,-1,-1,1,12020000,-1,-1,0,1,0
12020001,ヘルサバ`ク（夜）,-1,-1,1,12020001,-1,-1,0,1,0
12021000,ウェストフォ`ト,-1,-1,1,12021000,-1,-1,0,0,1
12021001,ウェストフォ`ト,-1,-1,1,-1,-1,-1,0,0,0
12022000,西アクロニア平原,-1,-1,1,12022000,-1,-1,1,1,0
12022001,西アクロニア平原,-1,-1,1,12022000,-1,-1,0,0,0
12028000,ステップキャニオン,-1,-1,1,12028000,-1,-1,0,1,0
12028001,ステップキャニオン（夜）,-1,-1,1,12028001,-1,-1,0,1,0
12035000,u,-1,-1,1,12035000,-1,-1,1,1,1
12035001,u（夜）,-1,-1,1,12035001,-1,-1,0,1,0
12058000,天までAく塔のu,-1,-1,1,12058000,-1,-1,0,0,1
12063000,アイアンサウスE地,-1,-1,1,12063000,-1,-1,1,0,0
12063001,アイアンサウスE地,-1,-1,1,12063000,-1,-1,1,0,0
12064000,火山エネルギ`プラント,-1,-1,1,12064000,-1,-1,1,0,0
12064001,火山エネルギ`プラント,-1,-1,1,12064000,-1,-1,1,0,0
12101000,トラ`ジ?ディコ`ヤ,-1,-1,1,12101000,-1,-1,1,0,0
12101001,トラ`ジ?ディコ`ヤ,-1,-1,1,12101000,-1,-1,1,0,0
20000000,大の洞窟Ｂ１Ｆ,-1,-1,1,10034000,-1,-1,0,0,0
20000001,大の洞窟Ｂ１Ｆ,-1,-1,1,10034000,-1,-1,0,0,0
20000002,大の洞窟Ｂ１Ｆ,-1,-1,1,10034000,-1,-1,0,0,0
20000003,Ｄ－大の洞窟Ｂ５Ｆ,-1,-1,1,10034000,-1,20000000,0,0,0
20001000,大の洞窟Ｂ２Ｆ,-1,-1,1,10034000,-1,-1,0,0,0
20001001,大の洞窟Ｂ２Ｆ,-1,-1,1,10034000,-1,-1,0,0,0
#20001002,大の洞窟Ｂ２Ｆ,-1,-1,1,-1,-1,-1,0,0,0
20001003,Ｄ－大の洞窟Ｂ４Ｆ,-1,-1,1,10034000,-1,20001000,0,0,0
20002000,大の洞窟Ｂ３Ｆ,-1,-1,1,10034000,-1,-1,0,0,0
20002001,大の洞窟Ｂ３Ｆ,-1,-1,1,10034000,-1,-1,0,0,0
#20002003,TGSイベントダンジョン,-1,-1,1,-1,-1,-1,0,0,0
20002004,Ｄ－大の洞窟Ｂ３Ｆ,-1,-1,1,10034000,-1,20002000,0,0,0
20003000,大の洞窟Ｂ４Ｆ,-1,-1,1,10034000,-1,-1,0,0,0
#20003001,大の洞窟Ｂ４Ｆ,-1,-1,1,-1,-1,-1,0,0,0
#20003002,大の洞窟Ｂ４Ｆ,-1,-1,1,-1,-1,-1,0,0,0
20003003,Ｄ－大の洞窟Ｂ２Ｆ,-1,-1,1,10034000,-1,20003000,0,0,0
20004000,大の洞窟Ｂ５Ｆ,-1,-1,1,10034000,-1,-1,0,0,0
20004001,インスマウスの里,-1,-1,1,10034000,-1,-1,0,0,0
20004002,ビ`のz穴,-1,-1,1,10020000,-1,-1,0,0,0
20004003,Ｄ－大の洞窟Ｂ１Ｆ,-1,-1,1,10034000,-1,20004000,0,0,0
20010000,杲Yの坑道Ｂ１Ｆ,-1,-1,1,10002000,-1,-1,0,0,0
20010001,杲Yの坑道Ｂ１Ｆ,-1,-1,1,10002000,-1,-1,0,0,0
20010002,杲Yの坑道Ｂ１Ｆ,-1,-1,1,10002000,-1,-1,0,0,0
20010003,Ｄ－杲Yの坑道Ｂ３Ｆ,-1,-1,1,10002000,-1,20010000,0,0,0
20011000,杲Yの坑道Ｂ２Ｆ,-1,-1,1,10002000,-1,-1,0,0,0
20011001,杲Yの坑道Ｂ２Ｆ,-1,-1,1,10002000,-1,-1,0,0,0
20011002,Ｄ－杲Yの坑道Ｂ２Ｆ,-1,-1,1,10002000,-1,20011000,0,0,0
20012000,杲Yの坑道Ｂ３Ｆ,-1,-1,1,10002000,-1,-1,0,0,0
20012001,杲Yの坑道Ｂ３Ｆ,-1,-1,1,10002000,-1,-1,0,0,0
#20012002,TGSイベントダンジョン,-1,-1,1,-1,-1,-1,0,0,0
20012003,杲Yの坑道Ｂ３Ｆ,-1,-1,1,10002000,-1,-1,0,0,0
20012004,心、失いし者の洞穴,-1,-1,0,10002000,-1,-1,0,0,0
20012005,Ｄ－杲Yの坑道Ｂ１Ｆ,-1,-1,1,10002000,-1,20012000,0,0,0
20013000,永hのYに立つT,-1,-1,1,10051000,-1,-1,0,0,0
20013001,永hのYに立つT,-1,-1,1,10051000,-1,-1,0,0,0
20013002,宝物,-1,-1,1,10050000,-1,-1,0,0,0
20013003,|アクロニア平原,-1,-1,1,10025000,-1,-1,0,0,0
20013100,永hのYに立つT,-1,-1,1,10051000,-1,-1,0,0,0
20014000,ノ`ザンダンジョン,-1,-1,1,10050000,-1,-1,1,0,0
20014001,Ｄ－ノ`ザンダンジョン,-1,-1,1,10050000,-1,20014000,0,0,0
20015000,アイシ`uへの地下通路,-1,-1,1,10051000,-1,-1,0,0,0
20015001,ノ`ザンm殿秘密通路,-1,-1,1,10051000,-1,-1,1,0,0
20015002,陂gへ至る廊下,-1,-1,1,10071000,-1,20015001,1,0,0
20015003,陂gへ至る廊下,-1,20015002,1,10071000,-1,20015001,1,0,0
20015004,陂gへ至る廊下,-1,20015002,1,10071000,-1,20015001,1,0,0
20020000,サウスダンジョンＢ１Ｆ,-1,-1,1,10063000,-1,-1,0,0,0
20020001,サウスダンジョンＢ１Ｆ演,-1,-1,1,10063000,-1,-1,0,0,0
20020002,地下zE第二A,-1,-1,1,10024000,-1,-1,0,0,0
20020003,Ｄ－サウスダンジョンＢ３Ｆ,-1,-1,1,10063000,-1,20020000,0,0,0
20021000,サウスダンジョンＢ２Ｆ,-1,-1,1,10063000,-1,-1,0,0,0
20021001,Ｄ－サウスダンジョンＢ２Ｆ,-1,-1,1,10063000,-1,20021000,0,0,0
20022000,サウスダンジョンＢ３Ｆ,-1,-1,1,10063000,-1,-1,0,0,0
20022001,Ｄ－サウスダンジョンＢ１Ｆ,-1,-1,1,10063000,-1,20022000,0,0,0
20023000,マルクトの船着,-1,-1,1,10063000,-1,-1,0,0,0
20023001,Ｄ－マルクトの船着,-1,-1,1,10063000,694,20023000,0,0,0
20030000,炭kＢ１Ｆ,-1,-1,1,10035000,-1,-1,0,0,0
20030001,炭kＢ１Ｆ,-1,-1,1,10035000,-1,-1,0,0,0
20030002,炭kＢ１Ｆ,-1,-1,1,10035000,-1,-1,0,0,0
20030003,Ｄ－炭kＢ３Ｆ,-1,-1,1,10035000,-1,20030000,0,0,0
20031000,炭kＢ２Ｆ,-1,-1,1,10035000,-1,-1,0,0,0
20031001,炭kＢ２Ｆ,-1,-1,1,10035000,-1,-1,0,0,0
20031002,Ｄ－炭kＢ２Ｆ,-1,-1,1,10035000,-1,20031000,0,0,0
20032000,炭kＢ３Ｆ,-1,-1,1,10035000,-1,-1,0,0,0
20032001,炭kＢ３Ｆ,-1,-1,1,10035000,-1,-1,0,0,0
20032002,天井Y,-1,-1,1,10023000,-1,-1,0,0,0
20032003,Ｄ－炭kＢ１Ｆ,-1,-1,1,10035000,-1,20032000,0,0,0
20070000,o限回廊Ｂ１Ｆ,-1,-1,1,10042000,-1,-1,0,0,0
20070001,o限回廊Ｂ２Ｆ,-1,-1,1,10042000,-1,-1,0,0,0
20070002,o限回廊Ｂ３Ｆ,-1,-1,1,10042000,-1,-1,0,0,0
20070003,o限回廊Ｂ４Ｆ,-1,-1,1,10042000,-1,-1,0,0,0
20070004,o限回廊Ｂ５Ｆ,-1,-1,1,10042000,-1,-1,0,0,0
20070005,o限回廊Ｂ６Ｆ,-1,-1,1,10042000,-1,-1,0,0,0
20070006,o限回廊Ｂ７Ｆ,-1,-1,1,10042000,-1,-1,0,0,0
20070007,o限回廊Ｂ８Ｆ,-1,-1,1,10042000,-1,-1,0,0,0
20070008,o限回廊Ｂ９Ｆ,-1,-1,1,10042000,-1,-1,0,0,0
20071009,o限回廊Ｂ１０Ｆ,-1,-1,1,10042000,-1,-1,0,0,0
20070010,o限回廊Ｂ１１Ｆ,-1,-1,1,10042000,-1,-1,0,0,0
20070011,o限回廊Ｂ１２Ｆ,-1,-1,1,10042000,-1,-1,0,0,0
20070012,o限回廊Ｂ１３Ｆ,-1,-1,1,10042000,-1,-1,0,0,0
20070013,o限回廊Ｂ１４Ｆ,-1,-1,1,10042000,-1,-1,0,0,0
20070014,o限回廊Ｂ１５Ｆ,-1,-1,1,10042000,-1,-1,0,0,0
20070015,o限回廊Ｂ１６Ｆ,-1,-1,1,10042000,-1,-1,0,0,0
20070016,o限回廊Ｂ１７Ｆ,-1,-1,1,10042000,-1,-1,0,0,0
20070017,o限回廊Ｂ１８Ｆ,-1,-1,1,10042000,-1,-1,0,0,0
20070018,o限回廊Ｂ１９Ｆ,-1,-1,1,10042000,-1,-1,0,0,0
20071019,o限回廊Ｂ２０Ｆ,-1,-1,1,10042000,-1,-1,0,0,0
20070020,o限回廊Ｂ２１Ｆ,-1,-1,1,10042000,-1,-1,0,0,0
20070021,o限回廊Ｂ２２Ｆ,-1,-1,1,10042000,-1,-1,0,0,0
20070022,o限回廊Ｂ２３Ｆ,-1,-1,1,10042000,-1,-1,0,0,0
20070023,o限回廊Ｂ２４Ｆ,-1,-1,1,10042000,-1,-1,0,0,0
20070024,o限回廊Ｂ２５Ｆ,-1,-1,1,10042000,-1,-1,0,0,0
20070025,o限回廊Ｂ２６Ｆ,-1,-1,1,10042000,-1,-1,0,0,0
20070026,o限回廊Ｂ２７Ｆ,-1,-1,1,10042000,-1,-1,0,0,0
20070027,o限回廊Ｂ２８Ｆ,-1,-1,1,10042000,-1,-1,0,0,0
20070028,o限回廊Ｂ２９Ｆ,-1,-1,1,10042000,-1,-1,0,0,0
20071029,o限回廊Ｂ３０Ｆ,-1,-1,1,10042000,-1,-1,0,0,0
20070030,o限回廊Ｂ３１Ｆ,-1,-1,1,10042000,-1,-1,0,0,0
20070031,o限回廊Ｂ３２Ｆ,-1,-1,1,10042000,-1,-1,0,0,0
20070032,o限回廊Ｂ３３Ｆ,-1,-1,1,10042000,-1,-1,0,0,0
20070033,o限回廊Ｂ３４Ｆ,-1,-1,1,10042000,-1,-1,0,0,0
20070034,o限回廊Ｂ３５Ｆ,-1,-1,1,10042000,-1,-1,0,0,0
20070035,o限回廊Ｂ３６Ｆ,-1,-1,1,10042000,-1,-1,0,0,0
20070036,o限回廊Ｂ３７Ｆ,-1,-1,1,10042000,-1,-1,0,0,0
20070037,o限回廊Ｂ３８Ｆ,-1,-1,1,10042000,-1,-1,0,0,0
20070038,o限回廊Ｂ３９Ｆ,-1,-1,1,10042000,-1,-1,0,0,0
20071039,o限回廊Ｂ４０Ｆ,-1,-1,1,10042000,-1,-1,0,0,0
20070040,o限回廊Ｂ４１Ｆ,-1,-1,1,10042000,-1,-1,0,0,0
20070041,o限回廊Ｂ４２Ｆ,-1,-1,1,10042000,-1,-1,0,0,0
20070042,o限回廊Ｂ４３Ｆ,-1,-1,1,10042000,-1,-1,0,0,0
20070043,o限回廊Ｂ４４Ｆ,-1,-1,1,10042000,-1,-1,0,0,0
20070044,o限回廊Ｂ４５Ｆ,-1,-1,1,10042000,-1,-1,0,0,0
20070045,o限回廊Ｂ４６Ｆ,-1,-1,1,10042000,-1,-1,0,0,0
20070046,o限回廊Ｂ４７Ｆ,-1,-1,1,10042000,-1,-1,0,0,0
20070047,o限回廊Ｂ４８Ｆ,-1,-1,1,10042000,-1,-1,0,0,0
20070048,o限回廊Ｂ４９Ｆ,-1,-1,1,10042000,-1,-1,0,0,0
20071049,o限回廊Ｂ５０Ｆ,-1,-1,1,10042000,-1,-1,0,0,0
20070050,o限回廊Ｂ４１Ｆ,-1,-1,1,10042000,-1,-1,1,0,0
#20070100,回廊育成觯保,33,-1,1,10042000,-1,-1,0,0,0
#20070101,回廊育成觯玻,33,-1,1,10042000,-1,-1,0,0,0
#20070102,回廊育成觯常,33,-1,1,10042000,-1,-1,0,0,0
20070103,二次Y会,33,-1,1,30130001,-1,-1,0,0,0
20070104,二次Y会,33,-1,1,30130001,-1,-1,0,0,0
20070200,太のタワ`１Ｆ,-1,-1,1,10042000,-1,-1,0,0,0
20070201,太のタワ`２Ｆ,-1,-1,1,10042000,-1,-1,0,0,0
20070202,太のタワ`３Ｆ,-1,-1,1,10042000,-1,-1,0,0,0
20070300,狭gの回廊?序,-1,-1,1,10024000,-1,-1,0,0,0
20070301,狭gの回廊?破,-1,-1,1,10024000,-1,-1,0,0,0
20071100,狭gの回廊?急,-1,-1,1,10024000,-1,-1,0,0,0
20072000,神のL穴１Ｆ,-1,-1,1,10072000,-1,-1,0,0,0
20072001,Ｄ－神のL穴１Ｆ,-1,-1,1,10072000,-1,-1,0,0,0
20073000,神のL穴２Ｆ,-1,-1,1,10072000,-1,-1,0,0,0
20073001,Ｄ－神のL穴２Ｆ,-1,-1,1,10072000,-1,-1,0,0,0
20074000,神のL穴３Ｆ,-1,-1,1,10072000,-1,-1,0,0,0
20074001,Ｄ－神のL穴３Ｆ,-1,-1,1,10072000,-1,-1,0,0,0
20075000,神のL穴Ｂ１Ｆ,-1,-1,1,10072000,-1,-1,0,0,0
20075001,Ｄ－神のL穴Ｂ１Ｆ,-1,-1,1,10072000,-1,-1,0,0,0
20080000,L技,-1,-1,1,10023000,-1,-1,0,0,0
20080001,\诱哒{耸,-1,-1,1,-1,-1,-1,0,0,0
20080002,\诱哒{耸,-1,-1,1,-1,-1,-1,0,0,0
20080003,\诱哒{耸,-1,-1,1,-1,-1,-1,0,0,0
20080004,\诱哒{耸,-1,-1,1,-1,-1,-1,0,0,0
20080005,\诱哒{耸,-1,-1,1,-1,-1,-1,0,0,0
20080006,所1Ｆ,-1,-1,1,-1,-1,-1,1,0,0
20080007,|猊恁萤`,-1,-1,1,10023000,-1,-1,0,0,0
20080008,西猊恁萤`,-1,-1,1,10023000,-1,-1,0,0,0
20080009,南猊恁萤`,-1,-1,1,10023000,-1,-1,0,0,0
20080010,北猊恁萤`,-1,-1,1,10023000,-1,-1,0,0,0
20080011,L技觯,-1,-1,1,10023000,-1,-1,0,0,0
20080012,zE入口,-1,-1,1,10023000,-1,-1,0,0,0
20080013,zE入口,-1,-1,1,10050000,-1,-1,0,0,0
20080014,zE入口,-1,-1,1,10063000,-1,-1,0,0,0
20080015,暴れダンプティ`のg,-1,-1,1,-1,-1,-1,1,0,0
20080016,所1Ｆ,-1,-1,1,10068000,-1,-1,0,0,0
20080017,TGS2011 Stadium,-1,-1,1,10023000,-1,-1,0,0,0
20080018,ワ`ルド抗榧合ロビ`,-1,-1,1,-1,-1,-1,0,0,0
20080019,ワ`ルド抗榧合ロビ`,-1,-1,1,-1,-1,-1,0,0,0
20080020,ワ`ルド抗榧合ロビ`,-1,-1,1,-1,-1,-1,0,0,0
20080021,ワ`ルド抗榧合ロビ`,-1,-1,1,-1,-1,-1,0,0,0
20080022,ワ`ルド抗Cloverロビ`,-1,-1,1,-1,-1,-1,0,0,0
20080023,ワ`ルド抗Freesiaロビ`,-1,-1,1,-1,-1,-1,0,0,0
20080024,ワ`ルド抗Lupinusロビ`,-1,-1,1,-1,-1,-1,0,0,0
20080025,ワ`ルド抗Zinniaロビ`,-1,-1,1,-1,-1,-1,0,0,0
20080100,太のタワ`屋上,-1,-1,1,10023000,-1,-1,0,0,0
20081000,天空のオ`プンカフェ,-1,-1,1,-1,-1,-1,0,0,0
20081001,フシギなメイドさんのw空庭,-1,-1,1,-1,-1,20081000,0,0,0
20081002,アミスのw空庭,-1,-1,1,-1,-1,-1,0,0,0
20090000,イ`ストダンジョン,-1,-1,1,10057000,-1,-1,1,0,0
20090001,イ`ストダンジョン,-1,-1,1,10057000,-1,-1,0,0,0
20090002,Ｄ－イ`ストダンジョン,-1,-1,1,10057000,-1,20090000,0,0,0
20091000,毒の湿原,-1,-1,1,10057000,-1,-1,1,0,0
20091001,毒の湿原,-1,-1,1,10057000,-1,-1,0,0,0
20091002,Ｄ－毒の湿原,-1,-1,1,10057000,-1,20091000,0,0,0
20092000,原初の森,-1,-1,1,10057000,-1,-1,0,0,0
20092001,冥王の森,-1,-1,1,10057000,-1,-1,0,0,0
20092002,Ｄ－原初の森,-1,-1,1,10057000,-1,20092000,0,0,0
20092003,太古のアクロニア大,-1,-1,1,10057000,-1,20092000,0,0,0
20100000,右のTl1Ｆ,-1,-1,0,10068000,-1,-1,0,0,0
20101000,右のTl2Ｆ,-1,-1,0,10068000,-1,-1,0,0,0
20102000,右のTl3Ｆ,-1,-1,0,10068000,-1,-1,0,0,0
20102001,兵b所,-1,-1,0,10068000,-1,-1,1,0,0
20103000,所1Ｆ,-1,-1,0,10068000,-1,-1,0,0,0
20104000,所2Ｆ,-1,-1,0,10068000,-1,-1,0,0,0
20105000,牢屋,-1,-1,0,10068000,-1,-1,0,0,0
20106000,法展伽伍g,-1,-1,0,10068000,-1,-1,0,0,0
20107000,政展伽伍g,-1,-1,0,10068000,-1,-1,0,0,0
20107001,ノ`ザン商店（本店）,-1,-1,0,20210000,-1,-1,1,0,0
20108000,王の^1Ｆ,-1,-1,0,10068000,-1,-1,0,0,0
20109000,王の^2Ｆ,-1,-1,0,10068000,-1,-1,0,0,0
20110000,王の^3Ｆ,-1,-1,0,10068000,-1,-1,0,0,0
20111000,]のg,-1,-1,0,10068000,-1,-1,0,0,0
20111001,猡铯欷砍,-1,-1,0,-1,-1,-1,0,0,0
20111002,猡铯欷砍,-1,-1,0,-1,-1,-1,0,0,0
20112000,王の寝室,-1,-1,0,10068000,-1,-1,0,0,0
20112001,ノ`ザン宿屋本^（ロイヤルスイ`ト）,-1,-1,0,20210000,-1,-1,1,0,0
20113000,左のTl1Ｆ,-1,-1,0,10068000,-1,-1,0,0,0
20114000,左のTl2Ｆ,-1,-1,0,10068000,-1,-1,0,0,0
20114001,ノ`ザン商店,-1,-1,0,20210000,-1,-1,0,0,0
20115000,左のTl3Ｆ,-1,-1,0,10068000,-1,-1,0,0,0
20116000,居^1Ｆ,-1,-1,0,10068000,-1,-1,0,0,0
20117000,居^2Ｆ,-1,-1,0,10068000,-1,-1,0,0,0
20117001,本^,-1,-1,0,-1,-1,-1,1,0,0
20118000,居^3Ｆ,-1,-1,0,10068000,-1,-1,0,0,0
20118001,ノ`ザン宿屋本^（一般客室）,-1,-1,0,20210000,-1,-1,1,0,0
20118002,ノ`ザン宿屋分^（一般客室）,-1,-1,0,20210000,-1,-1,1,0,0
20119000,居^4Ｆ,-1,-1,0,10068000,-1,-1,0,0,0
20120000,アカズのg,-1,-1,0,10068000,-1,-1,0,0,0
20120001,アカズのg,-1,-1,0,10068000,-1,-1,1,0,0
#20120001,アクロポリスシティ地下部屋Ａ,-1,-1,0,10068000,-1,-1,0,0,0
#20120002,アクロポリスシティ地下部屋B,-1,-1,0,10068000,-1,-1,0,0,0
20121000,大ホ`ル,-1,-1,0,10068000,-1,-1,0,0,0
20122000,小ホ`ル,-1,-1,0,10068000,-1,-1,0,0,0
20123000,礼堂2Ｆ,-1,-1,0,10068000,-1,-1,0,0,0
20124000,礼堂3Ｆ,-1,-1,0,10068000,-1,-1,0,0,0
20125000,}者のg,-1,-1,0,10068000,-1,-1,0,0,0
20125001,歪Y?骸,-1,-1,0,-1,-1,-1,0,0,0
20125002,歪Y?骸,-1,-1,0,10068000,-1,-1,0,0,0
20125003,封印のg,-1,-1,0,20120000,-1,-1,1,0,0
20125004,空gの口,-1,-1,0,10024000,-1,-1,0,0,0
20126000,}1Ｆ,-1,-1,0,10068000,-1,-1,0,0,0
20127000,}2Ｆ,-1,-1,0,10068000,-1,-1,0,0,0
20128000,}3Ｆ,-1,-1,0,10068000,-1,-1,0,0,0
20128001,民家（屋根Y部屋）,-1,-1,0,20210000,-1,-1,1,0,0
20129000,城の入り口,-1,-1,0,10070000,-1,-1,0,0,0
20129001,廊下,-1,-1,0,10023000,-1,-1,1,0,0
20130000,Bj通路,-1,-1,0,10070000,-1,-1,0,0,0
20140000,メインフロア1Ｆ,-1,-1,1,10070000,-1,-1,0,0,0
20140001,メインフロア1Ｆ,-1,-1,1,10070000,-1,-1,0,0,0
20141000,メインフロア2Ｆ,-1,-1,1,10070000,-1,-1,0,0,0
20141001,地下zE下硬,-1,-1,1,10024000,-1,-1,0,0,0
20142000,メインフロア3Ｆ,-1,-1,1,10070000,-1,-1,0,0,0
20142001,地下zE上硬,-1,-1,1,10024000,-1,-1,0,0,0
20142002,地下zE上硬,-1,-1,1,10024000,-1,-1,0,0,0
20142003,アクロポリス?地下zE,-1,-1,1,10023000,-1,-1,0,0,0
20143000,メインフロア4Ｆ,-1,-1,1,10070000,-1,-1,0,0,0
20144000,A-5Ｆ,-1,-1,1,10070000,-1,-1,0,0,0
20145000,B-5Ｆ,-1,-1,1,10070000,-1,-1,0,0,0
20146000,光の塔下,-1,-1,1,10070000,-1,-1,1,0,0
#20146001,光の塔下,-1,-1,1,10070000,-1,-1,0,0,0
20147000,A-6Ｆ,-1,-1,1,10070000,-1,-1,0,0,0
20148000,B-6Ｆ,-1,-1,1,10070000,-1,-1,0,0,0
20149000,A-7Ｆ,-1,-1,1,10070000,-1,-1,0,0,0
20150000,B-7Ｆ,-1,-1,1,10070000,-1,-1,0,0,0
20151000,A-8Ｆ,-1,-1,1,10070000,-1,-1,0,0,0
20152000,B-8Ｆ,-1,-1,1,10070000,-1,-1,0,0,0
20153000,A-9Ｆ,-1,-1,1,10070000,-1,-1,0,0,0
20154000,A-10Ｆ,-1,-1,1,10070000,-1,-1,0,0,0
20154001,A-14Ｆ,-1,-1,1,10070000,-1,-1,0,0,0
20154002,A-20Ｆ,-1,-1,1,10070000,-1,-1,0,0,0
20155000,A-11Ｆ,-1,-1,1,10070000,-1,-1,0,0,0
20155001,A-15Ｆ,-1,-1,1,10070000,-1,-1,0,0,0
20155002,A-19Ｆ,-1,-1,1,10070000,-1,-1,0,0,0
20156000,A-12Ｆ,-1,-1,1,10070000,-1,-1,0,0,0
20157000,A-13Ｆ,-1,-1,1,10070000,-1,-1,0,0,0
20158000,A-16Ｆ,-1,-1,1,10070000,-1,-1,0,0,0
20159000,A-17Ｆ,-1,-1,1,10070000,-1,-1,0,0,0
20160000,A-18Ｆ,-1,-1,1,10070000,-1,-1,0,0,0
20161000,A-21Ｆ,-1,-1,1,10070000,-1,-1,0,0,0
20162000,A-22Ｆ,-1,-1,1,10070000,-1,-1,0,0,0
20163000,光の塔上,-1,-1,1,10070000,-1,-1,1,0,0
20164000,マイマイzE第一甲板,-1,-1,1,10059000,-1,-1,0,0,0
20170000,エレベ`タ`ル`ム,-1,-1,0,10058000,-1,-1,0,0,0
20170001,エレベ`タ`ル`ム,-1,-1,0,10058000,-1,-1,0,0,0
20180001,湖底の洞窟,-1,-1,1,11053000,-1,21180000,0,0,0
20190000,白き世界,-1,-1,0,-1,-1,-1,0,0,0
20200000,山岳演,-1,-1,1,-1,-1,-1,0,0,0
20200001,山岳演,-1,-1,1,-1,-1,-1,0,0,0
20200002,山岳演,-1,-1,1,-1,-1,-1,0,0,0
20200003,山岳演,-1,-1,1,-1,-1,-1,0,0,0
20200004,山岳演,-1,-1,1,-1,-1,-1,0,0,0
20210000,ノ`ザン地下?市民街,-1,-1,1,-1,-1,-1,0,0,0
20211000,ノ`ザン地下?甓,-1,-1,1,-1,-1,-1,0,0,0
20212000,ノ`ザン地下?世界,-1,-1,1,-1,-1,-1,0,0,0
20213000,o限回廊（Y樱,-1,-1,0,10042000,-1,-1,1,0,0
20213001,未使用,-1,-1,0,10042000,-1,-1,1,0,0
20213002,o限回廊Ｂ５２Ｆ,-1,-1,0,10042000,-1,-1,1,0,0
20213003,o限回廊Ｂ５８Ｆ,-1,-1,0,10042000,-1,-1,1,0,0
20213004,未使用,-1,-1,0,10042000,-1,-1,1,0,0
20213005,o限回廊Ｂ４７Ｆ,-1,-1,0,10042000,-1,-1,1,0,0
20213006,未使用,-1,-1,0,10042000,-1,-1,1,0,0
20213007,o限回廊Ｂ４４Ｆ,-1,-1,0,10042000,-1,-1,1,0,0
20213008,o限回廊Ｂ８４Ｆ,-1,-1,0,10042000,-1,-1,1,0,0
20213009,o限回廊Ｂ８９Ｆ,-1,-1,0,10042000,-1,-1,1,0,0
20213010,o限回廊Ｂ７９Ｆ,-1,-1,0,10042000,-1,-1,1,0,0
20213011,o限回廊Ｂ６９Ｆ,-1,-1,0,10042000,-1,-1,1,0,0
20213012,o限回廊Ｂ９２Ｆ,-1,-1,0,10042000,-1,-1,1,0,0
20213013,o限回廊Ｂ５２Ｆ（L樱,-1,-1,0,10042000,-1,-1,1,0,0
20213014,o限回廊Ｂ５８Ｆ（L樱,-1,-1,0,10042000,-1,-1,1,0,0
20213015,o限回廊Ｂ４７Ｆ（L樱,-1,-1,0,10042000,-1,-1,1,0,0
20213016,o限回廊Ｂ４４Ｆ（L樱,-1,-1,0,10042000,-1,-1,1,0,0
20213017,o限回廊Ｂ６９Ｆ（L樱,-1,-1,0,10042000,-1,-1,1,0,0
20214000,未使用,-1,-1,0,10042000,-1,-1,1,0,0
20214001,o限回廊Ｂ６８Ｆ,-1,-1,0,10042000,-1,-1,1,0,0
20214002,未使用,-1,-1,0,10042000,-1,-1,1,0,0
20214003,o限回廊Ｂ５７Ｆ,-1,-1,0,10042000,-1,-1,1,0,0
20214004,o限回廊Ｂ６２Ｆ,-1,-1,0,10042000,-1,-1,1,0,0
20214005,未使用,-1,-1,0,10042000,-1,-1,1,0,0
20214006,未使用,-1,-1,0,10042000,-1,-1,1,0,0
20214007,o限回廊Ｂ７２Ｆ,-1,-1,0,10042000,-1,-1,1,0,0
20214008,o限回廊Ｂ８３Ｆ,-1,-1,0,10042000,-1,-1,1,0,0
20214009,o限回廊Ｂ８８Ｆ,-1,-1,0,10042000,-1,-1,1,0,0
20214010,o限回廊Ｂ４９Ｆ,-1,-1,0,10042000,-1,-1,1,0,0
20214011,o限回廊Ｂ９７Ｆ,-1,-1,0,10042000,-1,-1,1,0,0
20214012,o限回廊Ｂ９３Ｆ,-1,-1,0,10042000,-1,-1,1,0,0
20214013,o限回廊Ｂ６８Ｆ（L樱,-1,-1,0,10042000,-1,-1,1,0,0
20214014,o限回廊Ｂ５７Ｆ（L樱,-1,-1,0,10042000,-1,-1,1,0,0
20214015,o限回廊Ｂ６２Ｆ（L樱,-1,-1,0,10042000,-1,-1,1,0,0
20214016,o限回廊Ｂ４９Ｆ（L樱,-1,-1,0,10042000,-1,-1,1,0,0
20215000,o限回廊Ｂ４３Ｆ,-1,-1,0,10042000,-1,-1,1,0,0
20215001,未使用,-1,-1,0,10042000,-1,-1,1,0,0
20215002,o限回廊Ｂ５３Ｆ,-1,-1,0,10042000,-1,-1,1,0,0
20215003,未使用,-1,-1,0,10042000,-1,-1,1,0,0
20215004,o限回廊Ｂ６３Ｆ,-1,-1,0,10042000,-1,-1,1,0,0
20215005,未使用,-1,-1,0,10042000,-1,-1,1,0,0
20215006,未使用,-1,-1,0,10042000,-1,-1,1,0,0
20215007,o限回廊Ｂ７３Ｆ,-1,-1,0,10042000,-1,-1,1,0,0
20215008,o限回廊Ｂ８２Ｆ,-1,-1,0,10042000,-1,-1,1,0,0
20215009,o限回廊Ｂ５９Ｆ,-1,-1,0,10042000,-1,-1,1,0,0
20215010,o限回廊Ｂ７７Ｆ,-1,-1,0,10042000,-1,-1,1,0,0
20215011,o限回廊Ｂ９８Ｆ,-1,-1,0,10042000,-1,-1,1,0,0
20215012,o限回廊Ｂ９４Ｆ,-1,-1,0,10042000,-1,-1,1,0,0
20215013,o限回廊Ｂ４３Ｆ（L樱,-1,-1,0,10042000,-1,-1,1,0,0
20215014,o限回廊Ｂ５３Ｆ（L樱,-1,-1,0,10042000,-1,-1,1,0,0
20215015,o限回廊Ｂ６３Ｆ（L樱,-1,-1,0,10042000,-1,-1,1,0,0
20215016,o限回廊Ｂ５９Ｆ（L樱,-1,-1,0,10042000,-1,-1,1,0,0
20216000,o限回廊Ｂ４２Ｆ,-1,-1,0,10042000,-1,-1,1,0,0
20216001,o限回廊Ｂ６７Ｆ,-1,-1,0,10042000,-1,-1,1,0,0
20216002,未使用,-1,-1,0,10042000,-1,-1,1,0,0
20216003,未使用,-1,-1,0,10042000,-1,-1,1,0,0
20216004,未使用,-1,-1,0,10042000,-1,-1,1,0,0
20216005,o限回廊Ｂ４８Ｆ,-1,-1,0,10042000,-1,-1,1,0,0
20216006,未使用,-1,-1,0,10042000,-1,-1,1,0,0
20216007,o限回廊Ｂ７４Ｆ,-1,-1,0,10042000,-1,-1,1,0,0
20216008,o限回廊Ｂ５４Ｆ,-1,-1,0,10042000,-1,-1,1,0,0
20216009,o限回廊Ｂ８７Ｆ,-1,-1,0,10042000,-1,-1,1,0,0
20216010,o限回廊Ｂ７８Ｆ,-1,-1,0,10042000,-1,-1,1,0,0
20216011,o限回廊Ｂ９９Ｆ,-1,-1,0,10042000,-1,-1,1,0,0
20216012,o限回廊Ｂ６４Ｆ,-1,-1,0,10042000,-1,-1,1,0,0
20216013,o限回廊Ｂ４２Ｆ（L樱,-1,-1,0,10042000,-1,-1,1,0,0
20216014,o限回廊Ｂ６７Ｆ（L樱,-1,-1,0,10042000,-1,-1,1,0,0
20216015,o限回廊Ｂ４８Ｆ（L樱,-1,-1,0,10042000,-1,-1,1,0,0
20216016,o限回廊Ｂ５４Ｆ（L樱,-1,-1,0,10042000,-1,-1,1,0,0
20216017,o限回廊Ｂ６４Ｆ（L樱,-1,-1,0,10042000,-1,-1,1,0,0
20217000,o限回廊Ｂ８０Ｆ,-1,-1,0,10042000,-1,-1,1,0,0
20217001,o限回廊Ｂ１００Ｆ,-1,-1,0,10042000,-1,-1,1,0,0
20217002,o限回廊Ｂ７５Ｆ,-1,-1,0,10042000,-1,-1,1,0,0
20217003,o限回廊Ｂ９０Ｆ,-1,-1,0,10042000,-1,-1,1,0,0
20217004,o限回廊Ｂ９５Ｆ,-1,-1,0,10042000,-1,-1,1,0,0
20217005,o限回廊Ｂ８５Ｆ,-1,-1,0,10042000,-1,-1,1,0,0
20217006,o限回廊Ｂ５０Ｆ,-1,-1,0,10042000,-1,-1,1,0,0
20217007,o限回廊Ｂ７０Ｆ,-1,-1,0,10042000,-1,-1,1,0,0
20217008,o限回廊Ｂ４５Ｆ,-1,-1,0,10042000,-1,-1,1,0,0
20217009,o限回廊Ｂ６０Ｆ,-1,-1,0,10042000,-1,-1,1,0,0
20217010,o限回廊Ｂ６５Ｆ,-1,-1,0,10042000,-1,-1,1,0,0
20217011,o限回廊Ｂ５５Ｆ,-1,-1,0,10042000,-1,-1,1,0,0
20217012,o限回廊（秘gの觯,-1,-1,0,10042000,-1,-1,1,0,0
20217100,u膜陂g,-1,-1,0,10042000,-1,-1,1,0,0
20217101,u膜陂g,-1,20217100,0,10042000,-1,-1,1,0,0
20217102,u膜陂g,-1,20217100,0,10042000,-1,-1,1,0,0
20220000,カ`マインブリックzE１Ｆ中央,-1,-1,1,10055000,-1,-1,1,0,0
20220001,D-カ`マインブリックzE１F中央,-1,-1,1,10055000,-1,20220000,1,0,0
20230000,カ`マインブリックzE１Ｆ|居住区,-1,-1,1,10055000,-1,-1,1,0,0
20230001,D-カ`マインブリックzE１F|居住区,-1,-1,1,10055000,-1,20220000,1,0,0
20240000,カ`マインブリックzE１Ｆ西居住区,-1,-1,1,10055000,-1,-1,1,0,0
20240001,D-カ`マインブリックzE１F西居住区,-1,-1,1,10055000,-1,20220000,1,0,0
20250000,カ`マインブリックzE２Ｆ,-1,-1,1,10055000,-1,-1,1,0,0
20250001,D-カ`マインブリックzE２F,-1,-1,1,10055000,-1,20220000,1,0,0
20260000,カ`マインブリックzEＢ１Ｆ,-1,-1,1,10055000,-1,-1,1,0,0
20260001,D-カ`マインブリックzEＢ１F,-1,-1,1,10055000,-1,20220000,1,0,0
20270000,カ`マインブリックzEＢ１Ｆの部屋,-1,-1,1,-1,-1,-1,1,0,0
20271000,ＥＣＯサミット会,-1,-1,0,-1,-1,90001000,1,0,0
20272000,ハスタ`の精神世界,-1,-1,0,-1,-1,-1,0,0,0
20900000,テストマップ,-1,-1,0,-1,-1,-1,0,0,0
20901000,テストマップ,-1,-1,0,-1,-1,-1,0,0,0
20902000,テストマップ,-1,-1,0,-1,-1,-1,0,0,0
20903000,テストマップ,-1,-1,0,-1,-1,-1,0,0,0
20904000,テストマップ,-1,-1,0,-1,-1,-1,0,0,0
20905000,テストマップ,-1,-1,0,-1,-1,-1,0,0,0
20906000,テストマップ,-1,-1,0,-1,-1,-1,0,0,0
20907000,テストマップ,-1,-1,0,-1,-1,-1,0,0,0
21003000,マ`メイドのすみか,-1,-1,1,11053000,-1,-1,0,0,0
21180000,海底洞窟,-1,-1,1,11053000,-1,-1,0,0,0
21180001,海底洞窟,-1,-1,1,11053000,-1,-1,0,0,0
21180002,海底洞窟,-1,-1,1,11053000,-1,-1,0,0,0
21180003,Ｄ－海底洞窟,-1,-1,1,11053000,-1,21180000,0,0,0
21180004,Ｄ－海底洞窟,-1,-1,1,11053000,-1,21180000,0,0,0
21190000,口内Y,-1,-1,0,11027000,-1,-1,0,0,0
21191000,幻Y,-1,-1,0,11027000,-1,-1,1,0,0
21192000,虚Y,-1,-1,0,11027000,-1,-1,1,0,0
21193000,深Y,-1,-1,0,11027000,-1,-1,0,0,0
21194000,白昼,-1,-1,0,11027000,-1,-1,0,0,0
21195000,歪Y?迷,-1,-1,0,11027000,-1,-1,1,0,0
21196000,歪Y?,-1,-1,0,11027000,-1,-1,1,0,0
22197000,u地下,-1,-1,1,12035000,-1,-1,1,0,0
22198000,地下匪施O,-1,-1,1,12035000,-1,-1,0,1,0
22198001,地下匪施O,-1,-1,1,12035000,-1,-1,0,0,0
22199000,地下大水路,-1,-1,0,12035000,-1,-1,0,1,0
22200000,旧アクロポリスＢ１Ｆ,-1,-1,1,12035000,-1,-1,0,1,0
22201000,旧アクロポリスＢ２Ｆ,-1,-1,1,12035000,-1,-1,0,1,0
22202000,旧アクロポリス指令室,-1,-1,1,12035000,-1,-1,1,1,0
22004002,ブラフスキ`の家,-1,-1,0,10020000,-1,-1,0,0,0
22004003,？？？の家,-1,-1,0,10020000,-1,-1,1,0,0
30001000,占いの^,-1,-1,0,10023000,-1,-1,0,0,0
30001001,ノ`ザン魔法店,-1,-1,0,10050000,-1,-1,0,0,0
30001002,ファ`イ`スト魔法店,-1,-1,0,10057000,-1,-1,0,0,0
30002000,なんでも屋,-1,-1,0,10023000,-1,-1,0,0,0
30002001,ファ`イ`スト小屋,-1,-1,0,10057000,-1,-1,0,0,0
30002002,武器屋,-1,-1,0,10060000,-1,-1,0,0,0
30002003,トンカY商店,-1,-1,0,10062000,-1,-1,0,0,0
30002004,エミルの家,-1,-1,0,10024000,-1,-1,0,0,0
30003000,天空のオ`プンカフェ,-1,-1,0,-1,-1,-1,0,0,0
30010000,酒屋,-1,-1,0,10023000,-1,-1,1,0,0
30010001,ノ`ザン酒屋,-1,-1,0,10050000,-1,-1,1,0,0
30010002,ノ`ザン酒屋,-1,-1,0,10050000,-1,-1,1,0,0
30010003,アイアンシティ酒屋,-1,-1,0,10063000,-1,-1,0,0,0
30010004,アイアンシティ酒屋,-1,-1,0,10063000,-1,-1,0,0,0
30010005,ノ`ザン酒屋,-1,-1,0,10050000,-1,-1,0,0,0
30010006,ファ`イ`スト酒屋,-1,-1,0,10057000,-1,-1,0,0,0
30010007,砦の酒屋,-1,-1,0,10054000,-1,-1,0,0,0
30010008,モ`グ酒屋,-1,-1,0,10060000,-1,-1,0,0,0
30010009,モ`グパ`トナ`酒屋,-1,-1,0,10060000,-1,-1,0,0,0
30010010,トンカ酒屋,-1,-1,0,10062000,-1,-1,0,0,0
30011000,合成屋,-1,-1,0,10018000,-1,-1,0,0,0
30011001,ノ`ザンa定屋,-1,-1,0,10050000,-1,-1,0,0,0
30011002,ノ`ザンa定屋,-1,-1,0,10050000,-1,-1,0,0,0
30011003,アイアンシティa定屋,-1,-1,0,10063000,-1,-1,0,0,0
30011004,アイアンシティa定屋,-1,-1,0,10063000,-1,-1,0,0,0
30011005,ファ`イ`ストa定屋,-1,-1,0,10057000,-1,-1,0,0,0
30011006,トンカa定屋,-1,-1,0,10062000,-1,-1,0,0,0
30012000,武器屋,-1,-1,0,10023000,-1,-1,0,0,0
30012001,ノ`ザン武器屋,-1,-1,0,10050000,-1,-1,0,0,0
30012002,アイアンシティ武器屋,-1,-1,0,10063000,-1,-1,0,0,0
30012003,ファ`イ`スト武器屋,-1,-1,0,10057000,-1,-1,0,0,0
30012004,モ`グ武器屋,-1,-1,0,10060000,-1,-1,0,0,0
30012005,トンカ武器屋,-1,-1,0,10062000,-1,-1,0,0,0
30013000,火,-1,-1,0,10023000,-1,-1,0,0,0
30013001,アイアンシティ火,-1,-1,0,10063000,-1,-1,0,0,0
30013002,砦の火,-1,-1,0,10054000,-1,-1,0,0,0
30014000,ジャンク屋,-1,-1,0,10023000,-1,-1,0,0,0
30014001,アイアンシティジャンク屋,-1,-1,0,10063000,-1,-1,0,0,0
30014002,モ`グジャンク屋,-1,-1,0,10060000,-1,-1,0,0,0
30014003,トンカジャンク屋,-1,-1,0,10062000,-1,-1,0,0,0
30020000,裁pおばさんの家,-1,-1,0,10023000,-1,-1,0,0,0
30020001,民家,-1,-1,0,10018000,-1,-1,0,0,0
30020002,ノ`ザン裁p屋,-1,-1,0,10050000,-1,-1,0,0,0
30020003,アイアンシティ裁p屋,-1,-1,0,10063000,-1,-1,0,0,0
30020004,民家,-1,-1,0,10018000,-1,-1,0,0,0
30020005,ファ`イ`スト裁p屋,-1,-1,0,10057000,-1,-1,0,0,0
30020006,モ`グ裁p屋,-1,-1,0,10060000,-1,-1,0,0,0
30020007,トンカ裁p屋,-1,-1,0,10062000,-1,-1,0,0,0
30021000,宝石店,-1,-1,0,10023000,-1,-1,0,0,0
30021001,ノ`ザン宝石店,-1,-1,0,10050000,-1,-1,0,0,0
30021002,アイアンシティ宝石店,-1,-1,0,10063000,-1,-1,0,0,0
30021003,ファ`イ`スト宝石店,-1,-1,0,10057000,-1,-1,0,0,0
30021004,モ`グ宝石店,-1,-1,0,10060000,-1,-1,0,0,0
30021005,トンカ宝石店,-1,-1,0,10062000,-1,-1,0,0,0
30022000,セ`ジマスタ`の家,-1,-1,0,10023000,-1,-1,0,0,0
30022001,J本屋,-1,-1,0,10032000,-1,-1,0,0,0
30022002,前世oの一室,-1,-1,0,10023000,-1,-1,0,0,0
30022003,保管室,32,-1,0,20102001,-1,-1,1,0,0
30030000,|の^入り口,-1,-1,0,10023000,-1,-1,0,0,0
30030001,アイテムの小部屋,-1,-1,0,-1,-1,-1,0,0,0
30030002,マリオネットの小部屋,-1,-1,0,-1,-1,-1,0,0,0
30031000,西の^入り口,-1,-1,0,10023000,-1,-1,0,0,0
30032000,南の^入り口,-1,-1,0,10023000,-1,-1,0,0,0
30033000,北の^入り口,-1,-1,0,10023000,-1,-1,0,0,0
30040000,ソ`ドマンギルド,-1,-1,0,10023000,-1,-1,0,0,0
30041000,フェンサ`ギルド,-1,-1,0,10023000,-1,-1,0,0,0
30042000,スカウトギルド,-1,-1,0,10023000,-1,-1,0,0,0
30043000,ア`チャ`ギルド,-1,-1,0,10023000,-1,-1,0,0,0
30044000,スペルユ`ザ`ギルド,-1,-1,0,10023000,-1,-1,0,0,0
30045000,タタラベギルド,-1,-1,0,10023000,-1,-1,0,0,0
30046000,マシンナリ`ギルド,-1,-1,0,10023000,-1,-1,0,0,0
30047000,ファ`マ`ギルド,-1,-1,0,10023000,-1,-1,0,0,0
30048000,アルケミストギルド,-1,-1,0,10023000,-1,-1,0,0,0
30049000,マリオネストギルド,-1,-1,0,10023000,-1,-1,0,0,0
30050000,レンジャ`ギルド,-1,-1,0,10023000,-1,-1,0,0,0
30051000,マ`チャントギルド,-1,-1,0,10023000,-1,-1,0,0,0
#30051001,マ`チャントギルド,-1,-1,0,10023000,-1,-1,0,0,0
30052000,タイタニア利益代表の部屋,-1,-1,0,10023000,-1,-1,0,0,0
30053000,ドミニオン利益代表の部屋,-1,-1,0,10023000,-1,-1,0,0,0
30054000,少数民族利益代表の部屋,-1,-1,0,10023000,-1,-1,0,0,0
30055000,？？？の部屋,-1,-1,0,10018000,-1,-1,0,0,0
#30055001,？？？の部屋,-1,-1,0,10018000,-1,-1,0,0,0
#30055002,？？？の部屋,-1,-1,0,10018000,-1,-1,0,0,0
30060000,商人の店,-1,-1,0,10063000,-1,-1,0,0,0
30060001,ノ`ザン商店,-1,-1,0,10063000,-1,-1,0,0,0
30060002,ノ`ザン商店,-1,-1,0,10057000,-1,-1,0,0,0
30060003,アイアンシティ商店,-1,-1,0,10057000,-1,-1,0,0,0
30060004,アイアンシティ商店,-1,-1,0,10062000,-1,-1,0,0,0
30060005,ファ`イ`スト商店,-1,-1,0,10062000,-1,-1,0,0,0
30060006,ファ`イ`スト商店,-1,-1,0,10018000,-1,-1,0,0,0
30060007,トンカ商店,-1,-1,0,10063000,-1,-1,0,0,0
30060008,トンカ商店,-1,-1,0,10063000,-1,-1,0,0,0
30060009,商人の店,-1,-1,0,10063000,-1,-1,0,0,0
30071000,アイアンシティ民家,-1,-1,0,10063000,-1,-1,0,0,0
#30071001,フィオの家,-1,-1,0,10063000,-1,-1,0,0,0
30072000,金持ち民家,-1,-1,0,10063000,-1,-1,0,0,0
30073000,虮ロビ`,-1,-1,0,10063000,-1,-1,0,0,0
30074000,空ロビ`,-1,-1,0,10063000,-1,-1,0,0,0
30075000,虮L官室,-1,-1,0,10063000,-1,-1,0,0,0
30076000,空L官室,-1,-1,0,10063000,-1,-1,0,0,0
30077000,恿χ朴室,-1,-1,0,10064000,-1,-1,0,0,0
30077001,恿χ朴室,-1,-1,0,10064000,-1,-1,0,0,0
30078000,h会ロビ`,-1,-1,0,10064000,-1,-1,0,0,0
30079000,合同嘏hロビ`,-1,-1,0,10063000,-1,-1,1,0,0
30080000,シェルタ`,-1,-1,0,10063000,-1,-1,0,0,0
30080001,シェルタ`,-1,-1,0,10064000,-1,-1,0,0,0
30080002,シェルタ`,-1,-1,0,10054000,-1,-1,0,0,0
30081000,大工謦恁萤`,-1,-1,0,10066000,-1,-1,1,0,0
30082000,大タタラ謦恁萤`,-1,-1,0,10066000,-1,-1,1,0,0
30090000,パ`トナ`ハウス,-1,-1,0,10018000,-1,-1,0,0,0
30090001,ヨ`コの家,-1,-1,0,10057000,-1,-1,1,0,0
30090002,始まりの家,-1,-1,0,10025000,-1,-1,0,0,0
30090003,始まりの家,-1,-1,0,10022000,-1,-1,0,0,0
30090004,始まりの家,-1,-1,0,10031000,-1,-1,0,0,0
30091000,学校,-1,-1,0,10057000,-1,-1,0,0,0
30091001,|平原初心者学校,-1,-1,0,10025000,-1,-1,1,0,0
30091002,西平原初心者学校,-1,-1,0,10022000,-1,-1,1,0,0
30091003,南平原初心者学校,-1,-1,0,10031000,-1,-1,0,0,0
30091004,北平原初心者学校,-1,-1,0,10014000,-1,-1,1,0,0
30091005,|平原初心者学校,-1,-1,0,10025000,-1,-1,1,0,0
30091006,待合室,-1,-1,0,10023000,-1,-1,0,0,0
30091007,^入り口,-1,-1,0,10023000,-1,-1,1,0,0
30092000,炭k夫の部屋,-1,-1,0,10060000,-1,-1,0,0,0
30093000,きこりのオブスタンの家,-1,-1,0,10057000,-1,-1,0,0,0
30094000,モ`グ虮本部,-1,-1,0,10060000,-1,-1,0,0,0
30095000,モ`グ政府嘏h,-1,-1,0,10060000,-1,-1,0,0,0
30096000,ファイタ`ギルド出所,-1,-1,0,10060000,-1,-1,0,0,0
30097000,マ`チャントギルドt本山,-1,-1,0,10060000,-1,-1,0,0,0
30097001,ギャンブラ`ギルド,-1,-1,0,-1,-1,-1,0,0,0
30098000,炭kO督署,-1,-1,0,10060000,-1,-1,0,0,0
30098001,恐怖の部屋,-1,-1,0,-1,-1,-1,0,0,0
30099000,国泳b所,-1,-1,0,10060000,-1,-1,0,0,0
30099001,ディアマント私O精b所,-1,-1,0,10060000,-1,-1,0,0,0
30099002,国泳b所,-1,-1,0,10060000,-1,-1,0,0,0
30100000,|の^L官室,-1,-1,0,10023000,-1,-1,0,0,0
30100001,杲邮,-1,-1,0,10023000,-1,-1,0,0,0
30101000,西の^L官室,-1,-1,0,10023000,-1,-1,0,0,0
30102000,南の^L官室,-1,-1,0,10023000,-1,-1,0,0,0
30102001,南の^L官室,-1,-1,0,10023000,-1,-1,0,0,0
30102002,南の^L官室,-1,-1,0,10023000,-1,-1,0,0,0
30103000,北の^L官室,-1,-1,0,10023000,-1,-1,0,0,0
30110000,ギルド元mロビ`１Ｆ,-1,-1,0,10023000,-1,-1,1,0,0
30111000,ギルド元mロビ`２Ｆ,-1,-1,0,10023000,-1,-1,0,0,0
30112000,ギルド元mロビ`３Ｆ,-1,-1,0,10023000,-1,-1,0,0,0
30113000,ギルド元mロビ`４Ｆ,-1,-1,0,10023000,-1,-1,0,0,0
30113001,ギルド元mロビ`４Ｆ,-1,-1,0,10023000,-1,-1,0,0,0
30114000,ギルド元mロビ`５Ｆ,-1,-1,0,10023000,-1,-1,1,0,0
30120000,白の}堂,-1,-1,0,10023000,-1,-1,0,0,0
30120001,ともしびの}堂,-1,-1,0,10023000,-1,-1,0,0,0
30121000,\の}堂,-1,-1,0,10023000,-1,-1,1,0,0
30122000,バレンタイン}堂,-1,-1,0,-1,-1,-1,0,0,0
30122001,バレンタイン}堂,-1,-1,0,-1,-1,-1,0,0,0
30122002,アクロニア大}堂,-1,-1,0,-1,-1,-1,1,0,0
30130000,ファ`イ`スト役,-1,-1,0,10057000,-1,-1,0,0,0
30130001,ブリ`ダ`ギルド,-1,-1,0,10057000,-1,-1,0,0,0
30130002,ブリ`ダ`ギルド,-1,-1,0,10057000,-1,-1,0,0,0
30131000,v盾本部,-1,-1,0,10057000,-1,-1,1,0,0
30131001,フシギ獗静,-1,-1,0,10054000,-1,-1,0,0,0
30131002,海\の^,-1,-1,0,10054000,-1,-1,0,0,0
30132000,ファ`マ`ギルドt本山,-1,-1,0,10057000,-1,-1,0,0,0
30133000,ファ`マ`ギルドLの部屋,-1,-1,0,10057000,-1,-1,0,0,0
30133001,ガ`デナ`ギルド,-1,-1,0,10057000,-1,-1,0,0,0
30134000,厩h,-1,-1,0,10057000,-1,-1,0,0,0
30134001,厩h,-1,-1,0,10057000,-1,-1,0,0,0
30140000,タイタニア送室,-1,-1,0,-1,-1,-1,0,0,0
30140001,タイタニア送室,-1,-1,0,-1,-1,-1,0,0,0
30140002,タイタニア送室,-1,-1,0,-1,-1,-1,0,0,0
30140003,タイタニア送室,-1,-1,0,-1,-1,-1,0,0,0
30141000,ドミニオン送室,-1,-1,0,-1,-1,-1,0,0,0
30141001,ドミニオン送室,-1,-1,0,-1,-1,-1,0,0,0
30141002,ドミニオン送室,-1,-1,0,-1,-1,-1,0,0,0
30141003,プロセルピナのOz,-1,-1,0,-1,-1,-1,0,0,0
30150000,トンカ民家,-1,-1,0,10062000,-1,-1,0,0,0
30151000,トンカ嘏h,-1,-1,0,10062000,-1,-1,0,0,0
30152000,レオのマリオネット工房,-1,-1,0,10062000,-1,-1,0,0,0
30152001,リタのマリオネット工房,-1,-1,0,10062000,-1,-1,0,0,0
30152002,封じられた地下室,-1,-1,0,10023000,-1,-1,0,0,0
30153000,カミッロのマシン工房,-1,-1,0,10062000,-1,-1,0,0,0
30153001,リディアのマシン工房,-1,-1,0,10062000,-1,-1,0,0,0
30154000,マリオネット第１研究所,-1,-1,0,10062000,-1,-1,0,0,0
30154001,マリオネット第２研究所,-1,-1,0,10062000,-1,-1,0,0,0
30154002,恐怖の部屋,-1,-1,0,-1,-1,-1,0,0,0
30155000,ド`ルズ本部,-1,-1,0,10062000,-1,-1,0,0,0
30156000,マリオネスト本部,-1,-1,0,10062000,-1,-1,0,0,0
30156001,マリオネスト本部,-1,-1,0,10062000,-1,-1,0,0,0
30157000,マシンナリ`本部,-1,-1,0,10062000,-1,-1,0,0,0
30157001,マシンナリ`本部,-1,-1,0,10062000,-1,-1,0,0,0
30157002,エレキテルラボ,-1,-1,0,10023000,-1,-1,1,0,0
30157003,エレキテルラボ,-1,-1,0,10023000,-1,-1,0,0,0
30157004,エレキテルラボ,-1,-1,0,10023000,-1,-1,0,0,0
30158000,美g室,-1,-1,0,10023000,-1,-1,0,0,0
30159000,地下室,-1,-1,0,10023000,-1,-1,0,0,0
30160000,ノ`ザンm殿ホ`ル,-1,-1,0,10050000,-1,-1,0,0,0
30161000,女王]のg,-1,-1,0,10050000,-1,-1,0,0,0
30162000,ノ`ザン王国め所,-1,-1,0,10050000,-1,-1,0,0,0
30162001,ノ`ザン王国め所,-1,-1,0,10050000,-1,-1,0,0,0
30163000,魔法ギルドt本山ロビ`,-1,-1,0,10050000,-1,-1,0,0,0
30164000,大の部屋,-1,-1,0,10050000,-1,-1,0,0,0
30164001,アクロニア王m（王妃のg）,-1,-1,0,-1,-1,-1,0,0,0
30165000,t本山の部屋,-1,-1,0,10050000,-1,-1,0,0,0
30165001,t本山Lし部屋,-1,-1,0,10050000,-1,-1,0,0,0
30166000,カ`ドラボ,-1,-1,0,10050000,-1,-1,0,0,0
#30167000,テスト,-1,-1,0,10050000,-1,-1,0,0,0
30170000,イグル`,-1,-1,0,10051000,-1,-1,0,0,0
30170001,イグル`,-1,-1,0,10051000,-1,-1,0,0,0
30171000,イグル`よろず屋,-1,-1,0,10050000,-1,-1,0,0,0
30171001,イグル`よろず屋,-1,-1,0,10050000,-1,-1,0,0,0
30180000,シアタ`ロビ`１,-1,-1,0,10023000,-1,-1,0,0,0
30181000,シアタ`ロビ`２,-1,-1,0,10023000,-1,-1,1,0,0
30182000,シアタ`ロビ`３,-1,-1,0,10023000,-1,-1,0,0,0
30183000,シアタ`ロビ`４,-1,-1,0,10023000,-1,-1,1,0,0
30190000,シアタ`スクリ`ン室１,-1,-1,0,10023000,-1,-1,0,0,0
30191000,シアタ`スクリ`ン室１,-1,-1,0,10023000,-1,-1,0,0,0
30192000,シアタ`スクリ`ン室２,-1,-1,0,10023000,-1,-1,0,0,0
30193000,シアタ`スクリ`ン室２,-1,-1,0,10023000,-1,-1,0,0,0
30194000,シアタ`スクリ`ン室３,-1,-1,0,10023000,-1,-1,0,0,0
30195000,シアタ`スクリ`ン室３,-1,-1,0,10023000,-1,-1,0,0,0
30196000,シアタ`スクリ`ン室４,-1,-1,0,10023000,-1,-1,1,0,0
30197000,シアタ`スクリ`ン室４,-1,-1,0,10023000,-1,-1,0,0,0
30200000,テント,-1,-1,0,10025000,-1,-1,0,0,0
30200001,巡礼者キャンプ１,-1,-1,0,10059000,-1,-1,0,0,0
30200002,巡礼者キャンプ２,-1,-1,0,10059000,-1,-1,0,0,0
30200003,巡礼者キャンプ１,-1,-1,0,10059000,-1,-1,0,0,0
30200004,巡礼者キャンプ２,-1,-1,0,10059000,-1,-1,0,0,0
30200005,テント,-1,-1,0,10024000,-1,-1,0,0,0
30201000,w空庭の庭,-1,-1,0,-1,-1,-1,0,0,0
30201001,w空庭の庭,-1,-1,0,-1,-1,-1,0,0,0
30201002,パ`トナ`集会所,-1,-1,0,-1,-1,-1,0,0,0
30201003,w空庭の庭,-1,-1,0,-1,-1,-1,0,0,0
30201004,ガ`デナ`ギルドの庭,-1,-1,0,-1,-1,-1,0,0,0
30201005,キティラ`w空庭,-1,-1,0,-1,-1,-1,0,0,0
#30201006,コンサ`ト会觯,-1,-1,0,10023000,-1,-1,1,0,0
#30201007,コンサ`ト会觯,-1,-1,0,10023000,-1,-1,1,0,0
#30201008,コンサ`ト会觯,-1,-1,0,10023000,-1,-1,1,0,0
30201900,第１タ`ミナルw空庭,-1,-1,0,-1,-1,-1,0,0,0
30201901,第２タ`ミナルw空庭,-1,-1,0,-1,-1,-1,0,0,0
30201902,第３タ`ミナルw空庭,-1,-1,0,-1,-1,-1,0,0,0
30201903,第４タ`ミナルw空庭,-1,-1,0,-1,-1,-1,0,0,0
30201904,第５タ`ミナルw空庭,-1,-1,0,-1,-1,-1,0,0,0
30201905,第６タ`ミナルw空庭,-1,-1,0,-1,-1,-1,0,0,0
30201906,第７タ`ミナルw空庭,-1,-1,0,-1,-1,-1,0,0,0
30201907,第８タ`ミナルw空庭,-1,-1,0,-1,-1,-1,0,0,0
30201908,第９タ`ミナルw空庭,-1,-1,0,-1,-1,-1,0,0,0
30201909,第１０タ`ミナルw空庭,-1,-1,0,-1,-1,-1,0,0,0
30201910,第１１タ`ミナルw空庭,-1,-1,0,-1,-1,-1,0,0,0
30201911,第１２タ`ミナルw空庭,-1,-1,0,-1,-1,-1,0,0,0
30201912,第１３タ`ミナルw空庭,-1,-1,0,-1,-1,-1,0,0,0
30201913,第１４タ`ミナルw空庭,-1,-1,0,-1,-1,-1,0,0,0
30201914,第１５タ`ミナルw空庭,-1,-1,0,-1,-1,-1,0,0,0
30201915,第１６タ`ミナルw空庭,-1,-1,0,-1,-1,-1,0,0,0
30201916,第１７タ`ミナルw空庭,-1,-1,0,-1,-1,-1,0,0,0
30201917,第１８タ`ミナルw空庭,-1,-1,0,-1,-1,-1,0,0,0
30201918,第１９タ`ミナルw空庭,-1,-1,0,-1,-1,-1,0,0,0
30201919,第２０タ`ミナルw空庭,-1,-1,0,-1,-1,-1,0,0,0
30201920,第２１タ`ミナルw空庭,-1,-1,0,-1,-1,-1,0,0,0
30201921,第２２タ`ミナルw空庭,-1,-1,0,-1,-1,-1,0,0,0
30201922,第２３タ`ミナルw空庭,-1,-1,0,-1,-1,-1,0,0,0
30201923,第２４タ`ミナルw空庭,-1,-1,0,-1,-1,-1,0,0,0
30202000,w空庭の部屋,-1,-1,0,-1,-1,-1,0,0,0
30202001,w空庭の部屋,-1,-1,0,-1,-1,-1,0,0,0
30202002,w空庭の部屋,-1,-1,0,-1,-1,-1,0,0,0
30203000,…簸沃小？,-1,-1,0,-1,-1,-1,0,0,0
30203001,…簸沃小？,-1,-1,0,-1,-1,-1,0,0,0
30203002,…簸沃小？,-1,-1,0,-1,-1,-1,0,0,0
30203003,…簸沃小？,-1,-1,0,-1,-1,-1,0,0,0
30204000,タイタニア世界,-1,-1,0,-1,-1,-1,0,0,0
30204001,タイタニア世界,-1,-1,0,-1,-1,-1,0,0,0
30204002,タイタニア世界,-1,-1,0,-1,-1,-1,0,0,0
30204003,空,-1,-1,0,-1,-1,-1,0,0,0
30205000,ドミニオン世界,-1,-1,0,-1,-1,-1,0,0,0
30205001,ドミニオン世界,-1,-1,0,-1,-1,-1,0,0,0
30205002,ドミニオン世界,-1,-1,0,-1,-1,-1,0,0,0
30206000,アリスの部屋,-1,-1,0,-1,-1,-1,0,0,0
30207000,使用人の部屋,-1,-1,0,-1,-1,-1,0,0,0
30208000,メイドの部屋,-1,-1,0,-1,-1,-1,0,0,0
30209001,パケルのヒミツ研究基地,-1,-1,0,10023000,-1,50072000,1,0,0
30210000,エンシェントア`ク：ロビ`１,-1,-1,1,10065000,-1,30210000,0,0,0
30210001,エンシェントア`ク：ロビ`２,-1,30210000,1,10065000,-1,30210000,0,0,0
30210002,エンシェントア`ク：ロビ`３,-1,30210000,1,10065000,-1,30210000,0,0,0
30210003,エンシェントア`ク：ロビ`４,-1,30210000,1,10065000,-1,30210000,0,0,0
30210004,エンシェントア`ク：ロビ`５,-1,30210000,1,10065000,-1,30210000,0,0,0
30210005,エンシェントア`ク：ロビ`６,-1,30210000,1,10065000,-1,30210000,0,0,0
30210006,エンシェントア`ク：ロビ`７,-1,30210000,1,10065000,-1,30210000,0,0,0
30210007,エンシェントア`ク：ロビ`８,-1,30210000,1,10065000,-1,30210000,0,0,0
30210008,エンシェントア`ク：ロビ`９,-1,30210000,1,10065000,-1,30210000,0,0,0
30210009,エンシェントア`ク：ロビ`１０,-1,30210000,1,10065000,-1,30210000,0,0,0
30210010,エンシェントア`ク：ロビ`１１,-1,30210000,1,10065000,-1,30210000,0,0,0
30210011,エンシェントア`ク：ロビ`１２,-1,30210000,1,10065000,-1,30210000,0,0,0
30210012,エンシェントア`ク：ロビ`１３,-1,30210000,1,10065000,-1,30210000,0,0,0
30210013,エンシェントア`ク：ロビ`１４,-1,30210000,1,10065000,-1,30210000,0,0,0
30210014,エンシェントア`ク：ロビ`１５,-1,30210000,1,10065000,-1,30210000,0,0,0
30210015,エンシェントア`ク：ロビ`１６,-1,30210000,1,10065000,-1,30210000,0,0,0
30210016,エンシェントア`ク：ロビ`１７,-1,30210000,1,10065000,-1,30210000,0,0,0
30210017,エンシェントア`ク：ロビ`１８,-1,30210000,1,10065000,-1,30210000,0,0,0
30210018,エンシェントア`ク：ロビ`１９,-1,30210000,1,10065000,-1,30210000,0,0,0
30210019,エンシェントア`ク：ロビ`２０,-1,30210000,1,10065000,-1,30210000,0,0,0
30220000,ファッションショ`会,-1,-1,0,-1,-1,-1,1,0,0
30220001,w空城,-1,-1,0,10071000,-1,-1,1,0,0
30230000,たまいれ屋,-1,-1,0,10023000,-1,-1,0,0,0
30240000,カ`マイン海岸のテント,-1,-1,0,10080000,-1,-1,1,0,0
30240001,カ`マイン海岸のテント,-1,-1,0,10080000,-1,30240000,1,0,0
30240002,カ`マイン海岸のテント,-1,-1,0,10080000,-1,30240000,1,0,0
30240003,カ`マイン海岸のテント,-1,-1,0,10080000,-1,30240000,1,0,0
30240004,カ`マイン海岸のテント,-1,-1,0,10080000,-1,30240000,1,0,0
30240005,カ`マイン海岸のテント,-1,-1,0,10080000,-1,30240000,1,0,0
30240006,カ`マイン海岸のテント,-1,-1,0,10080000,-1,30240000,1,0,0
30240007,砂漠のテント,-1,-1,0,10100003,-1,30240000,1,0,0
30240008,砂漠のテント,-1,-1,0,10100012,-1,30240000,1,0,0
30240009,オアシス（昼）のテント,-1,-1,0,10090000,-1,30240000,1,0,0
30240010,オアシス（昼）のテント,-1,-1,0,10090000,-1,30240000,1,0,0
30240011,オアシス（昼）のテント,-1,-1,0,10090000,-1,30240000,1,0,0
30240012,オアシス（昼）のテント,-1,-1,0,10090000,-1,30240000,1,0,0
30240013,オアシス（昼）のテント,-1,-1,0,10090000,-1,30240000,1,0,0
30240014,オアシス（夜）のテント,-1,-1,0,10090001,-1,30240000,1,0,0
30240015,オアシス（夜）のテント,-1,-1,0,10090001,-1,30240000,1,0,0
30240016,オアシス（夜）のテント,-1,-1,0,10090001,-1,30240000,1,0,0
30240017,オアシス（夜）のテント,-1,-1,0,10090001,-1,30240000,1,0,0
30240018,オアシス（夜）のテント,-1,-1,0,10090001,-1,30240000,1,0,0
30240019,トンカ{猊匹螗,-1,-1,0,10055000,-1,30240000,1,0,0
30240020,トンカ{猊匹螗,-1,-1,0,10055000,-1,30240000,1,0,0
30240021,トンカ{猊匹螗,-1,-1,0,10055000,-1,30240000,1,0,0
30240022,トンカ{獗静郡违匹螗,-1,-1,0,10055000,-1,30240000,1,0,0
30240023,カ`マインブリックシティのテント,-1,-1,0,10055000,-1,30240000,1,0,0
30240024,カ`マインブリックシティのテント,-1,-1,0,10055000,-1,30240000,1,0,0
30240025,カ`マインブリックシティのテント,-1,-1,0,10055000,-1,30240000,1,0,0
30240026,カ`マインブリックシティのテント,-1,-1,0,10055000,-1,30240000,1,0,0
30240027,カ`マインブリックシティのテント,-1,-1,0,10055000,-1,30240000,1,0,0
30250000,カ`マインブリックシティ屋内,-1,-1,0,10055000,-1,-1,1,0,0
30250001,カ`マインブリックシティ屋内,-1,-1,0,10055000,-1,30250000,1,0,0
30250002,カ`マインブリックシティ屋内,-1,-1,0,10055000,-1,30250000,1,0,0
30250003,カ`マインブリックシティ屋内,-1,-1,0,10055000,-1,30250000,1,0,0
30250004,カ`マインブリックシティ屋内,-1,-1,0,10055000,-1,30250000,1,0,0
30250005,カ`マインブリックシティ屋内,-1,-1,0,10055000,-1,30250000,1,0,0
30250006,カ`マインブリックシティ屋内,-1,-1,0,10055000,-1,30250000,1,0,0
30250007,カ`マインブリックシティ屋内,-1,-1,0,10055000,-1,30250000,1,0,0
30250008,カ`マインブリックシティ屋内,-1,-1,0,10055000,-1,30250000,1,0,0
30250009,カ`マインブリックシティ屋内,-1,-1,0,10055000,-1,30250000,1,0,0
30260000,カ`マインブリックシティ屋内,-1,-1,0,10055000,-1,-1,1,0,0
30260001,カ`マインブリックシティ屋内,-1,-1,0,10055000,-1,30260000,1,0,0
30260002,カ`マインブリックシティ屋内,-1,-1,0,10055000,-1,30260000,1,0,0
30260003,カ`マインブリックシティ屋内,-1,-1,0,10055000,-1,30260000,1,0,0
30260004,カ`マインブリックシティ屋内,-1,-1,0,10055000,-1,30260000,1,0,0
30260005,カ`マインブリックシティ屋内,-1,-1,0,10055000,-1,30260000,1,0,0
30270000,井酩沃,-1,-1,0,10055000,-1,-1,1,0,0
30270001,井酩沃,-1,-1,0,10055000,-1,30270000,1,0,0
30270002,井酩沃,-1,-1,0,10055000,-1,30270000,1,0,0
30270003,井酩沃,-1,-1,0,10055000,-1,30270000,1,0,0
30280000,奈落A鹰恁萤`１,-1,-1,0,-1,-1,20070050,1,0,0
30280001,奈落A鹰恁萤`２,-1,-1,0,-1,-1,20070050,1,0,0
30280002,奈落A鹰恁萤`３,-1,-1,0,-1,-1,20070050,1,0,0
30281000,堀（淡水）,-1,-1,0,-1,-1,-1,1,0,0
30282000,堀（海水）,-1,-1,0,-1,-1,-1,1,0,0
30283000,堀（泥水）,-1,-1,0,-1,-1,-1,1,0,0
30290000,パ`トナ`プロテクトロビ`１,-1,-1,0,-1,-1,-1,1,0,0
30290001,パ`トナ`プロテクトロビ`２,-1,-1,0,-1,-1,30290000,1,0,0
30290002,パ`トナ`プロテクトロビ`３,-1,-1,0,-1,-1,30290000,1,0,0
30290003,パ`トナ`プロテクトロビ`４,-1,-1,0,-1,-1,30290000,1,0,0
30290004,パ`トナ`プロテクトロビ`５,-1,-1,0,-1,-1,30290000,1,0,0
30290005,パ`トナ`プロテクトロビ`６,-1,-1,0,-1,-1,30290000,1,0,0
30290006,パ`トナ`プロテクトロビ`７,-1,-1,0,-1,-1,30290000,1,0,0
30290007,パ`トナ`プロテクトロビ`８,-1,-1,0,-1,-1,30290000,1,0,0
30290008,パ`トナ`プロテクトロビ`９,-1,-1,0,-1,-1,30290000,1,0,0
30290009,パ`トナ`プロテクトロビ`１０,-1,-1,0,-1,-1,30290000,1,0,0
30290900,パ`トナ`プロテクトロビ`,-1,-1,0,-1,-1,30290000,1,0,0
30910000,白き世界,-1,-1,0,-1,-1,-1,1,0,0
30910001,パケルのヒミツ研究基地？,-1,-1,0,-1,-1,-1,1,0,0
30911000,エミルのw空庭,-1,-1,0,-1,-1,-1,0,0,0
30912000,w空城　操k室,-1,-1,0,-1,-1,-1,0,0,0
30912001,w空城　操k室,-1,30912000,0,-1,-1,-1,0,0,0
31300000,ウェルカムセンタ`,-1,-1,0,11027000,-1,-1,0,0,0
31301000,アトラクションゾ`ン,-1,-1,0,11027000,-1,-1,0,0,0
31301001,秘密の鏊,-1,-1,0,-1,-1,-1,0,0,0
31301002,秘密の鏊,-1,-1,0,-1,-1,-1,0,0,0
31301003,秘密の鏊,-1,-1,0,-1,-1,-1,0,0,0
31302000,ショップゾ`ン,-1,-1,0,11027000,-1,-1,0,0,1
31302001,ECO GAME SHOW会,-1,-1,0,11027000,-1,-1,0,0,1
31303000,ＥＣＯ温泉,-1,-1,0,11027000,-1,-1,1,0,0
31304000,脱衣所,-1,-1,0,11027000,-1,-1,0,0,0
32003000,_城T通路,-1,-1,0,12021000,-1,-1,0,0,0
32003001,_城T通路,-1,-1,0,12021000,-1,-1,1,0,0
32003002,_城T通路,-1,-1,0,12021000,-1,32003001,0,0,0
32053000,レジスタンス本部,-1,-1,0,12021000,-1,-1,0,0,0
32053001,レジスタンス本部,-1,-1,0,12021000,-1,-1,1,0,0
32200000,y民テント,-1,-1,0,12058000,-1,-1,0,0,0
#32200001,野宿屋テント,-1,-1,0,12058000,-1,-1,0,0,0
32203000,ナジトの意R,-1,-1,0,-1,-1,-1,0,0,0
40000000,テント,-1,-1,0,-1,-1,-1,0,0,0
40001000,ログハウス,-1,-1,0,-1,-1,-1,0,0,0
50000000,t本山の部屋,-1,-1,0,10050000,-1,-1,0,0,0
50001000,アカズのg,-1,-1,0,10068000,-1,-1,0,0,0
50002000,マ`チャントギルド,-1,-1,0,10023000,-1,-1,0,0,0
50003000,？？？の部屋,-1,-1,0,10023000,-1,-1,0,0,0
50004000,？？？の部屋,-1,-1,0,10023000,-1,-1,0,0,0
50005000,牢屋,-1,-1,0,-1,-1,-1,0,0,0
50006000,w空庭の庭,-1,-1,0,-1,-1,-1,0,0,0
50007000,アクロポリスシティ地下部屋,-1,-1,0,10023000,-1,-1,0,0,0
50008000,アクロポリスシティ地下部屋,-1,-1,0,10023000,-1,-1,0,0,0
50009000,マリオネット第２研究所,-1,-1,0,10062000,-1,-1,0,0,0
50010000,マリオネット第２研究所,-1,-1,0,10062000,-1,-1,0,0,0
50011000,千のw空庭,-1,-1,0,10023000,-1,-1,0,0,0
50012000,千のw空庭,-1,-1,0,10023000,-1,-1,0,0,0
50014000,マ`シャのw空庭,-1,-1,0,-1,-1,-1,0,0,0
50015000,リタのマリオネット工房,-1,-1,0,10062000,-1,-1,0,0,0
50016000,リタのマリオネット工房,-1,-1,0,10062000,-1,-1,0,0,0
50017000,光の塔下,-1,-1,0,10070000,-1,-1,0,0,0
50018000,ハレルヤのw空庭,-1,-1,0,-1,-1,-1,0,0,0
50019000,ハレルヤのw空庭,-1,-1,0,-1,-1,-1,0,0,0
50020000,ハレルヤのw空庭,-1,-1,0,-1,-1,-1,0,0,0
50021000,ゴルド`の屋敷,-1,-1,0,10060000,-1,-1,0,0,0
50022000,空きイグル`,-1,-1,0,10050000,-1,-1,0,0,0
50023000,シェルタ`,-1,-1,0,10064000,-1,-1,0,0,0
50024000,ファ`イ`スト役,-1,-1,0,10057000,-1,-1,0,0,0
50025000,原初の森,-1,-1,0,10057000,-1,20092000,0,0,0
50026000,マ`チャントギルド,-1,-1,0,10023000,-1,-1,0,0,0
50027000,…簸沃小？,-1,-1,0,-1,-1,-1,0,0,0
50028000,タイタニア世界,-1,-1,0,-1,-1,-1,0,0,0
50029000,ドミニオン世界,-1,-1,0,-1,-1,-1,0,0,0
50030000,アクロポリスシティ司令室,-1,-1,0,-1,-1,-1,0,0,0
50031000,アクロポリスシティ通路,-1,-1,0,-1,-1,-1,0,0,0
50032000,…どこかの墟…？,-1,-1,0,-1,-1,-1,0,0,0
50033000,フシギ獗静,-1,-1,0,-1,-1,-1,0,0,0
50034000,ヨ`コの家,-1,-1,0,-1,-1,-1,0,0,0
#50035000,ミランダの家,-1,-1,0,-1,-1,-1,0,0,0
#50036000,ミランダの家,-1,-1,0,-1,-1,-1,0,0,0
#50037000,タイタニア送室,-1,-1,0,-1,-1,-1,0,0,0
#50038000,マ`シャのw空庭,-1,-1,0,-1,-1,-1,0,0,0
#50039000,マ`シャのw空庭,-1,-1,0,-1,-1,-1,0,0,0
50040000,アイアンシティ民家,-1,-1,0,-1,-1,-1,0,0,0
50041000,ファ`イ`スト役,-1,-1,0,10057000,-1,-1,0,0,0
50042000,マ`シャのw空庭,-1,-1,0,-1,-1,-1,0,0,0
50043000,マ`シャのw空庭,-1,-1,0,-1,-1,-1,0,0,0
50044000,タイタニア送室,-1,-1,0,-1,-1,-1,0,0,0
50045000,タイタニア送室,-1,-1,0,-1,-1,-1,0,0,0
50046000,エミルの家,-1,-1,0,10024000,-1,-1,0,0,0
50047000,マ`チャントギルド,-1,-1,0,10023000,-1,-1,0,0,0
50048000,エミルの家,-1,-1,0,10024000,-1,-1,0,0,0
50049000,秘密の部屋,-1,-1,0,-1,-1,-1,1,0,0
50050000,廊下,-1,-1,0,-1,-1,-1,0,0,0
50051000,杲Yの坑道Ｂ３Ｆ,-1,-1,1,10002000,-1,20012000,0,0,0
50052000,杲Yの坑道Ｂ３Ｆ,-1,-1,1,10002000,-1,20012000,0,0,0
50053000,エミルの家,-1,-1,0,10024000,-1,-1,0,0,0
50054000,シェルタ`,-1,-1,0,10063000,-1,-1,0,0,0
50055000,人知れぬ森,-1,-1,0,-1,-1,10030000,0,0,0
50056000,宝探し部屋,-1,-1,0,-1,-1,-1,0,0,0
50057000,面接室,-1,-1,0,-1,-1,-1,0,0,0
50058000,古ぼけた家,-1,-1,0,-1,-1,-1,0,0,0
50059000,心、失いし者のg,-1,-1,0,-1,-1,-1,0,0,0
50060000,？？？？,-1,-1,0,-1,-1,-1,0,0,0
50061000,エレベ`タ`ル`ム,-1,-1,0,10058000,-1,-1,0,0,0
50062000,ヘルサバ`ク（夜）,-1,-1,1,12020001,-1,12020001,0,0,0
50063000,天までAく塔のu,-1,-1,1,12058000,-1,12058000,0,0,0
50064000,ヘヴンのg,-1,-1,0,10071000,-1,63002000,0,0,0
50065000,屋根Y部屋,-1,-1,0,10023000,-1,30133000,0,0,0
50066000,プライベ`トル`ム,-1,-1,0,10068000,-1,-1,0,0,0
50067000,_城T通路,-1,-1,0,12021000,-1,32003000,0,0,0
50068000,ステップキャニオン（艋茫,-1,-1,0,12028000,-1,12028000,1,0,0
50069000,ショップゾ`ン（艋茫,-1,-1,0,11027000,-1,31302000,1,0,0
#50070000,テスト,-1,-1,0,-1,-1,-1,1,0,0
50071000,DEMカスタマイズ部屋,-1,-1,0,12021000,-1,-1,1,0,0
50072000,DEMカスタマイズ部屋,-1,-1,0,10023000,-1,-1,1,0,0
50073000,艋,-1,-1,0,-1,-1,10065000,1,0,0
50074000,艋,-1,-1,0,-1,-1,10065000,1,0,0
50075000,艋,-1,-1,0,-1,-1,10065000,1,0,0
50076000,ステップキャニオン（艋茫,-1,-1,0,-1,-1,12028000,1,0,0
50077000,ステップキャニオン（回想）,-1,-1,0,-1,-1,12028000,1,0,0
50078000,u（夜）,-1,-1,0,-1,-1,12035000,1,0,0
50079000,天までAく塔のu（夜）,-1,-1,0,12058000,-1,12058000,1,0,0
50080000,ドミニオン界?アクロポリスシティ中核,-1,-1,0,30203003,-1,60001000,1,0,0
50081000,室,-1,-1,0,30203003,-1,50071000,1,0,0
50082000,ステップキャニオン,-1,-1,0,30203003,-1,12028001,1,0,0
50083000,ステップキャニオン,-1,-1,0,30203003,-1,12028001,1,0,0
50084000,ヘルサバ`ク,-1,-1,0,30203003,-1,12020001,1,0,0
50085000,DEMカスタマイズ部屋,-1,-1,0,10024000,-1,30157002,1,0,0
50086000,エミルの家,-1,-1,0,10024000,-1,30002004,1,0,0
50087000,アクロポリス?地下zE,-1,-1,0,30157002,-1,20142001,1,0,0
50088000,マイマイzEエンドマップ,-1,-1,0,30157002,-1,50072000,1,0,0
50089000,ダウンタウン,-1,-1,0,30157002,-1,10024000,1,0,0
50090000,ウテナ湖,-1,-1,0,30157002,-1,10032000,1,0,0
50091000,果物の森,-1,-1,0,30157002,-1,10030000,1,0,0
50092000,どこかの墟,-1,-1,0,30157002,-1,50032000,1,0,0
50093000,アクロポリス?地下zE,-1,-1,0,20081001,-1,20142001,1,0,0
50094000,アクロポリス?地下zE,-1,-1,0,20081001,-1,20142001,1,0,0
50095000,エミルの家,-1,-1,0,30157002,-1,30002004,1,0,0
50096000,エミルの家,-1,-1,0,30157002,-1,30002004,1,0,0
50097000,アクロポリス?地下zE,-1,-1,0,30157002,-1,20142001,1,0,0
50098000,アクロポリス?地下zE,-1,-1,0,30157002,-1,20142001,1,0,0
50099000,エミルの家,-1,-1,0,30157002,-1,30002004,1,0,0
50100000,レジスタンス本部,-1,-1,0,-1,-1,-1,1,0,0
50101000,西アクロニア平原,-1,-1,0,-1,-1,-1,1,0,0
50102000,ウェストフォ`ト（夜）,-1,-1,0,-1,-1,-1,1,0,0
50103000,デムロポリス?エントランス,-1,-1,0,-1,-1,-1,1,0,0
50104000,デムロポリス,-1,-1,0,-1,-1,-1,1,0,0
50105000,デムロポリス?マザ`ル`ム,-1,-1,0,-1,-1,-1,1,0,0
50106000,ドミニオン界?アクロポリスシティ中核,-1,-1,0,30157004,-1,60001000,1,0,0
50107000,ステップキャニオン,-1,-1,0,30157004,-1,12028001,1,0,0
50108000,エミルの家,-1,-1,0,10023000,-1,-1,0,0,0
50109000,酒屋,-1,-1,0,10023000,-1,-1,0,0,0
50110000,\の}堂,-1,-1,0,10023000,-1,-1,0,0,0
50111000,白の}堂,-1,-1,0,10023000,-1,-1,0,0,0
50112000,…簸沃小？,-1,-1,0,-1,-1,-1,0,0,0
50113000,艟长味纯,-1,-1,0,-1,-1,-1,1,0,0
50114000,された地下通路１,-1,-1,0,-1,-1,20015000,0,0,0
50115000,された地下通路２,-1,-1,0,-1,-1,20148000,0,0,0
50116000,光の塔地下,-1,-1,0,10070000,0,60001000,0,0,0
50117000,ヘルサバ`ク,-1,-1,0,30203003,-1,12020000,1,0,0
50118000,ＰＤ－ノ`ザンダンジョン,-1,-1,1,10050000,-1,20014000,0,0,0
50119000,ＰＤ－炭kＢ３Ｆ,-1,-1,1,10035000,-1,20030000,0,0,0
50120000,ＰＤ－炭kＢ２Ｆ,-1,-1,1,10035000,-1,20031000,0,0,0
50121000,ＰＤ－炭kＢ１Ｆ,-1,-1,1,10035000,-1,20032000,0,0,0
50122000,ＰＤ－大の洞窟Ｂ５Ｆ,-1,-1,1,10034000,-1,20000000,0,0,0
50123000,ＰＤ－大の洞窟Ｂ４Ｆ,-1,-1,1,10034000,-1,20001000,0,0,0
50124000,ＰＤ－大の洞窟Ｂ３Ｆ,-1,-1,1,10034000,-1,20002000,0,0,0
50125000,ＰＤ－大の洞窟Ｂ２Ｆ,-1,-1,1,10034000,-1,20003000,0,0,0
50126000,ＰＤ－大の洞窟Ｂ１Ｆ,-1,-1,1,10034000,-1,20004000,0,0,0
50127000,ＰＤ－イ`ストダンジョン,-1,-1,1,10057000,-1,20090000,0,0,0
50128000,ＰＤ－毒の湿原,-1,-1,1,10057000,-1,20091000,0,0,0
50129000,ＰＤ－原初の森,-1,-1,1,10057000,-1,20092000,0,0,0
50130000,女王]のg,-1,-1,1,-1,-1,10067000,0,0,0
50131000,白き世界,-1,-1,0,-1,-1,-1,0,0,0
50132000,白き世界,-1,-1,0,-1,-1,-1,0,0,0
50133000,レジスタンス本部,-1,-1,0,-1,-1,32053000,1,0,0
50134000,船上,-1,-1,0,-1,-1,11074000,1,0,0
50135000,大海の孤u,-1,-1,0,-1,-1,11075000,1,0,0
50136000,ＥＣＯタウンE,-1,-1,0,-1,-1,11073000,1,0,0
50137000,|アクロニア平原（タイタニア世界）,-1,-1,0,-1,-1,11025000,1,0,0
50138000,エル?シエル（上樱,-1,-1,0,-1,-1,11023000,1,0,0
50139000,次元の狭g（ノ`ザン地下）,-1,-1,0,-1,-1,20015000,0,0,0
50140000,次元の狭g（地下迷m）,-1,-1,1,-1,-1,20143000,0,0,0
50141000,フシギな泉,-1,-1,0,-1,-1,60000000,0,0,0
50142000,天空のコンサ`ト会,-1,-1,0,-1,-1,-1,1,0,0
50143000,天空のコンサ`ト会,-1,-1,0,-1,-1,-1,0,0,0
50144000,ＰＤ－杲Yの坑道Ｂ３Ｆ,-1,-1,1,10002000,-1,20010000,0,0,0
50145000,ＰＤ－杲Yの坑道Ｂ２Ｆ,-1,-1,1,10002000,-1,20011000,0,0,0
50146000,ＰＤ－杲Yの坑道Ｂ１Ｆ,-1,-1,1,10002000,-1,20012000,0,0,0
50147000,ＰＤ－サウスダンジョンＢ３Ｆ,-1,-1,1,10063000,-1,20020000,0,0,0
50148000,ＰＤ－サウスダンジョンＢ２Ｆ,-1,-1,1,10063000,-1,20021000,0,0,0
50149000,ＰＤ－サウスダンジョンＢ１Ｆ,-1,-1,1,10063000,-1,20022000,0,0,0
50150000,ＰＤ－マルクトの船着,-1,-1,1,10063000,694,20023000,0,0,0
50151000,虚の庭@,-1,-1,0,21193000,-1,61000000,1,0,0
50152000,…簸沃小？,-1,-1,0,21193000,-1,30203003,1,0,0
50153000,w空城,-1,-1,0,-1,-1,-1,1,0,0
50154000,~界のI域,-1,-1,0,11075000,-1,20130000,1,0,0
50155000,~界のI域：室内,-1,-1,0,11075000,-1,20125000,1,0,0
50156000,サウスダンジョンＢ３Ｆ,-1,-1,0,10063000,-1,20022000,1,0,0
50157000,大工謦恁萤`,-1,-1,0,10066000,-1,30081000,1,0,0
50158000,DEMカスタマイズ部屋,-1,-1,0,50071000,-1,50071000,1,0,0
50159000,w空城　操k室,-1,-1,0,10066000,-1,50030000,1,0,0
50160000,w空城　エンジンル`ム,-1,-1,0,10066000,-1,50160000,1,0,0
#50161000,エンシェントア`ク,-1,-1,0,30210000,-1,30210000,1,0,0
50162000,スナブの研究所,-1,-1,0,50071000,-1,50071000,1,0,0
50163000,卵の部屋,-1,-1,0,-1,0,60000000,1,0,0
50164000,タイニ`アイランド,-1,-1,0,10071000,-1,10071000,1,0,0
50165000,タイタニア送室,-1,-1,0,-1,-1,50045000,1,0,0
50166000,~界のI域,-1,-1,0,11075000,-1,20125000,1,0,0
50167000,エミルの家,-1,-1,0,10024000,-1,30002004,1,0,0
50168000,レジスタンス本部,-1,-1,0,-1,-1,32053000,1,0,0
50169000,タイタスの研究所,-1,-1,0,-1,-1,-1,1,0,0
50170000,タイタニアドラゴンのg,-1,-1,0,-1,-1,-1,1,0,0
50171000,ＤＥＭ何でも博士のgY,-1,-1,0,50007000,-1,50007000,0,0,0
50172000,次元,-1,-1,0,30205000,-1,30205000,1,0,0
50173000,次元,-1,-1,0,30205000,-1,30205000,1,0,0
50174000,タイタニアビ`チ,-1,-1,0,11027000,-1,11027000,1,0,0
50175000,ECOタウンE,-1,-1,0,11073000,-1,11073000,0,0,0
50176000,歪Y?骸,-1,-1,0,20125001,-1,20125001,1,0,0
50177000,深Y,-1,-1,0,21193000,-1,21193000,1,0,0
50178000,口内Y,-1,-1,0,21190000,-1,21190000,1,0,0
50179000,妖精のファ`ム,-1,-1,0,12022000,-1,92000000,1,0,0
50180000,深Y,-1,-1,0,21193000,-1,21193000,1,0,0
50181000,ノ`ザリン岬,-1,-1,0,10001000,-1,10001000,1,0,0
50182000,ファ`イ`ストシティ,-1,-1,0,10057000,-1,10057000,1,0,0
50183000,エミルの家,-1,-1,0,30157002,-1,30002004,1,0,0
50184000,南アクロニア平原,-1,-1,0,10031000,-1,10031000,1,0,0
50185000,KY,-1,-1,0,11027000,-1,60908000,1,0,0
#50186000,KY,-1,-1,0,11027000,-1,60908000,1,0,0
#50187000,口内Y,-1,-1,0,21190000,-1,21190000,1,0,0
#50188000,タイタニアドラゴンのg,-1,-1,0,-1,-1,50170000,1,0,0
50189000,突瞍尾课,-1,-1,0,10023000,-1,-1,1,0,0
50190000,タイタスの研究所,-1,-1,0,50169000,-1,50169000,1,0,0
50191000,エル?シエル（下樱,-1,-1,0,11024000,-1,11024000,1,0,0
50192000,ダウンタウン,-1,-1,0,10024000,-1,10024000,1,0,0
50193000,トンカu,-1,-1,0,10062000,-1,10062000,1,0,0
50194000,マイマイu,-1,-1,0,10059000,-1,10059000,1,0,0
50195000,神のL穴１Ｆ,-1,-1,0,20072000,-1,20072000,1,0,0
50196000,神のL穴３Ｆ,-1,-1,0,20074000,-1,20074000,1,0,0
50197000,神のL穴３Ｆ,-1,-1,0,20074000,-1,20074000,1,0,0
50198000,DEMカスタマイズ部屋,-1,-1,0,10023000,-1,-1,1,0,0
50199000,ダウンタウン,-1,-1,1,10024000,-1,10024000,1,0,0
50200000,地下大水路,-1,-1,0,10023000,-1,22199000,1,0,0
50201000,アクロポリス?地下zE,-1,-1,0,30157002,-1,20142001,1,0,0
50202000,どこかの墟,-1,-1,0,30157002,-1,50032000,1,0,0
50203000,？？？の部屋,-1,-1,0,10018000,-1,30055000,1,0,0
50204000,路地Y,-1,-1,0,-1,0,60000000,1,0,0
50205000,アンデッドu,-1,-1,0,10019000,-1,10019000,1,0,0
50206000,西アクロニア平原,-1,-1,0,10022000,-1,10022000,1,0,0
50207000,ダウンタウン,-1,-1,0,10023000,-1,10023000,1,0,0
50208000,アクロニア丘陵,-1,-1,0,10013000,-1,10013000,1,0,0
50209000,アミスのw空庭,-1,-1,0,-1,-1,-1,1,0,0
50210000,アミスの教室,-1,-1,0,-1,-1,-1,1,0,0
50211000,マイマイu,-1,-1,1,10059000,-1,-1,1,0,0
50212000,大}堂,-1,-1,0,-1,-1,-1,1,0,0
50213000,フシギな^,-1,-1,0,-1,-1,-1,1,0,0
50214000,プライベ`トル`ム,-1,-1,0,-1,-1,-1,1,0,0
50215000,なんでもクエストカウンタ`,-1,-1,0,-1,-1,-1,1,0,0
50216000,心象L景,-1,-1,0,-1,-1,-1,1,0,0
50217000,カ`マインブリックzEＢ１Ｆの部屋,-1,-1,0,-1,-1,20270000,1,0,0
50218000,学者の部屋,-1,-1,0,-1,-1,30206000,1,0,0
50219000,アルティの工房,-1,-1,0,-1,-1,-1,1,0,0
50220000,ＰＤ－海底洞窟,-1,-1,1,11053000,-1,21180000,0,0,0
50221000,ＰＤ－海底洞窟,-1,-1,1,11053000,-1,21180000,0,0,0
50222000,PD-カ`マインブリックzE１F中央,-1,-1,1,10055000,-1,20220000,1,0,0
50223000,PD-カ`マインブリックzE１F|居住区,-1,-1,1,10055000,-1,20230000,1,0,0
50224000,PD-カ`マインブリックzE１F西居住区,-1,-1,1,10055000,-1,20240000,1,0,0
50225000,PD-カ`マインブリックzE２F,-1,-1,1,10055000,-1,20250000,1,0,0
50226000,PD-カ`マインブリックzEＢ１F,-1,-1,1,10055000,-1,20260000,1,0,0
50227000,天空のコンサ`ト会,-1,-1,0,-1,-1,-1,1,0,0
50228000,イ`ストダンジョン,-1,-1,0,20090000,-1,-1,1,0,0
50229000,…簸沃小？,-1,-1,0,-1,-1,-1,1,0,0
50230000,どこかの墟,-1,-1,0,-1,-1,50032000,1,0,0
50231000,ウテナ湖,-1,-1,0,10032000,-1,10032000,1,0,0
50232000,バオバブの森（夜）,-1,-1,0,-1,-1,10059000,1,0,0
50233000,タイニ`アイランドの洞窟,-1,-1,1,11053000,-1,21003000,1,0,0
50234000,トンカ民家,-1,-1,0,10062000,-1,30150000,1,0,0
50235000,w空城,-1,-1,0,-1,-1,90000000,1,0,0
50236000,ファ`ム,-1,-1,0,-1,-1,92000000,1,0,0
50237000,タイニ`アイランド,-1,-1,0,10071000,-1,10071000,1,0,0
50238000,原初の森,-1,-1,1,10057000,-1,20092000,1,0,0
50239000,イ`ストダンジョン,-1,-1,1,10057000,-1,20090000,1,0,0
50240000,深Y,-1,-1,0,21193000,-1,21193000,1,0,0
50241000,南ウテナ_拓地,-1,-1,1,10044000,-1,10044000,1,0,0
50243000,|アクロニア段丘,-1,-1,1,10027000,-1,10027000,1,0,0
50244000,タイ兄さんの研究室,-1,-1,0,-1,-1,-1,1,0,0
50245000,酒屋,-1,-1,0,-1,-1,-1,1,0,0
50246000,|アクロニア段丘,-1,-1,0,10027000,-1,10027000,1,0,0
50247000,子供たちの秘密基地,-1,-1,0,10023000,-1,10023000,1,0,0
50248000,卵の部屋,-1,-1,0,10024000,0,60000000,1,0,0
50249000,モ`モ`草原,-1,-1,1,10056000,0,-1,1,0,0
50250000,タイ兄さんのw空城,-1,-1,0,-1,-1,90001000,1,0,0
50251000,空gの口,-1,-1,0,20125000,-1,-1,0,0,0
50252000,ファ`イ`ストシティ,-1,-1,1,10057000,-1,-1,0,0,0
50253000,スノップ雪原,-1,-1,1,10002000,-1,10002000,1,0,0
50254000,天までAく塔のu（エミル界）,-1,-1,1,10058000,-1,10058000,1,0,0
50255000,エレベ`タ`ル`ム,-1,-1,0,20170000,-1,-1,0,0,0
50256000,アイアンシティ下与A,-1,-1,1,10066000,-1,-1,1,0,0
50257000,u,-1,-1,1,10035000,-1,-1,0,0,0
50258000,アップタウン,-1,-1,1,10023000,-1,-1,0,0,0
50259000,ファ`イ`ストシティ,-1,-1,1,10057000,-1,-1,1,0,0
50234000,トンカ民家,-1,-1,0,10062000,-1,30150000,1,0,0
50260000,ウテナ川河口,-1,-1,0,-1,-1,10043000,1,0,0
50261000,_城T通路,-1,-1,0,32003000,-1,-1,1,0,0
50262000,カプラw空城,-1,-1,0,-1,-1,-1,1,0,0
50263000,女王]のg,-1,-1,0,10067000,-1,-1,1,0,0
50264000,ノ`ザン地下?市民街,-1,-1,0,20210000,-1,-1,1,0,0
50265000,|アクロニア段丘,-1,-1,0,10027000,-1,-1,1,0,0
50266000,山岳演,-1,-1,0,20200000,-1,-1,1,0,0
50267000,船上,-1,-1,0,-1,-1,11074000,1,0,0
50268000,イスト`岬,-1,-1,1,10018000,-1,10018000,1,0,0
50269000,守o者たちの祭,-1,-1,1,-1,-1,-1,1,0,0
50270000,ノ`ス中央山},-1,-1,0,-1,-1,10050000,1,0,0
50271000,モ`グシティ,-1,-1,0,10060000,-1,10060000,1,0,0
50272000,カ`マインブリックzE１Ｆ|居住区,-1,-1,0,10055000,-1,-1,0,0,0
50273000,卵の部屋,-1,-1,0,-1,-1,60000000,0,0,0
50274000,トンカu,-1,-1,0,10062000,-1,-1,1,0,0
50275000,ファ`イ`ストシティ,-1,-1,0,10057000,-1,-1,1,0,0
50276000,モ`グシティ,-1,-1,0,10060000,-1,-1,0,0,0
50277000,エル?シエル（下樱,-1,-1,0,11024000,-1,-1,0,0,0
50278000,ハスタ`の精神世界,-1,-1,0,50131000,-1,-1,1,0,0
50279000,スペ`スシップ,-1,-1,0,12021000,-1,-1,0,0,0
50280000,|アクロニア海岸,-1,-1,0,-1,-1,10034000,1,0,0
50281000,ＰＤ－神のL穴１Ｆ,-1,-1,1,-1,-1,20072000,0,0,0
50282000,ＰＤ－神のL穴２Ｆ,-1,-1,1,-1,-1,20073000,0,0,0
50283000,ＰＤ－神のL穴３Ｆ,-1,-1,1,-1,-1,20074000,0,0,0
50284000,ＰＤ－神のL穴Ｂ１Ｆ,-1,-1,1,-1,-1,20075000,0,0,0
50285000,火山,-1,-1,0,10064000,-1,-1,1,0,0
50286000,ハスタ`の,-1,-1,0,11027000,-1,-1,0,0,0
50287000,b磨の部屋,-1,-1,0,50131000,-1,-1,1,0,0
50288000,イスト`岬,-1,-1,0,10018000,-1,10018000,1,0,0
50289000,アップタウン,-1,-1,0,10023000,-1,-1,1,0,0
50290000,大の洞窟Ｂ１Ｆ,-1,-1,0,-1,-1,20000000,1,0,0
50291000,ダウンタウン,-1,-1,0,10023000,-1,-1,1,0,0
50292000,トンカu,-1,-1,0,-1,-1,-1,1,0,0
50293000,アップタウン,-1,-1,0,-1,-1,-1,1,0,0
50294000,西アクロニア平原,-1,-1,1,10022000,-1,10022000,1,0,0
50295000,w空城,-1,-1,0,-1,-1,-1,1,0,0
50296000,崩菠工刖神世界,-1,-1,0,-1,-1,-1,1,0,0
50297000,奈落A鹰榨恁,-1,-1,0,-1,-1,-1,1,0,0
50298000,白き世界,-1,-1,0,-1,-1,-1,1,0,0
50299000,ノ`ザン地下?世界,-1,-1,0,-1,-1,-1,1,0,0
50300000,ファ`イ`ストシティ（夜）,-1,-1,0,10057002,-1,10057002,1,0,0
50242000,ダンプティ`アイランド,-1,-1,1,10071001,-1,10071001,1,0,0
50302000,u,-1,-1,0,10035000,-1,10035000,1,0,0
60000000,zE内部,-1,-1,1,-1,-1,-1,0,0,0
60001000,マイマイzE内部,-1,-1,1,10059000,-1,-1,0,0,0
60002000,忘却の庭@,-1,-1,1,-1,-1,-1,0,0,0
60900000,冥王の森,-1,-1,0,10057000,-1,-1,0,0,0
60901000,サウスダンジョンＢ３Ｆ,-1,-1,0,10063000,-1,-1,0,0,0
60902000,}者のg,-1,-1,0,10068000,-1,-1,0,0,0
60903000,はぐれ白狼のLれ森,-1,-1,0,10057000,-1,-1,0,0,0
60904000,マイマイu,-1,-1,0,-1,-1,-1,0,0,0
60905000,猡铯欷砍,-1,-1,0,-1,-1,-1,0,0,0
60906000,エレベ`タ`ル`ム,-1,-1,0,10058000,-1,-1,0,0,0
60907000,心、失いし者のg,-1,-1,0,10068000,-1,-1,0,0,0
60908000,KY,-1,-1,0,-1,-1,-1,0,0,0
60909000,カセドラルk山Ｂ１Ｆ,-1,-1,0,10035000,-1,-1,0,0,0
60910000,カセドラルk山Ｂ２Ｆ,-1,-1,0,10035000,-1,-1,0,0,0
60911000,次元の}堂,-1,-1,0,10068000,-1,-1,0,0,0
60912000,模M殛Lエリア,-1,-1,0,22202000,-1,22202000,0,0,0
60913000,魂のm殿,-1,-1,0,60908000,-1,60908000,0,0,0
60914000,白き世界,-1,-1,0,-1,-1,-1,0,0,0
60915000,封印のg,-1,-1,0,20125003,-1,20125003,0,0,0
60916000,o限回廊Ｂ７６Ｆ,-1,-1,0,-1,0,-1,0,0,0
60917000,o限回廊Ｂ８１Ｆ,-1,-1,0,-1,0,-1,0,0,0
60918000,o限回廊Ｂ８６Ｆ,-1,-1,0,-1,0,-1,0,0,0
60919000,o限回廊Ｂ９１Ｆ,-1,-1,0,-1,0,-1,0,0,0
60920000,o限回廊Ｂ９６Ｆ,-1,-1,0,-1,0,-1,0,0,0
60921000,o限回廊Ｂ１０１Ｆ,-1,-1,0,-1,0,-1,0,0,0
60922000,o限回廊Ｂ４６Ｆ,-1,-1,0,-1,0,-1,0,0,0
60923000,o限回廊Ｂ５１Ｆ,-1,-1,0,-1,0,-1,0,0,0
60924000,o限回廊Ｂ５６Ｆ,-1,-1,0,-1,0,-1,0,0,0
60925000,o限回廊Ｂ６１Ｆ,-1,-1,0,-1,0,-1,0,0,0
60926000,o限回廊Ｂ６６Ｆ,-1,-1,0,-1,0,-1,0,0,0
60927000,o限回廊Ｂ７１Ｆ,-1,-1,0,-1,0,-1,0,0,0
60928000,カ`マインブリックzEＢ１Ｆの部屋,-1,-1,0,-1,-1,20270000,1,0,0
60929000,o限回廊（判の觯,-1,-1,0,-1,-1,-1,0,0,0
60930000,o限回廊（判の觯,-1,-1,0,-1,-1,-1,0,0,0
60931000,o限回廊（判の觯,-1,-1,0,-1,-1,-1,0,0,0
60932000,奈落,-1,-1,0,-1,-1,-1,0,0,0
61000000,zE内部,-1,-1,1,-1,-1,-1,0,0,0
61001000,忘却の庭@,-1,-1,1,-1,-1,-1,0,0,0
61004000,マイマイzE内部,-1,-1,1,10059000,-1,-1,0,0,0
62000000,zE内部,-1,-1,1,-1,-1,-1,0,0,0
62001000,zE内部,-1,-1,1,-1,-1,-1,0,0,0
62002000,マイマイzE内部,-1,-1,1,10059000,-1,-1,0,0,0
62003000,マイマイzE内部,-1,-1,1,10059000,-1,-1,0,0,0
63000000,zE内部,-1,-1,1,-1,-1,-1,0,0,0
63001000,zE内部,-1,-1,1,-1,-1,-1,0,0,0
63002000,zE内部,-1,-1,1,-1,-1,-1,0,0,0
63003000,zE内部,-1,-1,1,-1,-1,-1,0,0,0
63004000,zE内部,-1,-1,1,-1,-1,-1,0,0,0
63005000,zE内部,-1,-1,1,-1,-1,-1,0,0,0
63006000,マイマイzE内部,-1,-1,1,10059000,-1,-1,0,0,0
63007000,マイマイzE内部,-1,-1,1,10059000,-1,-1,0,0,0
63008000,マイマイzE内部,-1,-1,1,10059000,-1,-1,0,0,0
63009000,忘却の庭@,-1,-1,1,-1,-1,-1,0,0,0
63010000,忘却の庭@,-1,-1,1,-1,-1,-1,0,0,0
63011000,忘却の庭@,-1,-1,1,-1,-1,-1,0,0,0
64000000,zE内部,-1,-1,1,-1,-1,-1,0,0,0
64001000,zE内部,-1,-1,1,-1,-1,-1,0,0,0
64002000,zE内部,-1,-1,1,-1,-1,-1,0,0,0
64003000,zE内部,-1,-1,1,-1,-1,-1,0,0,0
64004000,zE内部,-1,-1,1,-1,-1,-1,0,0,0
64005000,zE内部,-1,-1,1,-1,-1,-1,0,0,0
64006000,zE内部,-1,-1,1,-1,-1,-1,0,0,0
64007000,zE内部,-1,-1,1,-1,-1,-1,0,0,0
64008000,マイマイzE内部,-1,-1,1,10059000,-1,-1,0,0,0
64009000,マイマイzE内部,-1,-1,1,10059000,-1,-1,0,0,0
64010000,マイマイzE内部,-1,-1,1,10059000,-1,-1,0,0,0
64011000,マイマイzE内部,-1,-1,1,10059000,-1,-1,0,0,0
64012000,マイマイzE内部,-1,-1,1,10059000,-1,-1,0,0,0
64013000,忘却の庭@,-1,-1,1,-1,-1,-1,0,0,0
64014000,忘却の庭@,-1,-1,1,-1,-1,-1,0,0,0
64015000,忘却の庭@,-1,-1,1,-1,-1,-1,0,0,0
64016000,忘却の庭@,-1,-1,1,-1,-1,-1,0,0,0
64017000,忘却の庭@,-1,-1,1,-1,-1,-1,0,0,0
#64100000,属性MAP试^用,-1,-1,1,-1,-1,-1,0,0,0
#64200000,属性MAP试^用,-1,-1,1,-1,-1,-1,0,0,0
#64300000,属性MAP试^用,-1,-1,1,-1,-1,-1,0,0,0
#64400000,属性MAP试^用,-1,-1,1,-1,-1,-1,0,0,0
#64500000,属性MAP试^用,-1,-1,1,-1,-1,-1,0,0,0
#64600000,属性MAP试^用,-1,-1,1,-1,-1,-1,0,0,0
60064000,火山,-1,-1,1,-1,-1,-1,0,0,0
70000000,w空庭,-1,-1,0,-1,-1,-1,0,0,0
75000000,家の中,-1,-1,0,-1,-1,-1,0,0,0
# エンシェントア`クダンジョン用,,,-1,,,,,,,
80000000,エンシェントア`クダンジョン,-1,-1,1,-1,-1,-1,0,0,0
80010000,エンシェントア`クダンジョン,-1,-1,1,-1,-1,-1,0,0,0
80020000,エンシェントア`クダンジョン,-1,-1,1,10059000,-1,-1,0,0,0
80030000,エンシェントア`クダンジョン,-1,-1,1,20164000,-1,-1,0,0,0
80040000,エンシェントア`クダンジョン,-1,-1,1,10062000,-1,-1,0,0,0
80050000,エンシェントア`クダンジョン,-1,-1,1,30210000,-1,-1,0,0,0
80060000,エンシェントア`クダンジョン,-1,-1,1,80010000,-1,-1,0,0,0
80070000,エンシェントア`クダンジョン,-1,-1,1,80000000,-1,-1,0,0,0
80080000,エンシェントア`クダンジョン,-1,-1,1,10061000,-1,-1,0,0,0
80090000,エンシェントア`クダンジョン,-1,-1,1,10064000,-1,-1,0,0,0
80100000,エンシェントア`クダンジョン,-1,-1,0,-1,-1,-1,0,0,0
80110000,エンシェントア`クダンジョン,-1,-1,1,12021000,-1,-1,0,0,0
80120000,エンシェントア`クダンジョン,-1,-1,1,22201000,-1,-1,0,0,0
80130000,エンシェントア`クダンジョン,-1,-1,1,10060000,-1,-1,0,0,0
80140000,エンシェントア`クダンジョン,-1,-1,1,-1,-1,-1,0,0,0
80150000,エンシェントア`クダンジョン,-1,-1,1,10071000,-1,-1,0,0,0
80160000,エンシェントア`クダンジョン,-1,-1,0,-1,-1,-1,0,0,0
80170000,エンシェントア`クダンジョン,-1,-1,1,80000000,-1,-1,0,0,0
80180000,エンシェントア`クダンジョン,-1,-1,1,10023000,-1,-1,0,0,0
80200000,エンシェントア`クダンジョン,-1,-1,1,-1,-1,-1,0,0,0
80210000,エンシェントア`クダンジョン,-1,-1,1,-1,-1,-1,0,0,0
80220000,エンシェントア`クダンジョン,-1,-1,1,-1,-1,-1,0,0,0
80230000,エンシェントア`クダンジョン,-1,-1,1,-1,-1,-1,0,0,0
80240000,エンシェントア`クダンジョン,-1,-1,1,-1,-1,-1,0,0,0
80250000,エンシェントア`クダンジョン,-1,-1,1,-1,-1,-1,0,0,0
80260000,エンシェントア`クダンジョン,-1,-1,1,-1,-1,-1,0,0,0
80270000,エンシェントア`クダンジョン,-1,-1,1,-1,-1,-1,0,0,0
80401000,エンシェントア`クダンジョン,-1,-1,0,-1,-1,-1,0,0,0
80402000,エンシェントア`クダンジョン,-1,-1,0,-1,-1,-1,0,0,0
80403000,エンシェントア`クダンジョン,-1,-1,0,-1,-1,-1,0,0,0
80404000,エンシェントア`クダンジョン,-1,-1,0,-1,-1,-1,0,0,0
80405000,エンシェントア`クダンジョン,-1,-1,0,-1,-1,-1,0,0,0
80406000,エンシェントア`クダンジョン,-1,-1,0,-1,-1,-1,0,0,0
80407000,エンシェントア`クダンジョン,-1,-1,0,-1,-1,-1,0,0,0
80408000,エンシェントア`クダンジョン,-1,-1,0,-1,-1,-1,0,0,0
80409000,エンシェントア`クダンジョン,-1,-1,0,-1,-1,-1,0,0,0
80410000,エンシェントア`クダンジョン,-1,-1,0,-1,-1,-1,0,0,0
80411000,エンシェントア`クダンジョン,-1,-1,0,-1,-1,-1,0,0,0
90000000,w空城甲板,-1,-1,0,-1,-1,-1,0,0,0
90001000,w空城甲板,-1,-1,0,-1,-1,-1,0,0,0
91000000,リングハウス,-1,-1,0,-1,-1,-1,0,0,0
92000000,ファ`ムマップ,-1,-1,0,-1,-1,-1,1,0,0
92010000,堀（淡水）,-1,-1,0,-1,-1,-1,1,0,0
92011000,堀（海水）,-1,-1,0,-1,-1,-1,1,0,0
92012000,堀（泥水）,-1,-1,0,-1,-1,-1,1,0,0
# 奈落A,,,,,,,,,,0
# フロア,,,,,,,,,,0
100000000,奈落A鹰榨恁,-1,-1,1,100000000,-1,20216000,1,0,0
100001000,奈落A鹰榨恁,-1,-1,1,100001000,-1,20215000,1,0,0
100002000,奈落A鹰榨恁,-1,-1,1,100002000,-1,20213007,1,0,0
100003000,奈落A鹰榨恁,-1,-1,1,100002000,-1,20213005,1,0,0
100004000,奈落A鹰榨恁,-1,-1,1,100000000,-1,20216005,1,0,0
100005000,奈落A鹰榨恁,-1,-1,1,100005000,-1,20214010,1,0,0
100006000,奈落A鹰榨恁,-1,-1,1,100002000,-1,20213002,1,0,0
100007000,奈落A鹰榨恁,-1,-1,1,100001000,-1,20215002,1,0,0
100008000,奈落A鹰榨恁,-1,-1,1,100000000,-1,20216008,1,0,0
100009000,奈落A鹰榨恁,-1,-1,1,100005000,-1,20214003,1,0,0
100010000,奈落A鹰榨恁,-1,-1,1,100002000,-1,20213003,1,0,0
100011000,奈落A鹰榨恁,-1,-1,1,100001000,-1,20215009,1,0,0
100012000,奈落A鹰榨恁,-1,-1,1,100005000,-1,20214004,1,0,0
100013000,奈落A鹰榨恁,-1,-1,1,100001000,-1,20215004,1,0,0
100014000,奈落A鹰榨恁,-1,-1,1,100000000,-1,20216012,1,0,0
100015000,奈落A鹰榨恁,-1,-1,1,100000000,-1,20216001,1,0,0
100016000,奈落A鹰榨恁,-1,-1,1,100005000,-1,20214001,1,0,0
100017000,奈落A鹰榨恁,-1,-1,1,100002000,-1,20213011,1,0,0
100018000,奈落A鹰榨恁,-1,-1,1,100005000,-1,20214007,1,0,0
100019000,奈落A鹰榨恁,-1,-1,1,100001000,-1,20215007,1,0,0
100020000,奈落A鹰榨恁,-1,-1,1,100000000,-1,20216007,1,0,0
100021000,奈落A鹰榨恁,-1,-1,1,100001000,-1,20215010,1,0,0
100022000,奈落A鹰榨恁,-1,-1,1,100000000,-1,20216010,1,0,0
100023000,奈落A鹰榨恁,-1,-1,1,100002000,-1,20213010,1,0,0
100024000,奈落A鹰榨恁,-1,-1,1,100001000,-1,20215008,1,0,0
100025000,奈落A鹰榨恁,-1,-1,1,100005000,-1,20214008,1,0,0
100026000,奈落A鹰榨恁,-1,-1,1,100002000,-1,20213008,1,0,0
100027000,奈落A鹰榨恁,-1,-1,1,100000000,-1,20216009,1,0,0
100028000,奈落A鹰榨恁,-1,-1,1,100005000,-1,20214009,1,0,0
100029000,奈落A鹰榨恁,-1,-1,1,100002000,-1,20213009,1,0,0
100030000,奈落A鹰榨恁,-1,-1,1,100002000,-1,20213012,1,0,0
100031000,奈落A鹰榨恁,-1,-1,1,100005000,-1,20214012,1,0,0
100032000,奈落A鹰榨恁,-1,-1,1,100001000,-1,20215012,1,0,0
100033000,奈落A鹰榨恁,-1,-1,1,100005000,-1,20214011,1,0,0
100034000,奈落A鹰榨恁,-1,-1,1,100001000,-1,20215011,1,0,0
100035000,奈落A鹰榨恁,-1,-1,1,100000000,-1,20216011,1,0,0
# ボスフロア,,,,,,,,,,
100100000,奈落A鹰榨恁,-1,-1,0,-1,-1,20217008,1,0,0
# 蟪辚榨恁,,,,,,,,,,
100101000,奈落A鹰榨恁,-1,-1,0,-1,-1,20217008,1,0,0
# セ`ブフロア,,,,,,,,,,
100200000,奈落A鹰榨恁,-1,-1,0,-1,-1,20217009,1,0,0
# パ`トナ`プロテクト,,,,,,,,,,
110000000,プロテクトア`ス,-1,-1,1,110000000,-1,-1,0,0,0
110001000,プロテクトア`ス,-1,-1,1,110001000,-1,-1,0,0,0
110002000,プロテクトア`ス,-1,-1,1,110002000,-1,-1,0,0,0
# ITS,,,,,,,,,,
120000000,アンデッドの城,-1,-1,1,10069000,-1,-1,0,0,0
120001000,光の塔周x,-1,-1,1,10070000,-1,-1,0,0,0
120002000,イ`ストダンジョン,-1,-1,1,20090000,-1,-1,0,0,0
120003000,マイマイzE内部,-1,-1,1,61004000,-1,-1,0,0,0
120004000,海底洞窟,-1,-1,1,21180000,-1,-1,0,0,0
120005000,アイアンシティ下与A,-1,-1,1,10066000,-1,-1,0,0,0
120006000,地下匪施O,-1,-1,1,22198000,-1,-1,0,0,0
120007000,地下大水路,-1,-1,1,22199000,-1,-1,0,0,0
120008000,地下大水路,-1,-1,1,22199000,-1,-1,0,0,0
120009000,地下大水路,-1,-1,1,22199000,-1,-1,0,0,0
120010000,旧アクロポリスＢ１Ｆ,-1,-1,1,22200000,-1,-1,0,0,0
120011000,旧アクロポリスＢ２Ｆ,-1,-1,1,22201000,-1,-1,0,0,0
120012000,デムロポリス,-1,-1,1,22201000,-1,-1,0,0,0
120013000,デムロポリス?マザ`ル`ム,-1,-1,1,22202000,-1,-1,0,0,0
120014000,プライベ`トル`ム,-1,-1,1,50066000,-1,-1,0,0,0
120015000,マイマイzE内部,-1,-1,1,60001000,-1,-1,0,0,0
120016000,マイマイzE内部,-1,-1,1,63008000,-1,-1,0,0,0
120017000,マイマイzE内部,-1,-1,1,64012000,-1,-1,0,0,0
120018000,口内Y,-1,-1,1,21190000,-1,-1,1,0,0
120019000,虚Y,-1,-1,1,21192000,-1,-1,1,0,0
120020000,歪Y?迷,-1,-1,1,21195000,-1,-1,1,0,0
120021000,歪Y?,-1,-1,1,21196000,-1,-1,1,0,0
120022000,幻Y,-1,-1,1,21191000,-1,-1,1,0,0
120023000,歪Y?骸,-1,-1,1,20125001,-1,-1,1,0,0
120024000,深Y,-1,-1,1,21193000,-1,-1,1,0,0
120025000,KY,-1,-1,1,60908000,-1,-1,1,0,0
120026000,ウテナ湖,-1,-1,1,10032000,-1,10032000,1,0,0
120027000,|アクロニア海岸,-1,-1,1,10034000,-1,10034000,1,0,0
120028000,山岳演,-1,-1,1,20200000,-1,20200000,1,0,0
120029000,エル?シエル（上樱,-1,-1,1,11023000,-1,-1,1,0,0
120030000,エル?シエル（下樱,-1,-1,1,11024000,-1,-1,1,0,0
120031000,ECOタウンE,-1,-1,1,11073000,-1,-1,1,0,0
120032000,~界のI域：室内,-1,-1,1,120032000,-1,-1,1,0,0
120033000,w空城,-1,-1,1,120033000,-1,-1,0,0,0
120034000,ハスタ`の精神世界,-1,-1,1,120034000,-1,-1,0,0,0
120035000,モ`グシティ,-1,-1,1,10060000,-1,-1,0,0,0
120037000,ノ`ザン地下?市民街,-1,-1,1,20210000,-1,-1,0,0,0
120038000,ノ`ザン地下?甓,-1,-1,1,20211000,-1,-1,0,0,0
