#パートナー設定シート,,,,,,,,,,,,,,,,,,,,,,,,,,,,,,,,,,,,,,,,,,,
#パートナー情報,,,,,,パートナー基本情報,,,,,,,,,思考情報,,パートナーが代わりに発動できるスキル設定,,,,,,,,アクトキューブスキルリスト,,,,,,,,,,アクトキューブパッシブスキルリスト,,,,,パートナー憑依,,,備考
#パートナーID,パートナー名,PICTID,スケール,モーションセット番号,騎乗者非表示設定,種別ID,系統ID,飛行,移動速度,攻撃タイプ,遠距離タイプ,射程,通常攻撃回数,通常攻撃ダメージ％,通常時思考ID,瀕死時思考ID,スキルID1,スキルID2,スキルID3,スキルID4,スキルID5,スキルID6,スキルID7,スキルID8,キューブID1,キューブID2,キューブID3,キューブID4,キューブID5,キューブID6,キューブID7,キューブID8,キューブID9,キューブID10,キューブID1,キューブID2,キューブID3,キューブID4,キューブID5,パートナー憑依可能か？,引き継ぐスキルID,ステータスの追加上昇倍率（％）,
#パートナー,,,,,,,,,,,,,,,,,,,,,,,,,,,,,,,,,,,,,,,,,,,
10000000,プルル,10000000,1,0,0,PLANT_139,6,0,430,BLOW,0,1,1,100,41,41,0,0,0,0,0,0,0,0,30068,30000,30013,30001,30007,30148,30149,0,0,0,0,0,0,0,0,1,0,0,
10010003,コッコー,10010000,0.8,0,0,BIRD_20,4,0,500,STAB,0,1,1,100,41,41,6501,6503,6550,0,0,0,0,0,0,0,0,0,0,0,0,0,0,0,0,0,0,0,0,1,0,0,
10111300,シナモン,10111300,1,0,0,ANIMAL_82,7,0,500,BLOW,0,1,1,100,41,41,0,0,0,0,0,0,0,0,0,0,0,0,0,0,0,0,0,0,0,0,0,0,0,1,0,0,
10620002,ココッコー,10620000,0.8,0,0,BIRD_21,4,0,500,STAB,0,1,1,100,41,41,6501,6503,6550,0,0,0,0,0,0,0,0,0,0,0,0,0,0,0,0,0,0,0,0,1,0,0,
10120100,バウバウ,10120100,1,0,0,ANIMAL_2,1,0,500,SLASH,0,1,1,100,41,41,6301,6303,6305,0,0,0,0,0,0,0,0,0,0,0,0,0,0,0,0,0,0,0,0,1,0,0,
10260000,ネコマタ,10260000,1,0,0,MAGIC_CREATURE_0,9,1,400,BLOW,0,1,1,100,40,40,0,0,0,0,0,0,0,0,30000,30068,30001,30007,30002,0,0,0,0,0,0,0,0,0,0,1,0,0,
10260003,ネコマタ（菫）,10260003,1,0,0,MAGIC_CREATURE_19,9,1,400,BLOW,0,1,1,100,40,40,0,0,0,0,0,0,0,0,30000,30068,30006,30007,30029,0,0,0,0,0,0,0,0,0,0,1,0,0,
10260004,ネコマタ（茜）,10260004,1,0,0,MAGIC_CREATURE_28,9,1,400,BLOW,0,1,1,100,40,40,0,0,0,0,0,0,0,0,30000,30006,30027,0,0,0,0,0,0,0,0,0,0,0,0,1,0,0,
10260005,ネコマタ（杏）,10260005,0.95,0,0,MAGIC_CREATURE_29,9,1,400,BLOW,0,1,1,100,40,40,0,0,0,0,0,0,0,0,30000,30008,30009,30010,0,0,0,0,0,0,0,0,0,0,0,1,0,0,
10260006,ネコマタ（空）,10260006,1,0,0,MAGIC_CREATURE_32,9,1,400,BLOW,0,1,1,100,40,40,0,0,0,0,0,0,0,0,30000,30068,30069,30031,30011,0,0,0,0,0,0,0,0,0,0,1,0,0,
10260008,ネコマタ（新緑）,10260008,0.95,0,0,MAGIC_CREATURE_1,9,1,400,BLOW,0,1,1,100,40,40,0,0,0,0,0,0,0,0,0,0,0,0,0,0,0,0,0,0,0,0,0,0,0,1,0,0,
10260009,ネコマタ（覚醒新緑）,10260008,0.95,0,0,MAGIC_CREATURE_37,9,1,400,BLOW,0,1,1,100,40,40,0,0,0,0,0,0,0,0,30000,30012,30032,30036,30009,30003,30045,0,0,0,0,0,0,0,0,1,0,0,
10260010,ネコマタ（覚醒緑）,10260050,0.95,0,0,MAGIC_CREATURE_37,9,1,400,BLOW,0,1,1,100,40,40,0,0,0,0,0,0,0,0,30000,30012,30032,30036,30009,30003,30045,0,0,0,0,0,0,0,0,1,0,20,
10260050,ネコマタ（緑）,10260050,0.95,0,0,MAGIC_CREATURE_1,9,1,400,BLOW,0,1,1,100,40,40,0,0,0,0,0,0,0,0,0,0,0,0,0,0,0,0,0,0,0,0,0,0,0,1,0,20,
10260051,ネコマタ（藍）,10260051,1,0,0,MAGIC_CREATURE_13,9,1,400,BLOW,0,1,1,100,40,40,0,0,0,0,0,0,0,0,30036,30003,30030,0,0,0,0,0,0,0,0,0,0,0,0,1,0,0,
10260052,ネコマタ（山吹）,10260052,1,0,0,MAGIC_CREATURE_18,9,1,400,BLOW,0,1,1,100,40,40,0,0,0,0,0,0,0,0,30000,30004,30005,30029,0,0,0,0,0,0,0,0,0,0,0,1,0,0,
10440000,ペペン,10440000,1,0,0,BIRD_113,4,0,500,BLOW,0,1,1,100,41,41,6501,6503,6550,0,0,0,0,0,30000,30032,30004,30003,0,0,0,0,0,0,0,0,0,0,0,1,0,20,
10540000,傭兵,10540000,1.2,0,0,HUMAN_3,3,0,450,SLASH,0,1,1,100,41,41,6401,6403,6450,0,0,0,0,0,0,0,0,0,0,0,0,0,0,0,0,0,0,0,0,1,0,0,
10540003,青衣の傭兵,10540003,1.2,0,0,HUMAN_22,3,0,450,SLASH,0,1,1,100,41,41,6401,6403,6450,0,0,0,0,0,30002,30017,30079,0,0,0,0,0,0,0,0,0,0,0,0,1,0,0,
10540002,紫衣の傭兵,10540002,1.2,0,0,HUMAN_3,3,0,450,SLASH,0,1,1,100,41,41,6401,6403,6450,0,0,0,0,0,0,0,0,0,0,0,0,0,0,0,0,0,0,0,0,1,0,0,
10550000,ガトリング砲,10550000,1,0,0,MACHINE_4,5,0,450,STAB,1,6,1,100,41,41,6101,6103,6105,0,0,0,0,0,30125,30126,0,0,0,0,0,0,0,0,0,0,0,0,0,1,0,0,
10550016,青いガトリング砲,10550016,1,0,0,MACHINE_23,5,0,450,STAB,1,6,1,100,41,41,6101,6103,6105,0,0,0,0,0,30125,30126,30002,0,0,0,0,0,0,0,0,0,0,0,0,1,0,0,
10550017,黄金のガトリング砲,10550017,1,0,0,MACHINE_4,5,0,450,STAB,1,6,1,100,41,41,6101,6103,6105,0,0,0,0,0,30125,30126,0,0,0,0,0,0,0,0,0,0,0,0,0,0,0,0,
10560000,キャリアー,10560000,1,0,0,INSECT_5,2,0,500,BLOW,0,1,1,100,41,41,0,0,0,0,0,0,0,0,0,0,0,0,0,0,0,0,0,0,0,0,0,0,0,1,0,0,
10560100,キャリアー,10560100,1,0,0,INSECT_5,2,0,500,BLOW,0,1,1,100,41,41,0,0,0,0,0,0,0,0,0,0,0,0,0,0,0,0,0,0,0,0,0,0,0,1,0,0,
10560200,キャリアー,10560200,1,0,0,INSECT_5,2,0,500,BLOW,0,1,1,100,41,41,0,0,0,0,0,0,0,0,0,0,0,0,0,0,0,0,0,0,0,0,0,0,0,1,0,0,
10560400,キャリアー,10560400,1,0,0,INSECT_5,2,0,500,BLOW,0,1,1,100,41,41,0,0,0,0,0,0,0,0,0,0,0,0,0,0,0,0,0,0,0,0,0,0,0,1,0,0,
10560800,キャリアー,10560800,1,0,0,INSECT_5,2,0,500,BLOW,0,1,1,100,41,41,0,0,0,0,0,0,0,0,0,0,0,0,0,0,0,0,0,0,0,0,0,0,0,1,0,0,
10566000,キャリアー,10566000,1,0,0,INSECT_5,2,0,500,BLOW,0,1,1,100,41,41,0,0,0,0,0,0,0,0,0,0,0,0,0,0,0,0,0,0,0,0,0,0,0,1,0,0,
10300002,キャリアー,10300002,1,0,0,INSECT_5,2,0,500,BLOW,0,1,1,100,41,41,0,0,0,0,0,0,0,0,0,0,0,0,0,0,0,0,0,0,0,0,0,0,0,1,0,0,
10565000,キャリアー,10565000,1,0,0,INSECT_5,2,0,500,BLOW,0,1,1,100,41,41,0,0,0,0,0,0,0,0,0,0,0,0,0,0,0,0,0,0,0,0,0,0,0,1,0,0,
10560001,ミニキャリアー,10560001,0.8,0,0,INSECT_5,2,0,500,BLOW,0,1,1,100,41,41,0,0,0,0,0,0,0,0,0,0,0,0,0,0,0,0,0,0,0,0,0,0,0,1,0,0,
10560101,ミニキャリアー,10560101,0.8,0,0,INSECT_5,2,0,500,BLOW,0,1,1,100,41,41,0,0,0,0,0,0,0,0,0,0,0,0,0,0,0,0,0,0,0,0,0,0,0,1,0,0,
10560201,ミニキャリアー,10560201,0.8,0,0,INSECT_5,2,0,500,BLOW,0,1,1,100,41,41,0,0,0,0,0,0,0,0,0,0,0,0,0,0,0,0,0,0,0,0,0,0,0,1,0,0,
10560401,ミニキャリアー,10560401,0.8,0,0,INSECT_5,2,0,500,BLOW,0,1,1,100,41,41,0,0,0,0,0,0,0,0,0,0,0,0,0,0,0,0,0,0,0,0,0,0,0,1,0,0,
10560801,ミニキャリアー,10560801,0.8,0,0,INSECT_5,2,0,500,BLOW,0,1,1,100,41,41,0,0,0,0,0,0,0,0,0,0,0,0,0,0,0,0,0,0,0,0,0,0,0,1,0,0,
10566001,ミニキャリアー,10566001,0.8,0,0,INSECT_5,2,0,500,BLOW,0,1,1,100,41,41,0,0,0,0,0,0,0,0,0,0,0,0,0,0,0,0,0,0,0,0,0,0,0,1,0,0,
10300003,ミニキャリアー,10300003,0.8,0,0,INSECT_5,2,0,500,BLOW,0,1,1,100,41,41,0,0,0,0,0,0,0,0,0,0,0,0,0,0,0,0,0,0,0,0,0,0,0,1,0,0,
10565001,ミニキャリアー,10565001,0.8,0,0,INSECT_5,2,0,500,BLOW,0,1,1,100,41,41,0,0,0,0,0,0,0,0,0,0,0,0,0,0,0,0,0,0,0,0,0,0,0,1,0,0,
10560002,プチクローラー,10560002,0.5,0,0,INSECT_5,2,0,400,BLOW,0,1,1,100,41,41,0,0,0,0,0,0,0,0,0,0,0,0,0,0,0,0,0,0,0,0,0,0,0,1,0,0,
10570000,わんわん,10570000,1,0,0,ANIMAL_6,1,0,500,SLASH,0,1,1,100,41,41,6301,6303,6305,0,0,0,0,0,0,0,0,0,0,0,0,0,0,0,0,0,0,0,0,1,0,0,
10570020,おめかしわんわん,10570020,1,0,0,ANIMAL_26,1,0,500,SLASH,0,1,1,100,41,41,6301,6303,6305,0,0,0,0,0,30002,30096,30097,0,0,0,0,0,0,0,0,0,0,0,0,1,0,0,
10570021,バトルわんわん,10570021,1,0,0,ANIMAL_6,1,0,500,SLASH,0,1,1,100,41,41,6301,6303,6305,0,0,0,0,0,0,0,0,0,0,0,0,0,0,0,0,0,0,0,0,0,0,0,
10570003,捨て犬バウ,10120000,1,0,0,ANIMAL_6,1,0,500,SLASH,0,1,1,100,41,77,6301,6303,6305,0,0,0,0,0,0,0,0,0,0,0,0,0,0,0,0,0,0,0,0,1,0,0,
10570050,ブラックタン,10570050,1,0,0,ANIMAL_6,1,0,500,SLASH,0,1,1,100,41,41,6301,6303,6305,0,0,0,0,0,0,0,0,0,0,0,0,0,0,0,0,0,0,0,0,1,0,0,
10570010,おめかしブラックタン,10570010,1,0,0,ANIMAL_26,1,0,500,SLASH,0,1,1,100,41,41,6301,6303,6305,0,0,0,0,0,30096,30097,0,0,0,0,0,0,0,0,0,0,0,0,0,1,0,0,
10570014,バトルブラックタン,10570014,1,0,0,ANIMAL_6,1,0,500,SLASH,0,1,1,100,41,41,6301,6303,6305,0,0,0,0,0,0,0,0,0,0,0,0,0,0,0,0,0,0,0,0,1,0,0,
10580000,マンドラニンジン,10580000,1,0,0,PLANT_7,6,0,400,STAB,0,1,1,100,41,41,6201,6203,6205,6207,0,0,0,0,0,0,0,0,0,0,0,0,0,0,0,0,0,0,0,1,0,0,
10580500,マンドラワサビ,10580500,1,0,0,PLANT_7,6,0,400,STAB,0,1,1,100,41,41,6201,6203,6205,6207,0,0,0,0,0,0,0,0,0,0,0,0,0,0,0,0,0,0,0,1,0,0,
10581400,マンドラダイコン,10580002,1,0,0,PLANT_27,6,0,400,STAB,0,1,1,100,41,41,6201,6203,6205,6207,0,0,0,0,30107,30108,30109,0,0,0,0,0,0,0,0,0,0,0,0,1,0,0,
10581401,マンドラダイコン,10580003,1,0,0,PLANT_7,6,0,400,STAB,0,1,1,100,41,41,6201,6203,6205,6207,0,0,0,0,0,0,0,0,0,0,0,0,0,0,0,0,0,0,0,0,0,0,
10585000,マンドラハバネロ,10585000,1,0,0,PLANT_143,6,0,400,STAB,0,1,1,100,41,41,6201,6203,6205,6207,0,0,0,0,30152,0,0,0,0,0,0,0,0,0,0,0,0,0,0,1,0,0,
10660000,モーモー,10660000,0.5,0,0,ANIMAL_15,7,0,350,STAB,0,1,1,100,41,41,0,0,0,0,0,0,0,0,30023,30020,0,0,0,0,0,0,0,0,0,0,0,0,0,1,0,0,
10660001,マッスルモーモー,10660001,0.5,0,0,ANIMAL_44,7,0,350,STAB,0,1,1,100,41,41,0,0,0,0,0,0,0,0,30003,30023,30020,0,0,0,0,0,0,0,0,0,0,0,0,1,0,0,
10660002,闘魂モーモー,10660002,0.5,0,0,ANIMAL_15,7,0,350,STAB,0,1,1,100,41,41,0,0,0,0,0,0,0,0,30023,30020,0,0,0,0,0,0,0,0,0,0,0,0,0,1,0,0,
10730000,ペガサス,10730000,0.8,0,0,ANIMAL_16,7,0,500,STAB,0,1,1,100,41,41,0,0,0,0,0,0,0,0,30071,30018,30070,0,0,0,0,0,0,0,0,0,0,0,0,1,0,0,
10730001,ムーンペガサス,10730007,0.9,0,0,ANIMAL_45,7,0,500,STAB,0,1,1,100,41,41,0,0,0,0,0,0,0,0,30071,30018,30000,30070,30068,0,0,0,0,0,0,0,0,0,0,1,0,0,
10730002,スターペガサス,10730008,0.8,0,0,ANIMAL_16,7,0,500,STAB,0,1,1,100,41,41,0,0,0,0,0,0,0,0,30071,30018,30070,0,0,0,0,0,0,0,0,0,0,0,0,0,0,0,
10610000,ココア,10610000,1,0,0,ANIMAL_6,1,0,500,SLASH,0,1,1,100,41,41,6301,6303,6305,0,0,0,0,0,0,0,0,0,0,0,0,0,0,0,0,0,0,0,0,1,0,20,
10610500,ミント,10610500,1,0,0,ANIMAL_6,1,0,500,SLASH,0,1,1,100,41,41,6301,6303,6305,0,0,0,0,0,0,0,0,0,0,0,0,0,0,0,0,0,0,0,0,1,0,20,
10611100,ぶち,10611100,1,0,0,ANIMAL_6,1,0,500,SLASH,0,1,1,100,41,41,6301,6303,6305,0,0,0,0,0,0,0,0,0,0,0,0,0,0,0,0,0,0,0,0,1,0,20,
10611400,ミルキー,10611400,1,0,0,ANIMAL_6,1,0,500,SLASH,0,1,1,100,41,41,6301,6303,6305,0,0,0,0,0,0,0,0,0,0,0,0,0,0,0,0,0,0,0,0,1,0,20,
10136000,白狼,10136000,0.7,0,0,ANIMAL_4,1,0,400,SLASH,0,1,1,100,41,41,6307,6309,6350,6311,0,0,0,0,0,0,0,0,0,0,0,0,0,0,0,0,0,0,0,1,0,0,
10136010,金狼,10136010,0.8,0,0,ANIMAL_24,1,0,400,SLASH,0,1,1,100,41,41,6307,6309,6350,6311,0,0,0,0,30098,30099,30100,0,0,0,0,0,0,0,0,0,0,0,0,1,0,0,
10136009,黒狼,10136009,0.9,0,0,ANIMAL_4,1,0,400,SLASH,0,1,1,100,41,41,6307,6309,6350,6311,0,0,0,0,0,0,0,0,0,0,0,0,0,0,0,0,0,0,0,0,0,0,
10146000,ロック鳥,10146000,0.6,0,0,BIRD_4,4,1,500,SLASH,0,1,1,100,41,41,6501,6503,6550,0,0,0,0,0,0,0,0,0,0,0,0,0,0,0,0,0,0,0,0,1,0,0,
10146010,ロック鳥（ヘヴィ）,10146010,0.7,0,0,BIRD_25,4,1,500,SLASH,0,1,1,100,41,41,6501,6503,6550,0,0,0,0,0,30128,30129,30002,0,0,0,0,0,0,0,0,0,0,0,0,1,0,0,
10146014,ロック鳥（グレート）,10146014,0.8,0,0,BIRD_4,4,1,500,SLASH,0,1,1,100,41,41,6501,6503,6550,0,0,0,0,0,30128,30129,0,0,0,0,0,0,0,0,0,0,0,0,0,1,0,0,
10740000,スリーピー,10740000,0.8,0,0,ANIMAL_14,7,0,350,BLOW,0,1,1,100,41,41,0,0,0,0,0,0,0,0,30000,30064,0,0,0,0,0,0,0,0,0,0,0,0,0,1,0,20,
10780000,モモンガ,10780000,1.15,0,0,ANIMAL_17,7,0,500,STAB,0,1,1,100,41,41,0,0,0,0,0,0,0,0,30036,0,0,0,0,0,0,0,0,0,0,0,0,0,0,1,0,0,
10780002,ポイズンモモンガ,10780014,1.15,0,0,ANIMAL_46,7,0,500,STAB,0,1,1,100,41,41,0,0,0,0,0,0,0,0,30036,30078,0,0,0,0,0,0,0,0,0,0,0,0,0,1,0,0,
10780003,ポイズンモモンガ,10780015,1.15,0,0,ANIMAL_17,7,0,500,STAB,0,1,1,100,41,41,0,0,0,0,0,0,0,0,30036,0,0,0,0,0,0,0,0,0,0,0,0,0,0,0,0,0,
#10780050,白蛇様,10780015,1.15,0,0,ANIMAL_17,7,0,500,STAB,0,1,1,100,41,41,0,0,0,0,0,0,0,0,30036,0,0,0,0,0,0,0,0,0,0,0,0,0,0,0,0,0,
10850600,世界征服用ロボ,10850600,0.7,0,0,MACHINE_76,5,0,450,STAB,0,1,1,100,41,41,0,0,0,0,0,0,0,0,30023,30024,0,0,0,0,0,0,0,0,0,0,0,0,0,1,0,0,
10960050,ベビードラゴ,10960050,0.4,0,0,ANIMAL_57,7,0,400,BLOW,0,1,1,100,41,41,0,0,0,0,0,0,0,0,30071,0,0,0,0,0,0,0,0,0,0,0,0,0,0,1,0,0,
11003462,プルル?アルマ,11003462,1,0,0,HUMAN_138,13,0,450,BLOW,0,1,1,100,41,41,0,0,0,0,0,0,0,0,30068,30000,30013,30001,30007,30148,30149,0,0,0,0,0,0,0,0,1,0,0,
14060000,タチコマ,14060000,1,0,0,MACHINE_31,5,0,450,STAB,1,6,1,100,41,41,6101,6103,6105,0,0,0,0,0,30125,30126,0,0,0,0,0,0,0,0,0,0,0,0,0,1,0,20,
14100000,おてつだいタイニー,14100000,1,0,0,ANIMAL_8,8,0,350,BLOW,0,1,1,100,41,41,0,0,0,0,0,0,0,0,30000,30095,30068,30007,0,0,0,0,0,0,0,0,0,0,0,1,0,20,
14230000,ニンジン凧,14230000,1,0,0,PLANT_7,6,0,450,BLOW,0,1,1,100,41,41,6201,6203,6205,6207,0,0,0,0,0,0,0,0,0,0,0,0,0,0,0,0,0,0,0,1,0,20,
14240000,ネコマタ(胡桃?若菜),14240000,1,0,0,MAGIC_CREATURE_35,9,1,400,BLOW,0,1,1,100,40,40,0,0,0,0,0,0,0,0,30000,30052,30040,30042,30043,0,0,0,0,0,0,0,0,0,0,1,0,0,
14350100,ピッグー,14350000,1,0,0,ANIMAL_52,7,0,350,STAB,0,1,1,100,41,41,0,0,0,0,0,0,0,0,0,0,0,0,0,0,0,0,0,0,0,0,0,0,0,1,0,20,
14370000,ネコマタ（黒）,14370000,1,0,0,MAGIC_CREATURE_48,9,1,400,BLOW,0,1,1,100,40,40,0,0,0,0,0,0,0,0,30000,30033,30001,30002,30015,30044,0,0,0,0,0,0,0,0,0,1,0,0,
14380000,ネコマタ（白）,14380000,1,0,0,MAGIC_CREATURE_47,9,1,400,BLOW,0,1,1,100,40,40,0,0,0,0,0,0,0,0,30013,30068,30006,30025,30014,0,0,0,0,0,0,0,0,0,0,1,0,0,
14420000,みんなのマネージャー,14420000,1,0,0,HUMAN_38,3,0,450,BLOW,0,1,1,100,41,41,6443,0,0,0,0,0,0,0,30074,0,0,0,0,0,0,0,0,0,0,0,0,0,0,1,0,20,
14430000,ルイーザ,14430000,1,0,0,HUMAN_39,3,0,450,BLOW,0,1,1,100,41,41,0,0,0,0,0,0,0,0,0,0,0,0,0,0,0,0,0,0,0,0,0,0,0,1,0,20,
14510000,ドクロベェさま,14510000,1,0,0,MACHINE_RIDE_40,7,1,500,STAB,0,1,0,0,40,40,0,0,0,0,0,0,0,0,30000,30127,0,0,0,0,0,0,0,0,0,0,0,0,0,0,0,0,
14760000,ネコマタ（ミケ）,14760000,1,0,0,MAGIC_CREATURE_49,9,1,400,BLOW,0,1,1,100,40,40,0,0,0,0,0,0,0,0,30000,0,0,0,0,0,0,0,0,0,0,0,0,0,0,1,0,20,
14790000,しゅごキャラヨル,14790000,0.8,0,0,MAGIC_CREATURE_51,7,1,400,BLOW,0,1,1,100,40,40,0,0,0,0,0,0,0,0,30000,0,0,0,0,0,0,0,0,0,0,0,0,0,0,1,0,20,
14810000,ネコマタ（トラ）,14810000,1,0,0,MAGIC_CREATURE_50,9,1,400,BLOW,0,1,1,100,40,40,0,0,0,0,0,0,0,0,30000,0,0,0,0,0,0,0,0,0,0,0,0,0,0,1,0,20,
14900000,オートマタ（アメジスト）,14900000,1,0,0,MAGIC_CREATURE_53,14,1,400,BLOW,1,3,1,100,40,40,0,0,0,0,0,0,0,0,30062,30061,30002,30001,30007,30006,0,0,0,0,0,0,0,0,0,1,0,0,
14920000,くろみつさぶろう,14920000,1,0,0,ANIMAL_240,1,0,500,SLASH,0,1,1,100,41,41,6301,6303,6305,0,0,0,0,0,0,0,0,0,0,0,0,0,0,0,0,0,0,0,0,1,0,20,
14940000,オートマタ（ルビー）,14940000,1,0,0,MAGIC_CREATURE_54,14,1,400,BLOW,0,1,1,100,40,40,0,0,0,0,0,0,0,0,30062,30061,30036,30001,30003,30014,30009,30023,30071,0,0,0,0,0,0,1,0,0,
14950000,みんなのナース,14950000,1,0,0,HUMAN_55,3,0,450,BLOW,0,1,1,100,41,41,0,0,0,0,0,0,0,0,30000,30012,0,0,0,0,0,0,0,0,0,0,0,0,0,1,0,20,
14950050,みんなの新米ナース,14950050,1,0,0,HUMAN_55,3,0,450,BLOW,0,1,1,100,41,41,0,0,0,0,0,0,0,0,30000,30012,0,0,0,0,0,0,0,0,0,0,0,0,0,1,0,0,
14960000,オートマタ（トパーズ）,14960000,1,0,0,MAGIC_CREATURE_56,14,1,400,BLOW,0,1,1,100,40,40,0,0,0,0,0,0,0,0,30062,30061,30027,30018,30006,30066,30067,0,0,0,0,0,0,0,0,1,0,0,
15010000,カムイ,15010000,1,0,0,HUMAN_58,10,0,420,SLASH,0,1,1,100,41,41,0,0,0,0,0,0,0,0,30014,30016,30041,30017,30001,30007,30002,30003,30056,0,0,0,0,0,0,1,0,20,
15020000,リゼル,15020000,1,0,0,HUMAN_59,10,0,420,STAB,0,1,1,100,41,41,0,0,0,0,0,0,0,0,30000,30033,30018,30015,30002,30048,30053,0,0,0,0,0,0,0,0,1,0,20,
15030000,テリア,15030000,1,0,0,HUMAN_60,10,0,420,SLASH,0,1,1,100,41,41,0,0,0,0,0,0,0,0,30036,30003,30009,30020,30042,30032,30054,30046,0,0,0,0,0,0,0,1,0,20,
15040000,キーノ,15040000,1,0,0,HUMAN_61,10,0,420,STAB,0,1,1,100,41,41,0,0,0,0,0,0,0,0,30009,30014,30060,30036,30001,30021,30003,30053,0,0,0,0,0,0,0,1,0,20,
15050000,ツバキ,15050000,1,0,0,HUMAN_62,10,0,420,BLOW,0,1,1,100,41,41,0,0,0,0,0,0,0,0,30003,30034,30042,30023,30049,30000,0,0,0,0,0,0,0,0,0,1,0,20,
15060000,カノン,15060000,1,0,0,HUMAN_63,10,0,420,BLOW,0,1,1,100,41,41,0,0,0,0,0,0,0,0,30000,30003,30027,30041,30039,30038,0,0,0,0,0,0,0,0,0,1,0,20,
15070000,ヨシュア,15070000,1,0,0,HUMAN_64,10,0,420,STAB,1,2,1,100,41,41,0,0,0,0,0,0,0,0,30000,30033,30007,30019,30002,30048,30053,0,0,0,0,0,0,0,0,1,0,20,
15080000,レネット,15080000,1,0,0,HUMAN_65,10,0,420,BLOW,0,1,1,100,41,41,0,0,0,0,0,0,0,0,30000,30011,30069,30044,30022,30050,30052,30055,0,0,0,0,0,0,0,1,0,20,
15090000,ソレイユ,15090000,1,0,0,HUMAN_66,10,0,420,STAB,1,5,1,100,41,41,0,0,0,0,0,0,0,0,30057,30058,30006,30036,30002,30000,30059,0,0,0,0,0,0,0,0,1,0,20,
15100000,グリヴァー,15100000,1,0,0,HUMAN_67,10,0,420,STAB,1,5,1,100,41,41,0,0,0,0,0,0,0,0,30026,30035,30024,30002,30036,30006,0,0,0,0,0,0,0,0,0,1,0,20,
15110000,プリーシュ,15110000,1,0,0,HUMAN_68,10,0,420,BLOW,1,2,1,100,41,41,0,0,0,0,0,0,0,0,30027,30036,30000,30045,30047,30051,0,0,0,0,0,0,0,0,0,1,0,20,
15120000,フロール,15120000,1,0,0,HUMAN_69,10,0,420,BLOW,1,2,1,100,41,41,0,0,0,0,0,0,0,0,30028,30037,30006,30013,30027,30025,30068,30070,0,0,0,0,0,0,0,1,0,20,
15240000,オートマタ（サファイア）,15240000,1,0,0,MAGIC_CREATURE_73,14,1,400,BLOW,1,3,1,100,40,40,0,0,0,0,0,0,0,0,30062,30061,30063,30064,30065,30006,30031,0,0,0,0,0,0,0,0,1,0,0,
15250000,狐狸招来,15250000,1,0,0,MAGIC_CREATURE_72,7,0,400,BLOW,0,1,1,100,40,40,0,0,0,0,0,0,0,0,30000,0,0,0,0,0,0,0,0,0,0,0,0,0,0,1,0,20,
15270000,エミリーのメイドさん,15270000,1,0,0,HUMAN_74,3,0,450,BLOW,0,1,1,100,41,41,0,0,0,0,0,0,0,0,30000,0,0,0,0,0,0,0,0,0,0,0,0,0,0,1,0,20,
15280000,ネコマタ（アリス）,15280000,1,0,0,MAGIC_CREATURE_75,9,1,400,BLOW,0,1,1,100,40,40,0,0,0,0,0,0,0,0,30013,30006,30025,30014,30068,0,0,0,0,0,0,0,0,0,0,1,0,20,
15310000,オートマタ（ダイヤモンド）,15310000,1,0,0,MAGIC_CREATURE_77,14,1,400,BLOW,1,5,1,100,40,40,0,0,0,0,0,0,0,0,30062,30061,30064,30015,30006,30022,0,0,0,0,0,0,0,0,0,1,0,0,
15360000,子パンダ,15360000,1,0,0,ANIMAL_78,7,0,450,STAB,0,1,1,100,41,41,0,0,0,0,0,0,0,0,30013,30006,30025,30014,0,0,0,0,0,0,0,0,0,0,0,1,0,20,
15390000,守護魔?ムツキ,15390000,1,0,0,HUMAN_80,11,0,450,BLOW,0,1,1,100,40,41,0,0,0,0,0,0,0,0,30013,30006,30014,30064,0,0,0,0,0,0,0,0,0,0,0,1,0,20,
15410000,守護魔?キサラギ,15410000,1,0,0,HUMAN_83,11,0,450,BLOW,0,1,1,100,40,41,0,0,0,0,0,0,0,0,30022,30052,30044,30023,30029,30011,0,0,0,0,0,0,0,0,0,1,0,20,
15470000,シャボタン,15470000,1,0,0,PLANT_93,6,0,450,BLOW,0,1,1,100,41,41,6201,6203,6205,6207,0,0,0,0,30000,30004,30076,30007,30001,30078,0,0,0,0,0,0,0,0,0,1,0,0,
15470100,シャボタン（青）,15470100,1,0,0,PLANT_93,6,0,450,BLOW,0,1,1,100,41,41,6201,6203,6205,6207,0,0,0,0,30000,30004,30076,30007,30001,30078,0,0,0,0,0,0,0,0,0,1,0,0,
15470200,シャボタン（黄緑）,15470200,1,0,0,PLANT_93,6,0,450,BLOW,0,1,1,100,41,41,6201,6203,6205,6207,0,0,0,0,30000,30004,30076,30007,30001,30078,0,0,0,0,0,0,0,0,0,1,0,0,
15470300,シャボタン（深緑）,15470300,1,0,0,PLANT_93,6,0,450,BLOW,0,1,1,100,41,41,6201,6203,6205,6207,0,0,0,0,30000,30004,30076,30007,30001,30078,0,0,0,0,0,0,0,0,0,1,0,0,
15470400,シャボタン（黒）,15470400,1,0,0,PLANT_93,6,0,450,BLOW,0,1,1,100,41,41,6201,6203,6205,6207,0,0,0,0,30000,30004,30076,30007,30001,30078,0,0,0,0,0,0,0,0,0,1,0,0,
15530000,ボクサーパンダ,15530000,1,0,0,ANIMAL_141,7,0,400,BLOW,0,1,1,100,41,41,0,0,0,0,0,0,0,0,30023,30010,30001,30007,30002,30003,0,0,0,0,0,0,0,0,0,1,0,0,
15550000,サボッテン,15550000,1.2,0,0,PLANT_142,6,0,450,BLOW,0,1,1,100,41,41,6201,6203,6205,6207,0,0,0,0,30095,30028,30102,30103,0,0,0,0,0,0,0,0,0,0,0,1,0,0,
15560000,守護魔?ヤヨイ,15560000,1,0,0,HUMAN_85,11,0,450,BLOW,0,1,1,100,40,41,0,0,0,0,0,0,0,0,30041,30023,30003,30029,30030,30000,0,0,0,0,0,0,0,0,0,1,0,20,
15590000,守護魔?ウヅキ,15590000,1,0,0,HUMAN_87,11,0,475,BLOW,0,1,1,100,40,41,0,0,0,0,0,0,0,0,30079,30038,30016,30029,30030,30004,0,0,0,0,0,0,0,0,0,1,0,20,
15600000,守護魔?サツキ,15600000,1.1,0,0,HUMAN_89,11,0,475,BLOW,0,1,1,100,40,41,0,0,0,0,0,0,0,0,30022,30075,30069,30076,30036,30004,0,0,0,0,0,0,0,0,0,1,0,20,
15680000,守護魔?ミナヅキ,15680000,1,0,0,HUMAN_91,11,0,475,BLOW,0,1,1,100,40,41,0,0,0,0,0,0,0,0,30033,30005,30006,30000,30007,30004,0,0,0,0,0,0,0,0,0,1,0,20,
15690000,守護魔?ウル,15690000,1,0,0,HUMAN_108,11,0,475,BLOW,0,1,1,100,40,41,0,0,0,0,0,0,0,0,30046,30038,30025,30064,30003,30001,30068,0,0,0,0,0,0,0,0,1,0,0,
15690100,守護魔?ルゥ,15690100,1,0,0,HUMAN_109,11,0,475,BLOW,0,1,1,100,40,41,0,0,0,0,0,0,0,0,30040,30030,30027,30007,30015,30068,30012,0,0,0,0,0,0,0,0,1,0,0,
20015000,カルティー,20015000,1,0,0,HUMAN_92,7,0,350,BLOW,0,1,1,100,41,41,0,0,0,0,0,0,0,0,30007,30000,0,0,0,0,0,0,0,0,0,0,0,0,0,1,0,0,
15710000,守護魔?フミツキ,15710000,1,0,0,HUMAN_95,11,0,475,BLOW,0,1,1,100,40,41,0,0,0,0,0,0,0,0,30038,30046,30023,30069,30019,30004,0,0,0,0,0,0,0,0,0,1,0,20,
15730000,キュゥべえ,15730000,1,0,0,ANIMAL_101,7,0,450,BLOW,0,1,1,100,41,41,0,0,0,0,0,0,0,0,30006,30031,30000,0,0,0,0,0,0,0,0,0,0,0,0,1,0,0,
15760000,守護魔?ハヅキ,15760000,1,0,0,HUMAN_96,11,0,475,BLOW,1,3,1,100,40,41,0,0,0,0,0,0,0,0,30026,30024,30062,30009,30019,0,0,0,0,0,0,0,0,0,0,1,0,20,
15780000,守護魔?キクヅキ,15780000,1,0,0,HUMAN_98,11,0,475,BLOW,0,1,1,100,40,41,0,0,0,0,0,0,0,0,30047,30051,30077,30000,30004,0,0,0,0,0,0,0,0,0,0,1,0,20,
15790000,守護魔?カミア?カンナ,15790000,1,0,0,HUMAN_102,11,0,475,BLOW,0,1,1,100,40,41,0,0,0,0,0,0,0,0,30070,30044,30052,30027,30000,30033,30068,30004,0,0,0,0,0,0,0,1,0,20,
15800000,けるべろす,15800000,1,0,0,ANIMAL_103,1,0,450,STAB,0,1,1,100,41,41,6301,6303,6305,0,0,0,0,0,30002,30003,30096,30097,0,0,0,0,0,0,0,0,0,0,0,1,0,0,
15860000,守護魔?ウルゥ,15860000,1.1,0,0,HUMAN_110,11,0,475,BLOW,0,1,1,100,40,41,0,0,0,0,0,0,0,0,0,0,0,0,0,0,0,0,0,0,0,0,0,0,0,1,0,0,
15870000,ネコマタ（フリル）,15870000,1,0,0,MAGIC_CREATURE_107,9,1,400,BLOW,0,1,1,100,40,40,0,0,0,0,0,0,0,0,30000,30004,30005,30006,30011,30068,0,0,0,0,0,0,0,0,0,1,0,20,
15880000,守護魔?シモツキ,15880000,1,0,0,HUMAN_105,11,0,475,BLOW,0,1,1,100,40,41,0,0,0,0,0,0,0,0,30065,30038,30063,30078,30000,30004,0,0,0,0,0,0,0,0,0,1,0,20,
15900000,守護魔?ロウゲツ,15900000,1,0,0,HUMAN_111,11,0,475,BLOW,0,1,1,100,40,41,0,0,0,0,0,0,0,0,30041,30079,30044,30052,30033,30004,0,0,0,0,0,0,0,0,0,1,0,20,
15910000,ダークフェザー?アルマ,15910000,1,0,0,HUMAN_115,13,0,475,BLOW,0,1,1,100,41,41,0,0,0,0,0,0,0,0,30090,30021,30091,30023,30092,30001,30002,30089,0,0,0,0,0,0,0,1,0,20,
15930000,守護魔?カナデ,15930000,1,0,0,HUMAN_114,11,0,450,BLOW,0,1,1,100,40,41,0,0,0,0,0,0,0,0,30006,30037,30025,30064,30013,30004,0,0,0,0,0,0,0,0,0,1,0,20,
15950000,バウ?アルマ,15950000,1,0,0,HUMAN_116,13,0,450,BLOW,0,1,1,100,41,41,6301,6303,6305,0,0,0,0,0,30010,30038,30093,30020,30009,30004,30094,0,0,0,0,0,0,0,0,1,0,20,
15960000,シャボタン?アルマ,15960000,1,0,0,HUMAN_117,13,0,450,BLOW,0,1,1,100,41,41,6201,6203,6205,6207,0,0,0,0,30000,30004,30076,30007,30001,30078,30101,30102,30103,0,0,0,0,0,0,1,0,20,
16030000,ファー,16030000,1,0,0,MAGIC_CREATURE_124,7,0,500,BLOW,0,1,1,100,41,41,0,0,0,0,0,0,0,0,30116,30117,30118,30075,30106,0,0,0,0,0,0,0,0,0,0,1,0,20,
16050000,デリバリタイニー,16050000,1,0,0,ANIMAL_118,8,0,350,BLOW,0,1,1,100,41,41,0,0,0,0,0,0,0,0,30000,30095,0,0,0,0,0,0,0,0,0,0,0,0,0,1,0,0,
16060000,ローキー?アルマ,16060000,1,0,0,HUMAN_119,13,0,430,BLOW,0,1,1,100,41,41,6311,6307,6309,0,0,0,0,0,30010,30000,30001,30007,30100,30098,30099,30104,30004,0,0,0,0,0,0,1,0,20,
16090000,バルル?アルマ,16090000,1,0,0,HUMAN_120,13,0,430,BLOW,0,1,1,100,41,41,0,0,0,0,0,0,0,0,30105,30106,30036,30001,30104,0,0,0,0,0,0,0,0,0,0,1,0,20,
16110000,タイニー（北海道?東北）,16110000,1,0,0,ANIMAL_123,8,0,350,BLOW,0,1,1,100,41,41,0,0,0,0,0,0,0,0,30000,30095,30068,30007,30001,30036,30013,0,0,0,0,0,0,0,0,1,0,0,
16120000,タイニー（関東）,16120000,1,0,0,ANIMAL_125,8,0,350,BLOW,0,1,1,100,41,41,0,0,0,0,0,0,0,0,30000,30095,30068,30007,30001,30023,30013,0,0,0,0,0,0,0,0,1,0,0,
16130000,タイニー（中部）,16130000,1,0,0,ANIMAL_128,8,0,350,BLOW,0,1,1,100,41,41,0,0,0,0,0,0,0,0,30000,30095,30071,30007,30001,30013,0,0,0,0,0,0,0,0,0,1,0,0,
16140000,タイニー（近畿）,16140000,1,0,0,ANIMAL_131,8,0,350,BLOW,0,1,1,100,41,41,0,0,0,0,0,0,0,0,30000,30095,30021,30007,30001,30013,0,0,0,0,0,0,0,0,0,1,0,0,
16150000,タイニー（中国?四国）,16150000,1,0,0,ANIMAL_134,8,0,350,BLOW,0,1,1,100,41,41,0,0,0,0,0,0,0,0,30000,30095,30007,30001,30013,30103,0,0,0,0,0,0,0,0,0,1,0,0,
16160000,タイニー（九州?沖縄）,16160000,1,0,0,ANIMAL_140,8,0,350,BLOW,0,1,1,100,41,41,0,0,0,0,0,0,0,0,30000,30013,30095,30001,30007,30025,0,0,0,0,0,0,0,0,0,1,0,0,
16170000,７ｔｈアニバタイニー,16170000,1,0,0,ANIMAL_147,8,0,350,STAB,1,3,1,100,41,41,0,0,0,0,0,0,0,0,30024,30000,30001,30007,30026,0,0,0,0,0,0,0,0,0,0,1,0,0,
16170001,１０ｔｈアニバタイニー,16170001,1,0,0,ANIMAL_267,8,0,350,STAB,1,3,1,100,41,41,0,0,0,0,0,0,0,0,30024,30000,30001,30007,30026,0,0,0,0,0,0,0,0,0,0,1,0,20,
16180000,シーホース?アルマ,16180000,1,0,0,HUMAN_121,13,0,430,STAB,1,2,1,100,41,41,0,0,0,0,0,0,0,0,30110,30112,30018,30111,0,0,0,0,0,0,0,0,0,0,0,1,0,20,
16200000,ペペン?アルマ,16200000,1,0,0,HUMAN_122,13,0,500,BLOW,0,1,1,100,41,41,6501,6503,6550,0,0,0,0,0,30000,30011,30069,30113,30114,30115,30119,0,0,0,0,0,0,0,0,1,0,20,
16220000,精霊?オリオン,16220000,1,0,0,MAGIC_CREATURE_132,7,1,400,BLOW,0,1,1,100,40,40,0,0,0,0,0,0,0,0,30133,30134,30135,30136,30137,30138,30139,30140,0,0,0,0,0,0,0,1,0,20,
16230000,サラマンダー?アルマ,16230000,1,0,0,HUMAN_126,13,0,500,BLOW,1,2,1,100,41,41,0,0,0,0,0,0,0,0,30120,30121,30122,30123,30124,0,0,0,0,0,0,0,0,0,0,1,0,20,
16290000,ミニー?ドゥ?アルマ,16290000,0.98,0,0,HUMAN_129,13,0,400,BLOW,1,2,1,100,41,41,0,0,0,0,0,0,0,0,30006,30013,30000,30027,30031,30070,0,0,0,0,0,0,0,0,0,1,0,20,
16340000,白い使い魔?アルマ,16340000,1,0,0,HUMAN_133,13,0,450,BLOW,0,1,1,100,41,41,0,0,0,0,0,0,0,0,30006,30013,30123,30103,30070,30130,30131,30132,0,0,0,0,0,0,0,1,0,20,
16360000,オートメディック?アルマ,16360000,1,0,0,HUMAN_135,13,0,475,STAB,0,1,1,100,41,41,0,0,0,0,0,0,0,0,30006,30013,30141,30142,30143,30144,0,0,0,0,0,0,0,0,0,1,0,20,
16370000,デス?アルマ,16370000,1,0,0,HUMAN_137,13,0,500,SLASH,0,1,1,100,41,41,0,0,0,0,0,0,0,0,30017,30044,30089,30145,30146,30147,0,0,0,0,0,0,0,0,0,1,0,20,
16400000,ネコマタハート（フリル）,16400000,1,0,0,HUMAN_136,12,0,450,BLOW,0,1,1,100,41,41,0,0,0,0,0,0,0,0,30095,30068,30013,30050,30150,30151,0,0,0,0,0,0,0,0,0,1,0,20,
16420000,アルカード?ロア,16420000,1,0,0,HUMAN_148,16,0,440,BLOW,0,1,1,100,41,41,0,0,0,0,0,0,0,0,30083,30091,30153,30154,30155,30156,0,0,0,0,0,0,0,0,0,1,0,20,
16440000,エンジェルフェザー?アルマ,16440000,1,0,0,HUMAN_149,13,0,440,BLOW,0,1,1,100,41,41,0,0,0,0,0,0,0,0,30070,30068,30014,30157,30158,30159,0,0,0,0,0,0,0,0,0,1,0,20,
16450000,タイニー?アルマ,16450000,1,0,0,HUMAN_145,13,0,350,BLOW,0,1,1,100,41,41,0,0,0,0,0,0,0,0,30000,30013,30095,30001,30007,30038,0,0,0,0,0,0,0,0,0,1,0,20,
16460000,ダンプティー?アルマ,16460000,1,0,0,HUMAN_146,13,0,350,BLOW,0,1,1,100,41,41,0,0,0,0,0,0,0,0,30000,30013,30095,30001,30007,30104,0,0,0,0,0,0,0,0,0,1,0,20,
16470000,清姫?ロア,16470000,0.98,0,0,HUMAN_150,16,0,500,BLOW,0,1,1,100,41,41,0,0,0,0,0,0,0,0,30160,30161,30162,30000,0,0,0,0,0,0,0,0,0,0,0,1,0,20,
16480000,モーモー?アルマ,16480000,1,0,0,HUMAN_151,13,0,500,STAB,0,1,1,100,41,41,0,0,0,0,0,0,0,0,30023,30020,30003,30021,30000,30034,0,0,0,0,0,0,0,0,0,1,0,20,
16500000,まきばのポニー,16490000,1,0,0,ANIMAL_152,7,0,450,BLOW,0,1,1,100,41,41,0,0,0,0,0,0,0,0,30071,30023,30001,30007,0,0,0,0,0,0,0,0,0,0,0,1,0,20,
16550000,ル?フェイ?ロア,16550000,1,0,0,HUMAN_153,16,0,500,BLOW,1,3,1,100,41,41,0,0,0,0,0,0,0,0,30163,30164,30165,30068,30166,0,0,0,0,0,0,0,0,0,0,1,0,20,
16560000,ネクロアーマー?アルマ,16560000,1,0,0,HUMAN_154,13,0,500,SLASH,0,1,1,100,41,41,0,0,0,0,0,0,0,0,30167,30168,30169,30105,30017,30019,0,0,0,0,0,0,0,0,0,1,0,20,
16580000,紙芝居屋アイリス,16580000,1,0,0,HUMAN_192,16,0,450,BLOW,0,1,1,100,41,41,0,0,0,0,0,0,0,0,30255,30256,30021,30022,30052,0,0,0,0,0,0,0,0,0,0,1,0,0,
16580001,アイリス?ロア,16580001,1,0,0,HUMAN_192,16,0,450,BLOW,0,1,1,100,41,41,0,0,0,0,0,0,0,0,30255,30256,30021,30022,30052,0,0,0,0,0,0,0,0,0,0,1,0,0,
16580002,イリス?ロア,16580002,1,0,0,HUMAN_192,16,0,450,BLOW,0,1,1,100,41,41,0,0,0,0,0,0,0,0,30255,30256,30021,30022,30052,0,0,0,0,0,0,0,0,0,0,1,0,0,
16590000,バステト?ロア,16590000,1,0,0,HUMAN_159,16,0,480,BLOW,0,1,1,100,41,41,0,0,0,0,0,0,0,0,30028,30050,30175,30171,30172,0,0,0,0,0,0,0,0,0,0,1,0,20,
16599900,バステト?ロア（お試し）,16590000,1,0,0,HUMAN_NOPITEM_159,16,0,480,BLOW,0,1,1,100,41,41,0,0,0,0,0,0,0,0,30028,30050,30175,30171,30172,0,0,0,0,0,0,0,0,0,0,0,0,0,
16610000,アンブレラ?アルマ,16610000,1,0,0,HUMAN_161,13,0,500,BLOW,0,1,1,100,41,41,0,0,0,0,0,0,0,0,30000,30170,30018,30064,30173,30174,0,0,0,0,0,0,0,0,0,1,0,20,
16630000,傀儡のスフィンクス,16600000,1,0,0,MAGIC_CREATURE_160,7,0,450,BLOW,0,1,1,100,41,41,0,0,0,0,0,0,0,0,30018,30071,30000,30001,0,0,0,0,0,0,0,0,0,0,0,1,0,20,
16650000,キャプテンキッド?ロア,16650000,1,0,0,HUMAN_162,16,0,500,STAB,1,3,1,100,41,41,0,0,0,0,0,0,0,0,30176,30177,30178,30179,30001,0,0,0,0,0,0,0,0,0,0,1,0,20,
16670000,ココッコー?アルマ,16670000,1,0,0,HUMAN_163,13,0,475,BLOW,0,1,1,100,41,41,0,0,0,0,0,0,0,0,30180,30181,30182,30183,30004,0,0,0,0,0,0,0,0,0,0,1,0,20,
16690000,ホノりん,16690000,1,0,0,ELEMENT_164,7,0,450,BLOW,0,1,1,100,41,41,0,0,0,0,0,0,0,0,30000,30141,30120,0,0,0,0,0,0,0,0,0,0,0,0,1,0,0,
16700000,アワりん,16700000,1,0,0,ELEMENT_165,7,0,450,BLOW,0,1,1,100,41,41,0,0,0,0,0,0,0,0,30000,30007,30184,0,0,0,0,0,0,0,0,0,0,0,0,1,0,0,
16710000,モリりん,16710000,1,0,0,ELEMENT_166,7,0,450,BLOW,0,1,1,100,41,41,0,0,0,0,0,0,0,0,30000,30032,30107,0,0,0,0,0,0,0,0,0,0,0,0,1,0,0,
16720000,ヒカりん,16720000,1,0,0,ELEMENT_167,7,0,450,BLOW,0,1,1,100,41,41,0,0,0,0,0,0,0,0,30000,30185,30068,0,0,0,0,0,0,0,0,0,0,0,0,1,0,0,
16730000,ワルりん,16730000,1,0,0,ELEMENT_168,7,0,450,BLOW,0,1,1,100,41,41,0,0,0,0,0,0,0,0,30000,30092,30033,0,0,0,0,0,0,0,0,0,0,0,0,1,0,0,
16740000,スーパーアイドル?デイジー,16740000,1.01,0,0,HUMAN_174,3,0,450,BLOW,0,1,1,100,41,41,0,0,0,0,0,0,0,0,30195,30196,30197,30198,30000,30013,0,0,0,0,0,0,0,0,0,1,0,20,
16750000,トップアイドル?リリー,16750000,1.07,0,0,HUMAN_175,3,0,450,BLOW,0,1,1,100,41,41,0,0,0,0,0,0,0,0,30195,30196,30197,30198,30000,30013,0,0,0,0,0,0,0,0,0,1,0,20,
16810000,スフィンクス,16810000,1,0,0,ANIMAL_180,7,0,500,BLOW,0,1,1,100,41,41,0,0,0,0,0,0,0,0,30001,30018,30076,30000,0,0,0,0,0,0,0,0,0,0,0,1,0,0,
16810200,ワイズ?スフィンクス,16810200,1,0,0,ANIMAL_181,7,0,500,BLOW,0,1,1,100,41,41,0,0,0,0,0,0,0,0,30001,30018,30076,30000,30143,30031,30022,0,0,0,0,0,0,0,0,1,0,0,
17980000,スファル?スフィンクス,17980000,1,0,0,ANIMAL_251,7,0,500,BLOW,0,1,1,100,41,41,0,0,0,0,0,0,0,0,30483,30484,30485,30486,30487,0,0,0,0,0,0,0,0,0,0,1,0,0,
16860000,玉藻?ロア,16860000,0.99,0,0,HUMAN_169,16,0,450,BLOW,0,1,1,100,41,41,0,0,0,0,0,0,0,0,30191,30192,30193,30194,30068,0,0,0,0,0,0,0,0,0,0,1,0,20,
16880000,タランチュラ?アルマ,16880000,1,0,0,HUMAN_171,13,0,450,STAB,1,2,1,100,41,41,0,0,0,0,0,0,0,0,30186,30187,30188,30189,30190,0,0,0,0,0,0,0,0,0,0,1,0,20,
16900000,白面金毛九尾ノ狐,16870000,0.8,0,0,ANIMAL_170,7,0,450,BLOW,0,1,1,100,41,41,0,0,0,0,0,0,0,0,30076,30018,30078,30102,30071,0,0,0,0,0,0,0,0,0,0,1,0,20,
16910000,ドモヴォイ,16910000,1,0,0,ANIMAL_182,7,0,450,BLOW,0,1,1,100,41,41,0,0,0,0,0,0,0,0,30013,30112,30185,30004,30095,0,0,0,0,0,0,0,0,0,0,1,0,0,
16920000,ローレライ?ロア,16920000,1,0,0,HUMAN_172,16,0,450,BLOW,0,1,1,100,41,41,0,0,0,0,0,0,0,0,30000,30199,30200,30201,30202,0,0,0,0,0,0,0,0,0,0,1,0,20,
16929900,ローレライ?ロア（お試し）,16920000,1,0,0,HUMAN_NOPITEM_172,16,0,450,BLOW,0,1,1,100,41,41,0,0,0,0,0,0,0,0,30000,30199,30200,30201,30202,0,0,0,0,0,0,0,0,0,0,0,0,0,
16940000,ベア?アルマ,16940000,0.95,0,0,HUMAN_173,13,0,450,BLOW,0,1,1,100,41,41,0,0,0,0,0,0,0,0,30105,30203,30204,30205,30206,0,0,0,0,0,0,0,0,0,0,1,0,20,
16960000,にしこくん,16960000,0.55,0,0,ELEMENT_178,7,0,450,BLOW,0,1,1,100,41,41,0,0,0,0,0,0,0,0,30216,30217,30218,30219,30220,0,0,0,0,0,0,0,0,0,0,1,0,0,
16970000,小鳥遊慧のＭＩＮＤ,16970000,1,0,0,ELEMENT_179,7,0,450,BLOW,0,1,1,100,41,41,0,0,0,0,0,0,0,0,30008,30009,30041,30019,30006,30207,0,0,0,0,0,0,0,0,0,1,0,0,
16980000,パラケルスス?ロア,16980000,1,0,0,HUMAN_176,16,0,450,SLASH,0,1,1,100,41,41,0,0,0,0,0,0,0,0,30000,30015,30213,30214,30215,0,0,0,0,0,0,0,0,0,0,1,0,20,
16990000,フライフィッシュ?アルマ,16990000,1,0,0,HUMAN_177,13,0,450,BLOW,0,1,1,100,41,41,0,0,0,0,0,0,0,0,30013,30014,30208,30209,30210,30211,30212,0,0,0,0,0,0,0,0,1,0,20,
17000000,ワーウルフ?ロア,17000000,1,0,0,HUMAN_183,16,0,500,SLASH,0,1,1,100,41,41,0,0,0,0,0,0,0,0,30221,30222,30223,30224,0,0,0,0,0,0,0,0,0,0,0,1,0,20,
17010000,テンタクル?アルマ,17010000,1,0,0,HUMAN_184,13,0,450,STAB,0,1,1,100,41,41,0,0,0,0,0,0,0,0,30225,30226,30227,30228,30229,0,0,0,0,0,0,0,0,0,0,1,0,20,
17040000,メフィストフェレス?ロア,17040000,1,0,0,HUMAN_185,16,0,440,BLOW,0,1,1,100,41,41,0,0,0,0,0,0,0,0,30230,30231,30232,0,0,0,0,0,0,0,0,0,0,0,0,1,0,20,
17060000,マミー?アルマ,17060000,1,0,0,HUMAN_186,13,0,450,BLOW,0,1,1,100,41,41,0,0,0,0,0,0,0,0,30233,30234,30235,30236,30237,0,0,0,0,0,0,0,0,0,0,1,0,20,
17090000,ルチフェロ?ロア,17090000,1,0,0,HUMAN_187,16,0,450,SLASH,0,1,1,100,41,41,0,0,0,0,0,0,0,0,30238,30239,30240,30001,30092,0,0,0,0,0,0,0,0,0,0,1,0,20,
17110000,ドラッキー?アルマ,17110000,1.07,0,0,HUMAN_188,13,0,500,SLASH,0,1,1,100,41,41,0,0,0,0,0,0,0,0,30241,30242,30243,30016,30106,0,0,0,0,0,0,0,0,0,0,1,0,20,
17180000,ステラ?ロア,17180000,1,0,0,HUMAN_190,16,0,470,BLOW,0,1,1,100,41,41,0,0,0,0,0,0,0,0,30244,30245,30246,30247,30248,30249,0,0,0,0,0,0,0,0,0,1,0,20,
17190000,ブーフ?アルマ,17190000,1,0,0,HUMAN_191,13,0,450,BLOW,0,1,1,100,41,41,0,0,0,0,0,0,0,0,30250,30251,30252,30253,30254,0,0,0,0,0,0,0,0,0,0,1,0,20,
17210000,カナデのメモリーハート,17210000,1,0,0,HUMAN_262,15,0,450,BLOW,0,1,1,100,41,41,0,0,0,0,0,0,0,0,30006,30037,30025,30064,30013,30004,0,0,0,0,0,0,0,0,0,1,0,20,
17220000,ダークフェザー（BABY）,17220000,1,0,0,HUMAN_189,13,0,475,BLOW,0,1,1,100,41,41,0,0,0,0,0,0,0,0,30090,30021,30091,30027,30092,30013,30002,30089,0,0,0,0,0,0,0,1,0,20,
17240000,北国の吸血姫アルカード,17240000,1,0,0,HUMAN_194,16,0,440,BLOW,0,1,1,100,40,40,0,0,0,0,0,0,0,0,30262,30263,30264,30265,30033,0,0,0,0,0,0,0,0,0,0,1,0,20,
17260000,御魂?ミコト,17260000,1,0,0,HUMAN_193,17,0,450,SLASH,0,1,1,100,41,41,0,0,0,0,0,0,0,0,30257,30258,30259,30260,30261,30004,0,0,0,0,0,0,0,0,0,1,0,20,
17270000,いっしょにこもたん,17270000,1,0,0,ANIMAL_195,7,0,450,BLOW,0,1,1,100,41,41,0,0,0,0,0,0,0,0,30266,30267,30268,30269,30270,0,0,0,0,0,0,0,0,0,0,1,0,20,
17270001,いっしょにこもたん（縞）,17270001,1,0,0,ANIMAL_195,7,0,450,BLOW,0,1,1,100,41,41,0,0,0,0,0,0,0,0,30266,30267,30268,30269,30270,0,0,0,0,0,0,0,0,0,0,1,0,20,
17290000,御魂?メイ,17290000,1,0,0,HUMAN_196,17,0,450,BLOW,0,1,1,100,41,41,0,0,0,0,0,0,0,0,30271,30272,30273,30000,30075,0,0,0,0,0,0,0,0,0,0,1,0,20,
17300000,フォックスブラザーズ,17300000,1,0,0,ANIMAL_197,7,0,450,BLOW,0,1,1,100,41,41,0,0,0,0,0,0,0,0,30076,30015,30075,30102,30010,0,0,0,0,0,0,0,0,0,0,1,0,20,
17310000,燐火の女学生?清姫,17310000,1,0,0,HUMAN_198,16,0,500,BLOW,0,1,1,100,40,40,0,0,0,0,0,0,0,0,30274,30275,30276,30277,30168,0,0,0,0,0,0,0,0,0,0,1,0,20,
17330000,御魂?ライ,17330000,1,0,0,HUMAN_199,17,0,450,STAB,0,1,1,100,41,41,0,0,0,0,0,0,0,0,30278,30279,30280,30281,0,0,0,0,0,0,0,0,0,0,0,1,0,20,
17350000,伝承の吟遊詩人?ル?フェイ,17350000,1,0,0,HUMAN_200,16,0,450,BLOW,1,3,1,100,40,40,0,0,0,0,0,0,0,0,30282,30283,30284,30285,0,0,0,0,0,0,0,0,0,0,0,1,0,20,
17360000,御魂?キリエ,17360000,1,0,0,HUMAN_201,17,0,450,SLASH,0,1,1,100,41,41,0,0,0,0,0,0,0,0,30286,30287,30288,30289,0,0,0,0,0,0,0,0,0,0,0,1,0,20,
17380000,子猫少女?バステト,17380000,1,0,0,HUMAN_202,16,0,450,BLOW,0,1,1,100,40,40,0,0,0,0,0,0,0,0,30290,30291,30292,30293,0,0,0,0,0,0,0,0,0,0,0,1,0,20,
17400000,御魂?セレス,17400000,1,0,0,HUMAN_203,17,0,450,SLASH,0,1,1,100,41,41,0,0,0,0,0,0,0,0,30294,30295,30296,30297,0,0,0,0,0,0,0,0,0,0,0,1,0,20,
17410000,大空賊?キャプテンキッド,17410000,1,0,0,HUMAN_204,16,0,450,STAB,1,5,1,100,40,40,0,0,0,0,0,0,0,0,30298,30299,30300,30301,0,0,0,0,0,0,0,0,0,0,0,1,0,20,
17470000,御魂?ルリ,17470000,1,0,0,HUMAN_207,17,0,450,SLASH,0,1,1,100,41,41,0,0,0,0,0,0,0,0,30302,30303,30304,30305,30306,0,0,0,0,0,0,0,0,0,0,1,0,20,
17480000,黒衣の天使?玉藻,17480000,1,0,0,HUMAN_208,16,0,450,BLOW,0,1,1,100,40,40,0,0,0,0,0,0,0,0,30307,30308,30309,30310,0,0,0,0,0,0,0,0,0,0,0,1,0,20,
17530000,ヘビメタイニー?アルマ,17530000,1,0,0,HUMAN_217,13,0,350,BLOW,0,1,1,100,41,41,0,0,0,0,0,0,0,0,30350,30351,30352,30353,30028,30196,0,0,0,0,0,0,0,0,0,1,0,20,
20410000,ジェントルタイニー,20410000,1,0,0,ANIMAL_34,8,0,350,BLOW,0,1,1,100,41,41,0,0,0,0,0,0,0,0,30000,30095,30068,30007,30001,0,0,0,0,0,0,0,0,0,0,1,0,20,
20410050,ノーブルタイニー,20410050,1,0,0,ANIMAL_79,8,0,350,BLOW,0,1,1,100,41,41,0,0,0,0,0,0,0,0,30000,30095,0,0,0,0,0,0,0,0,0,0,0,0,0,1,0,20,
20430000,探偵タイニー,20430000,1,0,0,ANIMAL_41,8,0,350,BLOW,0,1,1,100,41,41,0,0,0,0,0,0,0,0,30000,30095,0,0,0,0,0,0,0,0,0,0,0,0,0,1,0,20,
20450000,ケット?シー,20450000,1,0,0,ANIMAL_70,7,0,350,BLOW,0,1,1,100,41,41,0,0,0,0,0,0,0,0,0,0,0,0,0,0,0,0,0,0,0,0,0,0,0,1,0,20,
20460000,黒猫,20460000,1,0,0,ANIMAL_71,7,0,350,BLOW,0,1,1,100,41,41,0,0,0,0,0,0,0,0,0,0,0,0,0,0,0,0,0,0,0,0,0,0,0,1,0,0,
19010019,おてつだいミルフィ,19010019,1,0,0,HUMAN_33,3,0,350,STAB,0,1,1,100,41,41,0,0,0,0,0,0,0,0,30004,30072,30073,0,0,0,0,0,0,0,0,0,0,0,0,1,0,20,
19010075,エミルの狩人ハート,19010075,1,13,0,HUMAN_81,12,0,450,STAB,1,5,1,100,41,41,0,0,0,0,0,0,0,0,30059,30057,30058,30013,30036,0,0,0,0,0,0,0,0,0,0,1,0,20,
19010076,ルルイエのあまえんぼハート,19010076,0.8,0,0,HUMAN_84,12,0,450,STAB,0,1,1,100,41,41,0,0,0,0,0,0,0,0,30069,30013,30006,30014,0,0,0,0,0,0,0,0,0,0,0,1,0,20,
19010077,マーシャのくのいちハート,19010077,1,7,0,HUMAN_86,12,0,450,SLASH,0,1,1,100,41,41,0,0,0,0,0,0,0,0,30046,30021,30060,30009,30032,30030,30036,0,0,0,0,0,0,0,0,1,0,20,
19010078,タイタスのなごやかハート,19010078,1,5,0,HUMAN_88,12,0,450,SLASH,0,1,1,100,41,41,0,0,0,0,0,0,0,0,30070,30023,30000,30001,30007,30018,0,0,0,0,0,0,0,0,0,1,0,20,
19010079,ティタの冒険ハート,19010079,1,4,0,HUMAN_90,12,0,450,SLASH,0,1,1,100,41,41,0,0,0,0,0,0,0,0,30038,30080,30016,30095,30000,30001,0,0,0,0,0,0,0,0,0,1,0,20,
19010080,ベリアルの守護ハート,19010080,1.1,3,0,HUMAN_94,12,0,450,SLASH,0,1,1,100,41,41,0,0,0,0,0,0,0,0,30041,30079,30034,30080,30081,30000,30007,0,0,0,0,0,0,0,0,1,0,20,
19010081,ルクスのエスコートハート,19010081,1,3,0,HUMAN_97,12,0,450,SLASH,0,1,1,100,41,41,0,0,0,0,0,0,0,0,30082,30080,30021,30039,30061,30062,30019,0,0,0,0,0,0,0,0,1,0,20,
19010085,みんなのアシスタント,19010085,0.77,0,0,HUMAN_99,3,0,450,BLOW,0,1,1,100,41,41,0,0,0,0,0,0,0,0,30000,30004,30032,30003,0,0,0,0,0,0,0,0,0,0,0,1,0,20,
19010086,リリのワルキューレハート,19010086,1,10,0,HUMAN_100,12,0,450,STAB,1,2,1,100,41,41,0,0,0,0,0,0,0,0,30053,30083,30084,30061,30062,30000,30019,0,0,0,0,0,0,0,0,1,0,20,
19010087,ルルイエの魔女っ子ハート,19010087,0.85,20,0,HUMAN_104,12,0,450,BLOW,0,1,1,100,41,41,0,0,0,0,0,0,0,0,30085,30086,30075,30000,30087,30088,0,0,0,0,0,0,0,0,0,1,0,20,
19010088,ティタのお姫さまハート,19010088,0.85,152,0,HUMAN_106,12,0,450,BLOW,0,1,1,100,41,41,0,0,0,0,0,0,0,0,30028,30025,30000,30013,30005,30007,30004,0,0,0,0,0,0,0,0,1,0,20,
19010089,マーシャのマーチングハート,19010089,0.85,153,0,HUMAN_112,12,0,450,SLASH,0,1,1,100,41,41,0,0,0,0,0,0,0,0,30000,30013,30033,30014,30027,30019,30004,0,0,0,0,0,0,0,0,1,0,20,
19010090,ムツキのシャーマンハート,19010090,1,16,0,HUMAN_80,15,0,450,BLOW,0,1,1,100,41,41,0,0,0,0,0,0,0,0,30013,30006,30014,30064,0,0,0,0,0,0,0,0,0,0,0,1,0,20,
19010092,キサラギの盗賊ハート,19010092,1,21,0,HUMAN_83,15,0,450,STAB,0,1,1,100,41,41,0,0,0,0,0,0,0,0,30022,30052,30044,30023,30029,30011,0,0,0,0,0,0,0,0,0,1,0,20,
19010094,ヤヨイのカンフーハート,19010094,0.95,161,0,HUMAN_85,15,0,450,BLOW,0,1,1,100,41,41,0,0,0,0,0,0,0,0,30041,30023,30003,30029,30030,30000,0,0,0,0,0,0,0,0,0,1,0,20,
19010096,ウヅキのチルドレンハート,19010096,1.04,3,0,HUMAN_87,15,0,475,BLOW,0,1,1,100,41,41,0,0,0,0,0,0,0,0,30079,30038,30016,30029,30030,30004,0,0,0,0,0,0,0,0,0,1,0,20,
19010099,サツキのフェアリーハート,19010099,0.9,27,0,HUMAN_89,15,0,475,BLOW,0,1,1,100,41,41,0,0,0,0,0,0,0,0,30022,30075,30069,30076,30036,30004,0,0,0,0,0,0,0,0,0,1,0,20,
19010101,ミナヅキのエレガントハート ,19010101,0.98,165,0,HUMAN_91,15,0,475,STAB,0,1,1,100,41,41,0,0,0,0,0,0,0,0,30033,30005,30006,30000,30007,30004,0,0,0,0,0,0,0,0,0,1,0,20,
19010103,フミツキのぷりてぃハート,19010103,0.85,11,0,HUMAN_95,15,0,475,BLOW,0,1,1,100,41,41,0,0,0,0,0,0,0,0,30038,30046,30023,30069,30019,30004,0,0,0,0,0,0,0,0,0,1,0,20,
19010105,ハヅキのサイバーハート,19010105,0.79,168,0,HUMAN_96,15,0,475,STAB,1,2,1,100,41,41,0,0,0,0,0,0,0,0,30026,30024,30062,30009,30019,0,0,0,0,0,0,0,0,0,0,1,0,20,
19010107,ちなつの追跡ハート,19010107,1,61,0,HUMAN_127,3,0,450,BLOW,0,1,1,100,41,41,0,0,0,0,0,0,0,0,30072,30020,30046,30038,0,0,0,0,0,0,0,0,0,0,0,1,0,20,
19010108,キクヅキの守護魔ハート,19010108,0.86,170,0,HUMAN_98,15,0,475,STAB,0,1,1,100,41,41,0,0,0,0,0,0,0,0,30047,30051,30077,30000,30004,0,0,0,0,0,0,0,0,0,0,1,0,20,
19010109,ナガツキの守護神ハート,19010109,1.1,171,0,HUMAN_130,15,0,450,BLOW,0,1,1,100,41,41,0,0,0,0,0,0,0,0,30004,30056,30040,30077,30003,30023,30034,30000,0,0,0,0,0,0,0,1,0,20,
19010110,カミアのエクソシストハート,19010110,0.88,0,0,HUMAN_102,15,0,475,BLOW,0,1,1,100,41,41,0,0,0,0,0,0,0,0,30070,30044,30052,30027,30000,30033,30068,30004,0,0,0,0,0,0,0,1,0,20,
19010111,カンナのエクソシストハート,19010111,0.88,0,0,HUMAN_102,15,0,475,BLOW,0,1,1,100,41,41,0,0,0,0,0,0,0,0,30070,30044,30052,30027,30000,30033,30068,30004,0,0,0,0,0,0,0,1,0,20,
19010112,シモツキのフェイブルハート,19010112,0.82,174,0,HUMAN_105,15,0,475,BLOW,0,1,1,100,41,41,0,0,0,0,0,0,0,0,30065,30038,30063,30078,30000,30004,0,0,0,0,0,0,0,0,0,1,0,20,
19010114,ロウゲツのフェンサーハート,19010114,1,181,0,HUMAN_111,15,0,475,STAB,0,1,1,100,41,41,0,0,0,0,0,0,0,0,30041,30079,30044,30052,30033,30004,0,0,0,0,0,0,0,0,0,1,0,20,
19010131,イータ,19010131,0.98,187,0,HUMAN_155,3,0,475,STAB,1,5,1,100,41,41,0,0,0,0,0,0,0,0,30036,30002,30004,30008,30059,30057,30058,0,0,0,0,0,0,0,0,1,0,0,
19010132,ランスィ,19010132,1.08,188,0,HUMAN_156,3,0,475,SLASH,0,1,1,100,41,41,0,0,0,0,0,0,0,0,30009,30054,30036,30003,30116,30170,0,0,0,0,0,0,0,0,0,1,0,0,
19010133,ユーク,19010133,1.04,189,0,HUMAN_157,3,0,475,SLASH,0,1,1,100,41,41,0,0,0,0,0,0,0,0,30001,30002,30003,30016,30017,30008,30041,0,0,0,0,0,0,0,0,1,0,0,
19010134,ノール,19010134,0.92,190,0,HUMAN_158,3,0,475,BLOW,0,1,1,100,41,41,0,0,0,0,0,0,0,0,30027,30011,30123,30018,30055,30069,0,0,0,0,0,0,0,0,0,1,0,0,
19010000,シツジ2（タイ）,19010020,1,0,0,HUMAN_11,3,0,500,BLOW,0,1,1,100,41,41,0,0,0,0,0,0,0,0,0,0,0,0,0,0,0,0,0,0,0,0,0,0,0,0,0,0,
19010001,シツジ3（タイ）,19010021,1,0,0,HUMAN_11,3,0,500,BLOW,0,1,1,100,41,41,0,0,0,0,0,0,0,0,0,0,0,0,0,0,0,0,0,0,0,0,0,0,0,0,0,0,
19010002,シツジ（タイ）,19010000,1,0,0,HUMAN_11,3,0,500,BLOW,0,1,1,100,41,41,0,0,0,0,0,0,0,0,0,0,0,0,0,0,0,0,0,0,0,0,0,0,0,0,0,0,
19000001,メイド3（タイ）,19000002,1,0,0,HUMAN_9,3,0,500,BLOW,0,1,1,100,41,41,0,0,0,0,0,0,0,0,0,0,0,0,0,0,0,0,0,0,0,0,0,0,0,0,0,0,
19000002,メイド（タイ）,19000000,1,0,0,HUMAN_9,3,0,500,BLOW,0,1,1,100,41,41,0,0,0,0,0,0,0,0,0,0,0,0,0,0,0,0,0,0,0,0,0,0,0,0,0,0,
19020000,Samba,19020000,1,0,0,ANIMAL_42,1,0,350,STAB,0,1,1,100,41,41,0,0,0,0,0,0,0,0,0,0,0,0,0,0,0,0,0,0,0,0,0,0,0,0,0,0,
19020001,SomSom,19020001,1,0,0,ANIMAL_43,1,0,350,STAB,0,1,1,100,41,41,0,0,0,0,0,0,0,0,0,0,0,0,0,0,0,0,0,0,0,0,0,0,0,0,0,0,
#ライドパートナー,,,,,,,,,,,,,,,,,,,,,,,,,,,,,,,,,,,,,,,,,,,
10750000,ライドクローラー（緑）,10750000,1,0,0,INSECT_RIDE_5,18,0,210,BLOW,0,1,0,0,41,41,0,0,0,0,0,0,0,0,0,0,0,0,0,0,0,0,0,0,0,0,0,0,0,0,0,0,
10750100,ライドクローラー（赤）,10750100,1,0,0,INSECT_RIDE_5,18,0,210,BLOW,0,1,0,0,41,41,0,0,0,0,0,0,0,0,0,0,0,0,0,0,0,0,0,0,0,0,0,0,0,0,0,0,
10750200,ライドクローラー（紫）,10750200,1,0,0,INSECT_RIDE_5,18,0,210,BLOW,0,1,0,0,41,41,0,0,0,0,0,0,0,0,0,0,0,0,0,0,0,0,0,0,0,0,0,0,0,0,0,0,
10750400,ライドクローラー（青）,10750400,1,0,0,INSECT_RIDE_5,18,0,210,BLOW,0,1,0,0,41,41,0,0,0,0,0,0,0,0,0,0,0,0,0,0,0,0,0,0,0,0,0,0,0,0,0,0,
10750800,ライドクローラー（黄）,10750800,1,0,0,INSECT_RIDE_5,18,0,210,BLOW,0,1,0,0,41,41,0,0,0,0,0,0,0,0,0,0,0,0,0,0,0,0,0,0,0,0,0,0,0,0,0,0,
10756000,ライドクローラー（岩）,10756000,1,0,0,INSECT_RIDE_5,18,0,210,BLOW,0,1,0,0,41,41,0,0,0,0,0,0,0,0,0,0,0,0,0,0,0,0,0,0,0,0,0,0,0,0,0,0,
10751200,ライドクローラー（毛）,10751200,1,0,0,INSECT_RIDE_5,18,0,210,BLOW,0,1,0,0,41,41,0,0,0,0,0,0,0,0,0,0,0,0,0,0,0,0,0,0,0,0,0,0,0,0,0,0,
10753000,ライドクローラー（白）,10753000,1,0,0,INSECT_RIDE_5,18,0,210,BLOW,0,1,0,0,41,41,0,0,0,0,0,0,0,0,0,0,0,0,0,0,0,0,0,0,0,0,0,0,0,0,0,0,
10760100,ファイアードラゴ,10760100,1,0,0,ANIMAL_RIDE_4,18,0,450,SLASH,0,1,0,0,41,41,0,0,0,0,0,0,0,0,0,0,0,0,0,0,0,0,0,0,0,0,0,0,0,0,0,0,
10760200,スーパードラゴ?パープル,10760200,1,0,0,ANIMAL_RIDE_NOPITEM_4,18,0,350,SLASH,0,1,0,0,41,41,0,0,0,0,0,0,0,0,0,0,0,0,0,0,0,0,0,0,0,0,0,0,0,0,0,0,
10760300,ブルードラゴ,10760300,1,0,0,ANIMAL_RIDE_4,18,0,430,SLASH,0,1,0,0,41,41,0,0,0,0,0,0,0,0,0,0,0,0,0,0,0,0,0,0,0,0,0,0,0,0,0,0,
10760600,スーパードラゴ?グリーン,10760600,1,0,0,ANIMAL_RIDE_NOPITEM_4,18,0,480,SLASH,0,1,0,0,41,41,0,0,0,0,0,0,0,0,0,0,0,0,0,0,0,0,0,0,0,0,0,0,0,0,0,0,
10760700,スーパードラゴ?オレンジ,10760700,1,0,0,ANIMAL_RIDE_NOPITEM_4,18,0,290,SLASH,0,1,0,0,41,41,0,0,0,0,0,0,0,0,0,0,0,0,0,0,0,0,0,0,0,0,0,0,0,0,0,0,
10760900,ダークドラゴ,10760900,1,0,0,ANIMAL_RIDE_BREEDER_4,18,0,450,SLASH,0,1,0,0,41,41,0,0,0,0,0,0,0,0,0,0,0,0,0,0,0,0,0,0,0,0,0,0,0,0,0,0,
10761400,スーパードラゴ?ホワイト,10761400,1,0,0,ANIMAL_RIDE_NOPITEM_4,18,0,450,SLASH,0,1,0,0,41,41,0,0,0,0,0,0,0,0,0,0,0,0,0,0,0,0,0,0,0,0,0,0,0,0,0,0,
10761500,スーパードラゴ?ピンク,10761500,1,0,0,ANIMAL_RIDE_NOPITEM_4,18,0,400,SLASH,0,1,0,0,41,41,0,0,0,0,0,0,0,0,0,0,0,0,0,0,0,0,0,0,0,0,0,0,0,0,0,0,
10760102,エレキテル（仮,10760100,1,0,0,ANIMAL_RIDE_4,18,0,450,SLASH,0,1,0,0,41,41,0,0,0,0,0,0,0,0,0,0,0,0,0,0,0,0,0,0,0,0,0,0,0,0,0,0,
10890000,機関車タイニー,10890000,1,0,0,MACHINE_RIDE_4,18,0,450,STAB,0,1,0,0,41,41,0,0,0,0,0,0,0,0,0,0,0,0,0,0,0,0,0,0,0,0,0,0,0,0,0,0,
10890060,機関車ダンプティー,10890060,1,0,0,MACHINE_RIDE_4,18,0,450,STAB,0,1,0,0,41,41,0,0,0,0,0,0,0,0,0,0,0,0,0,0,0,0,0,0,0,0,0,0,0,0,0,0,
10900000,犬ぞり（クリスマス）,10900000,1,0,0,ANIMAL_RIDE_4,18,0,450,STAB,0,1,0,0,41,41,0,0,0,0,0,0,0,0,0,0,0,0,0,0,0,0,0,0,0,0,0,0,0,0,0,0,
10900001,二人乗りのそり,10900001,1,0,0,ANIMAL_RIDE_4,18,0,275,STAB,0,1,0,0,41,41,0,0,0,0,0,0,0,0,0,0,0,0,0,0,0,0,0,0,0,0,0,0,0,0,0,0,
14000000,空飛ぶじゅうたん,14000000,1,0,0,MAGIC_CREATURE_RIDE_4,18,0,450,STAB,0,1,0,0,41,41,0,0,0,0,0,0,0,0,0,0,0,0,0,0,0,0,0,0,0,0,0,0,0,0,0,0,
14000001,空飛ぶじゅうたん（桜）,14000001,1,0,0,MAGIC_CREATURE_RIDE_4,18,0,450,STAB,0,1,0,0,41,41,0,0,0,0,0,0,0,0,0,0,0,0,0,0,0,0,0,0,0,0,0,0,0,0,0,0,
14010000,人力車（金のインスマウス）,14010000,1,0,0,WATER_ANIMAL_RIDE_4,18,0,450,STAB,0,1,0,0,41,41,0,0,0,0,0,0,0,0,0,0,0,0,0,0,0,0,0,0,0,0,0,0,0,0,0,0,
14020000,空飛ぶコウモリ傘,14020000,1,0,0,MAGIC_CREATURE_RIDE_4,18,0,500,STAB,0,1,0,0,41,41,0,0,0,0,0,0,0,0,0,0,0,0,0,0,0,0,0,0,0,0,0,0,0,0,0,0,
14020001,空飛ぶコウモリ傘（ピンク）,14020001,1,0,0,MAGIC_CREATURE_RIDE_4,18,0,500,STAB,0,1,0,0,41,41,0,0,0,0,0,0,0,0,0,0,0,0,0,0,0,0,0,0,0,0,0,0,0,0,0,0,
14020002,空飛ぶコウモリ傘（赤）,14020002,1,0,0,MAGIC_CREATURE_RIDE_4,18,0,500,STAB,0,1,0,0,41,41,0,0,0,0,0,0,0,0,0,0,0,0,0,0,0,0,0,0,0,0,0,0,0,0,0,0,
14020003,たんぽぽの綿毛,14020003,1,0,0,MAGIC_CREATURE_RIDE_4,18,0,500,STAB,0,1,0,0,41,41,0,0,0,0,0,0,0,0,0,0,0,0,0,0,0,0,0,0,0,0,0,0,0,0,0,0,
14020004,空飛ぶコウモリ傘（白）,14020004,1,0,0,MAGIC_CREATURE_RIDE_4,18,0,500,STAB,0,1,0,0,41,41,0,0,0,0,0,0,0,0,0,0,0,0,0,0,0,0,0,0,0,0,0,0,0,0,0,0,
14040000,風船ブランコ,14040000,1,0,0,MAGIC_CREATURE_RIDE_4,18,0,450,STAB,0,1,0,0,41,41,0,0,0,0,0,0,0,0,0,0,0,0,0,0,0,0,0,0,0,0,0,0,0,0,0,0,
14050000,スリーピーカー,14050000,1,0,0,MACHINE_RIDE_4,18,0,450,STAB,0,1,0,0,41,41,0,0,0,0,0,0,0,0,0,0,0,0,0,0,0,0,0,0,0,0,0,0,0,0,0,0,
14070000,キラキラほうき星,14070000,1,0,0,MAGIC_CREATURE_RIDE_4,18,0,450,SLASH,0,1,0,0,41,41,0,0,0,0,0,0,0,0,0,0,0,0,0,0,0,0,0,0,0,0,0,0,0,0,0,0,
14070001,キラキラほうき星☆,14070001,1,0,0,MAGIC_CREATURE_RIDE_4,18,0,450,SLASH,0,1,0,0,41,41,0,0,0,0,0,0,0,0,0,0,0,0,0,0,0,0,0,0,0,0,0,0,0,0,0,0,
14080000,インス神輿,14080000,1,0,0,WATER_ANIMAL_RIDE_4,18,0,450,STAB,0,1,0,0,41,41,0,0,0,0,0,0,0,0,0,0,0,0,0,0,0,0,0,0,0,0,0,0,0,0,0,0,
14080001,インス神輿（金）,14080001,1,0,0,WATER_ANIMAL_RIDE_4,18,0,450,STAB,0,1,0,0,41,41,0,0,0,0,0,0,0,0,0,0,0,0,0,0,0,0,0,0,0,0,0,0,0,0,0,0,
14080002,インス神輿（黒）,14080002,1,0,0,WATER_ANIMAL_RIDE_4,18,0,450,STAB,0,1,0,0,41,41,0,0,0,0,0,0,0,0,0,0,0,0,0,0,0,0,0,0,0,0,0,0,0,0,0,0,
14080003,インス神輿（レインボー）,14080003,1,0,0,WATER_ANIMAL_RIDE_4,18,0,450,STAB,0,1,0,0,41,41,0,0,0,0,0,0,0,0,0,0,0,0,0,0,0,0,0,0,0,0,0,0,0,0,0,0,
14090000,インスライダー,14090000,1,0,0,WATER_ANIMAL_RIDE_4,18,0,450,STAB,0,1,0,0,41,41,0,0,0,0,0,0,0,0,0,0,0,0,0,0,0,0,0,0,0,0,0,0,0,0,0,0,
14090001,ゴールドライダー,14090001,1,0,0,WATER_ANIMAL_RIDE_4,18,0,450,STAB,0,1,0,0,41,41,0,0,0,0,0,0,0,0,0,0,0,0,0,0,0,0,0,0,0,0,0,0,0,0,0,0,
14090002,インスライダー（黒）,14090002,1,0,0,WATER_ANIMAL_RIDE_4,18,0,450,STAB,0,1,0,0,41,41,0,0,0,0,0,0,0,0,0,0,0,0,0,0,0,0,0,0,0,0,0,0,0,0,0,0,
14090003,インスライダー（クリスマス）,14090003,1,0,0,WATER_ANIMAL_RIDE_4,18,0,450,STAB,0,1,0,0,41,41,0,0,0,0,0,0,0,0,0,0,0,0,0,0,0,0,0,0,0,0,0,0,0,0,0,0,
14180000,ゴロ付スーツケース,14180000,1,0,0,MAGIC_CREATURE_RIDE_4,18,0,450,BLOW,0,1,0,0,41,41,0,0,0,0,0,0,0,0,0,0,0,0,0,0,0,0,0,0,0,0,0,0,0,0,0,0,
14190000,救急わんわん,14190000,1,0,0,MAGIC_CREATURE_RIDE_4,18,0,450,STAB,0,1,0,0,41,41,0,0,0,0,0,0,0,0,0,0,0,0,0,0,0,0,0,0,0,0,0,0,0,0,0,0,
14200000,ジニアの花馬車,14200000,1,0,0,MAGIC_CREATURE_RIDE_4,18,0,450,BLOW,0,1,0,0,41,41,0,0,0,0,0,0,0,0,0,0,0,0,0,0,0,0,0,0,0,0,0,0,0,0,0,0,
14210000,やさしい象,14210000,1,0,0,MAGIC_CREATURE_RIDE_4,18,0,450,BLOW,0,1,0,0,41,41,0,0,0,0,0,0,0,0,0,0,0,0,0,0,0,0,0,0,0,0,0,0,0,0,0,0,
14250000,サイドカーバイク,14250000,1,0,0,MACHINE_RIDE_4,18,0,450,STAB,0,1,0,0,41,41,0,0,0,0,0,0,0,0,0,0,0,0,0,0,0,0,0,0,0,0,0,0,0,0,0,0,
14255000,バイク（青）,14255000,1,0,0,MACHINE_RIDE_4,18,0,450,STAB,0,1,0,0,41,41,0,0,0,0,0,0,0,0,0,0,0,0,0,0,0,0,0,0,0,0,0,0,0,0,0,0,
14255100,バイク（赤）,14255100,1,0,0,MACHINE_RIDE_4,18,0,450,STAB,0,1,0,0,41,41,0,0,0,0,0,0,0,0,0,0,0,0,0,0,0,0,0,0,0,0,0,0,0,0,0,0,
14255200,バイク（黒）,14255200,1,0,0,MACHINE_RIDE_4,18,0,450,STAB,0,1,0,0,41,41,0,0,0,0,0,0,0,0,0,0,0,0,0,0,0,0,0,0,0,0,0,0,0,0,0,0,
14255300,バイク（白）,14255300,1,0,0,MACHINE_RIDE_4,18,0,450,STAB,0,1,0,0,41,41,0,0,0,0,0,0,0,0,0,0,0,0,0,0,0,0,0,0,0,0,0,0,0,0,0,0,
14255400,バイク（緑）,14255400,1,0,0,MACHINE_RIDE_4,18,0,450,STAB,0,1,0,0,41,41,0,0,0,0,0,0,0,0,0,0,0,0,0,0,0,0,0,0,0,0,0,0,0,0,0,0,
14255500,バイク（黄色）,14255500,1,0,0,MACHINE_RIDE_4,18,0,450,STAB,0,1,0,0,41,41,0,0,0,0,0,0,0,0,0,0,0,0,0,0,0,0,0,0,0,0,0,0,0,0,0,0,
14255600,バイク（ピンク）,14255600,1,0,0,MACHINE_RIDE_4,18,0,450,STAB,0,1,0,0,41,41,0,0,0,0,0,0,0,0,0,0,0,0,0,0,0,0,0,0,0,0,0,0,0,0,0,0,
14255700,バイク（オレンジ）,14255700,1,0,0,MACHINE_RIDE_4,18,0,450,STAB,0,1,0,0,41,41,0,0,0,0,0,0,0,0,0,0,0,0,0,0,0,0,0,0,0,0,0,0,0,0,0,0,
14256000,インペリアルバイク,14256000,1,0,0,MACHINE_RIDE_4,18,0,450,STAB,0,1,0,0,41,41,0,0,0,0,0,0,0,0,0,0,0,0,0,0,0,0,0,0,0,0,0,0,0,0,0,0,
14256001,インペリアルバイク（赤）,14256001,1,0,0,MACHINE_RIDE_4,18,0,500,STAB,0,1,0,0,41,41,0,0,0,0,0,0,0,0,0,0,0,0,0,0,0,0,0,0,0,0,0,0,0,0,0,0,
14340000,くるくるティータイム,14340000,1,0,0,MACHINE_RIDE_4,18,0,450,STAB,0,1,0,0,41,41,0,0,0,0,0,0,0,0,0,0,0,0,0,0,0,0,0,0,0,0,0,0,0,0,0,0,
14360000,パンダ,14360000,1,0,0,ANIMAL_RIDE_4,18,0,450,STAB,0,1,0,0,41,41,0,0,0,0,0,0,0,0,0,0,0,0,0,0,0,0,0,0,0,0,0,0,0,0,0,0,
14360001,パンダ（赤）,14360001,1,0,0,ANIMAL_RIDE_4,18,0,450,STAB,0,1,0,0,41,41,0,0,0,0,0,0,0,0,0,0,0,0,0,0,0,0,0,0,0,0,0,0,0,0,0,0,
14360002,パンダ（茶）,14360002,1,0,0,ANIMAL_RIDE_4,18,0,450,STAB,0,1,0,0,41,41,0,0,0,0,0,0,0,0,0,0,0,0,0,0,0,0,0,0,0,0,0,0,0,0,0,0,
14360003,パンダ（紫）,14360003,1,0,0,ANIMAL_RIDE_4,18,0,450,STAB,0,1,0,0,41,41,0,0,0,0,0,0,0,0,0,0,0,0,0,0,0,0,0,0,0,0,0,0,0,0,0,0,
14390000,おとぎの国の白馬,14390000,1,0,0,ANIMAL_RIDE_4,18,0,450,STAB,0,1,0,0,41,41,0,0,0,0,0,0,0,0,0,0,0,0,0,0,0,0,0,0,0,0,0,0,0,0,0,0,
14395000,騎士の愛馬,14395000,1,0,0,ANIMAL_RIDE_4,18,0,450,STAB,0,1,0,0,41,41,0,0,0,0,0,0,0,0,0,0,0,0,0,0,0,0,0,0,0,0,0,0,0,0,0,0,
14440000,超絶合体エレキテル,14440000,1,0,0,MACHINE_RIDE_4,18,0,450,STAB,0,1,0,0,41,41,0,0,0,0,0,0,0,0,0,0,0,0,0,0,0,0,0,0,0,0,0,0,0,0,0,0,
14490000,暁の白鰐丸,14490000,1,0,0,MACHINE_RIDE_4,18,0,450,STAB,0,1,0,0,41,41,0,0,0,0,0,0,0,0,0,0,0,0,0,0,0,0,0,0,0,0,0,0,0,0,0,0,
14500000,波乗りサーフボード,14500000,1,0,0,ANIMAL_RIDE_4,18,0,450,STAB,0,1,0,0,41,41,0,0,0,0,0,0,0,0,0,0,0,0,0,0,0,0,0,0,0,0,0,0,0,0,0,0,
14500050,波乗りサーフボード☆,14500050,1,0,0,ANIMAL_RIDE_4,18,0,450,STAB,0,1,0,0,41,41,0,0,0,0,0,0,0,0,0,0,0,0,0,0,0,0,0,0,0,0,0,0,0,0,0,0,
14590100,ユニコーンの馬車,14590100,1,0,0,HUMAN_RIDE_4,18,0,450,STAB,0,1,0,0,41,41,0,0,0,0,0,0,0,0,0,0,0,0,0,0,0,0,0,0,0,0,0,0,0,0,0,0,
14610000,浪漫の人力車,14610000,1,0,0,HUMAN_RIDE_4,18,0,450,STAB,0,1,0,0,41,41,0,0,0,0,0,0,0,0,0,0,0,0,0,0,0,0,0,0,0,0,0,0,0,0,0,0,
14610001,浪漫の人力車☆,14610001,1,0,0,HUMAN_RIDE_4,18,0,450,STAB,0,1,0,0,41,41,0,0,0,0,0,0,0,0,0,0,0,0,0,0,0,0,0,0,0,0,0,0,0,0,0,0,
14610100,田舎道の手車,14610100,1,0,0,HUMAN_RIDE_4,18,0,450,STAB,0,1,0,0,41,41,0,0,0,0,0,0,0,0,0,0,0,0,0,0,0,0,0,0,0,0,0,0,0,0,0,0,
14620000,戦車,14620000,1,0,1,MACHINE_RIDE_4,18,0,450,STAB,1,3,0,0,41,41,0,0,0,0,0,0,0,0,0,0,0,0,0,0,0,0,0,0,0,0,0,0,0,0,0,0,
14730000,オフロードバギー,14730000,1,0,0,MACHINE_RIDE_4,18,0,450,STAB,0,1,0,0,41,41,0,0,0,0,0,0,0,0,0,0,0,0,0,0,0,0,0,0,0,0,0,0,0,0,0,0,
14750000,夢見のイルカ,14750000,1,0,0,ANIMAL_RIDE_4,18,0,450,STAB,0,1,0,0,41,41,0,0,0,0,0,0,0,0,0,0,0,0,0,0,0,0,0,0,0,0,0,0,0,0,0,0,
14755000,夢見のイルカ（黒）,14755000,1,0,0,ANIMAL_RIDE_4,18,0,450,STAB,0,1,0,0,41,41,0,0,0,0,0,0,0,0,0,0,0,0,0,0,0,0,0,0,0,0,0,0,0,0,0,0,
14756000,シャチフロート,14756000,1,0,0,ANIMAL_RIDE_4,18,0,450,STAB,0,1,0,0,41,41,0,0,0,0,0,0,0,0,0,0,0,0,0,0,0,0,0,0,0,0,0,0,0,0,0,0,
14780000,召喚獣?銀狼,14780000,1,0,0,ANIMAL_RIDE_4,18,0,450,STAB,0,1,0,0,41,41,0,0,0,0,0,0,0,0,0,0,0,0,0,0,0,0,0,0,0,0,0,0,0,0,0,0,
14800000,コウモリブランコ,14800000,1,0,0,MAGIC_CREATURE_RIDE_4,18,0,450,STAB,0,1,0,0,41,41,0,0,0,0,0,0,0,0,0,0,0,0,0,0,0,0,0,0,0,0,0,0,0,0,0,0,
14820000,ウィングトラック,14820000,1,0,0,MACHINE_RIDE_4,18,0,450,STAB,1,4,0,0,41,41,0,0,0,0,0,0,0,0,0,0,0,0,0,0,0,0,0,0,0,0,0,0,0,0,0,0,
14830000,夢境のゴンドラ,14830000,1,0,0,MAGIC_CREATURE_RIDE_4,18,0,450,SLASH,0,1,0,0,41,41,0,0,0,0,0,0,0,0,0,0,0,0,0,0,0,0,0,0,0,0,0,0,0,0,0,0,
14910000,宙飛ぶ南京錠,14910000,1,0,0,MAGIC_CREATURE_RIDE_4,18,0,450,STAB,0,1,0,0,41,41,0,0,0,0,0,0,0,0,0,0,0,0,0,0,0,0,0,0,0,0,0,0,0,0,0,0,
14930000,青春☆自転車,14930000,1,0,0,MACHINE_RIDE_4,18,0,450,STAB,0,1,0,0,41,41,0,0,0,0,0,0,0,0,0,0,0,0,0,0,0,0,0,0,0,0,0,0,0,0,0,0,
14930001,伝書鳩の自転車,14930001,1,0,0,MACHINE_RIDE_4,18,0,450,STAB,0,1,0,0,41,41,0,0,0,0,0,0,0,0,0,0,0,0,0,0,0,0,0,0,0,0,0,0,0,0,0,0,
14970000,ナイトの騎馬,14970000,1,0,0,ANIMAL_RIDE_4,18,0,450,STAB,0,1,0,0,41,41,0,0,0,0,0,0,0,0,0,0,0,0,0,0,0,0,0,0,0,0,0,0,0,0,0,0,
14990001,勝利のボール,14990001,1,0,0,HUMAN_4,18,0,390,BLOW,0,1,1,100,41,41,0,0,0,0,0,0,0,0,0,0,0,0,0,0,0,0,0,0,0,0,0,0,0,0,0,0,
15000000,ケット?シー,15000000,1,0,0,ANIMAL_RIDE_4,18,0,450,STAB,0,1,0,0,41,41,0,0,0,0,0,0,0,0,0,0,0,0,0,0,0,0,0,0,0,0,0,0,0,0,0,0,
15200000,ハネムーン気球,15200000,1,0,0,MAGIC_CREATURE_RIDE_4,18,0,475,STAB,0,1,0,0,41,41,0,0,0,0,0,0,0,0,0,0,0,0,0,0,0,0,0,0,0,0,0,0,0,0,0,0,
15200001,サークルＫサンクス気球,15200001,1,0,0,MAGIC_CREATURE_RIDE_4,18,0,475,STAB,0,1,0,0,41,41,0,0,0,0,0,0,0,0,0,0,0,0,0,0,0,0,0,0,0,0,0,0,0,0,0,0,
15210000,きらめく流星群,15210000,1,0,0,MAGIC_CREATURE_RIDE_4,18,0,475,STAB,0,1,0,0,41,41,0,0,0,0,0,0,0,0,0,0,0,0,0,0,0,0,0,0,0,0,0,0,0,0,0,0,
15220000,陽夜子のハングライダー,15220000,1,0,0,MAGIC_CREATURE_RIDE_4,18,0,475,STAB,0,1,0,0,41,41,0,0,0,0,0,0,0,0,0,0,0,0,0,0,0,0,0,0,0,0,0,0,0,0,0,0,
15260000,フライング?パンプキン,15260000,1,0,0,MAGIC_CREATURE_RIDE_4,18,0,475,STAB,0,1,0,0,41,41,0,0,0,0,0,0,0,0,0,0,0,0,0,0,0,0,0,0,0,0,0,0,0,0,0,0,
15290000,年代物の愛車,15290000,1,0,0,MACHINE_RIDE_4,18,0,475,STAB,0,1,0,0,41,41,0,0,0,0,0,0,0,0,0,0,0,0,0,0,0,0,0,0,0,0,0,0,0,0,0,0,
15320000,あけましタイニー,15320000,1,0,0,MAGIC_CREATURE_RIDE_4,18,0,475,STAB,0,1,0,0,41,41,0,0,0,0,0,0,0,0,0,0,0,0,0,0,0,0,0,0,0,0,0,0,0,0,0,0,
15325000,おでかけタイニー（抹茶）,15325000,1,0,0,MAGIC_CREATURE_RIDE_4,18,0,475,STAB,0,1,0,0,41,41,0,0,0,0,0,0,0,0,0,0,0,0,0,0,0,0,0,0,0,0,0,0,0,0,0,0,
15330000,スノーボード,15330000,1,0,0,MAGIC_CREATURE_RIDE_4,18,0,475,STAB,0,1,0,0,41,41,0,0,0,0,0,0,0,0,0,0,0,0,0,0,0,0,0,0,0,0,0,0,0,0,0,0,
15340000,ロイヤルガードグリフォン,15340000,1,0,0,ANIMAL_RIDE_4,18,0,480,STAB,0,1,0,0,41,41,0,0,0,0,0,0,0,0,0,0,0,0,0,0,0,0,0,0,0,0,0,0,0,0,0,0,
15400000,アザラシ,15400000,1,0,0,ANIMAL_RIDE_4,18,0,475,STAB,0,1,0,0,41,41,0,0,0,0,0,0,0,0,0,0,0,0,0,0,0,0,0,0,0,0,0,0,0,0,0,0,
15420000,魔法のスーツケース,15420000,1,0,0,MAGIC_CREATURE_RIDE_4,18,0,450,BLOW,0,1,0,0,41,41,0,0,0,0,0,0,0,0,0,0,0,0,0,0,0,0,0,0,0,0,0,0,0,0,0,0,
15420050,空飛ぶ財宝,15420050,1,0,0,MAGIC_CREATURE_RIDE_4,18,0,450,BLOW,0,1,0,0,41,41,0,0,0,0,0,0,0,0,0,0,0,0,0,0,0,0,0,0,0,0,0,0,0,0,0,0,
15420100,魔法のスーツケース（白）,15420100,1,0,0,MAGIC_CREATURE_RIDE_4,18,0,450,BLOW,0,1,0,0,41,41,0,0,0,0,0,0,0,0,0,0,0,0,0,0,0,0,0,0,0,0,0,0,0,0,0,0,
15570000,忍びの大がま,15570000,1,0,0,ANIMAL_RIDE_4,18,0,475,BLOW,0,1,0,0,41,41,0,0,0,0,0,0,0,0,0,0,0,0,0,0,0,0,0,0,0,0,0,0,0,0,0,0,
15700000,天馬,15700000,1,0,0,ANIMAL_RIDE_4,18,0,450,STAB,0,1,0,0,41,41,0,0,0,0,0,0,0,0,0,0,0,0,0,0,0,0,0,0,0,0,0,0,0,0,0,0,
15700003,黒天馬,15700003,1,0,0,ANIMAL_RIDE_4,18,0,450,STAB,0,1,0,0,41,41,0,0,0,0,0,0,0,0,0,0,0,0,0,0,0,0,0,0,0,0,0,0,0,0,0,0,
15720000,リビングうさ子,15720000,1,0,0,ANIMAL_RIDE_4,18,0,450,STAB,0,1,0,0,41,41,0,0,0,0,0,0,0,0,0,0,0,0,0,0,0,0,0,0,0,0,0,0,0,0,0,0,
15770000,おやすみムーン,15770000,1,0,0,MAGIC_CREATURE_RIDE_4,18,0,450,STAB,0,1,0,0,41,41,0,0,0,0,0,0,0,0,0,0,0,0,0,0,0,0,0,0,0,0,0,0,0,0,0,0,
15850000,マジカルステッキ,15850000,1,0,0,MAGIC_CREATURE_RIDE_4,18,0,500,STAB,0,1,0,0,41,41,0,0,0,0,0,0,0,0,0,0,0,0,0,0,0,0,0,0,0,0,0,0,0,0,0,0,
15890000,カーニバルの飛行船,15890000,1,0,0,MACHINE_RIDE_4,18,0,475,STAB,0,1,0,0,41,41,0,0,0,0,0,0,0,0,0,0,0,0,0,0,0,0,0,0,0,0,0,0,0,0,0,0,
15970000,東方青龍,15970000,1,0,0,ANIMAL_RIDE_4,18,0,450,BLOW,0,1,0,0,41,41,0,0,0,0,0,0,0,0,0,0,0,0,0,0,0,0,0,0,0,0,0,0,0,0,0,0,
16070000,みやびな牛車,16070000,1,0,0,MACHINE_RIDE_4,18,0,450,STAB,0,1,0,0,41,41,0,0,0,0,0,0,0,0,0,0,0,0,0,0,0,0,0,0,0,0,0,0,0,0,0,0,
16080000,炎のスケートボード,16080000,1,0,0,ANIMAL_RIDE_4,18,0,450,STAB,0,1,0,0,41,41,0,0,0,0,0,0,0,0,0,0,0,0,0,0,0,0,0,0,0,0,0,0,0,0,0,0,
16100000,肝っ玉母ちゃん,16100000,1,0,0,ANIMAL_RIDE_4,18,0,450,STAB,0,1,0,0,41,41,0,0,0,0,0,0,0,0,0,0,0,0,0,0,0,0,0,0,0,0,0,0,0,0,0,0,
16190000,ミナヅキの日傘,16190000,1,0,0,MAGIC_CREATURE_RIDE_4,18,0,480,STAB,0,1,0,0,41,41,0,0,0,0,0,0,0,0,0,0,0,0,0,0,0,0,0,0,0,0,0,0,0,0,0,0,
16210000,遊泳のガラス球,16210000,1,0,0,MAGIC_CREATURE_RIDE_4,18,0,480,STAB,0,1,0,0,41,41,0,0,0,0,0,0,0,0,0,0,0,0,0,0,0,0,0,0,0,0,0,0,0,0,0,0,
16240000,西方白虎,16240000,1,0,0,ANIMAL_RIDE_4,18,0,450,BLOW,0,1,0,0,41,41,0,0,0,0,0,0,0,0,0,0,0,0,0,0,0,0,0,0,0,0,0,0,0,0,0,0,
16300000,ジャグラー?ドゥ,16300000,1,0,0,ANIMAL_RIDE_4,18,0,450,STAB,0,1,0,0,41,41,0,0,0,0,0,0,0,0,0,0,0,0,0,0,0,0,0,0,0,0,0,0,0,0,0,0,
16310000,ティラ,16310000,1,0,0,ANIMAL_RIDE_4,18,0,430,SLASH,0,1,0,0,41,41,0,0,0,0,0,0,0,0,0,0,0,0,0,0,0,0,0,0,0,0,0,0,0,0,0,0,
16320000,ウィッカ?グレイル,16320000,1,0,0,MACHINE_RIDE_4,18,0,450,BLOW,0,1,0,0,41,41,0,0,0,0,0,0,0,0,0,0,0,0,0,0,0,0,0,0,0,0,0,0,0,0,0,0,
16330000,ワームドラゴン,16330000,1,0,0,WATER_ANIMAL_RIDE_4,18,0,450,SLASH,0,1,0,0,41,41,0,0,0,0,0,0,0,0,0,0,0,0,0,0,0,0,0,0,0,0,0,0,0,0,0,0,
16350000,ゴシック風馬車,16350000,1,0,0,MAGIC_CREATURE_RIDE_4,18,0,450,STAB,0,1,0,0,41,41,0,0,0,0,0,0,0,0,0,0,0,0,0,0,0,0,0,0,0,0,0,0,0,0,0,0,
16380000,黒魔術の箒,16380000,1,0,0,MAGIC_CREATURE_RIDE_4,18,0,475,STAB,0,1,0,0,41,41,0,0,0,0,0,0,0,0,0,0,0,0,0,0,0,0,0,0,0,0,0,0,0,0,0,0,
16390000,カーズド?チェア,16390000,1,0,0,MAGIC_CREATURE_RIDE_4,18,0,475,STAB,0,1,0,0,41,41,0,0,0,0,0,0,0,0,0,0,0,0,0,0,0,0,0,0,0,0,0,0,0,0,0,0,
16430000,コウモリぶらんこ（アルカード）,16430000,1,0,0,MACHINE_RIDE_4,18,0,475,STAB,0,1,0,0,41,41,0,0,0,0,0,0,0,0,0,0,0,0,0,0,0,0,0,0,0,0,0,0,0,0,0,0,
16490000,まきばのポニー（騎乗）,16490000,1,0,0,ANIMAL_RIDE_4,18,0,450,BLOW,0,1,0,0,41,41,0,0,0,0,0,0,0,0,0,0,0,0,0,0,0,0,0,0,0,0,0,0,0,0,0,0,
16570000,進撃のチャリオット,16570000,1,0,0,MAGIC_CREATURE_RIDE_4,18,0,475,STAB,0,1,0,0,41,41,0,0,0,0,0,0,0,0,0,0,0,0,0,0,0,0,0,0,0,0,0,0,0,0,0,0,
16600000,傀儡のスフィンクス（騎乗）,16600000,1,0,0,MAGIC_CREATURE_RIDE_4,18,0,450,BLOW,0,1,0,0,41,41,0,0,0,0,0,0,0,0,0,0,0,0,0,0,0,0,0,0,0,0,0,0,0,0,0,0,
16620000,クラシック?カー,16620000,1,0,0,MACHINE_RIDE_4,18,0,450,STAB,0,1,0,0,41,41,0,0,0,0,0,0,0,0,0,0,0,0,0,0,0,0,0,0,0,0,0,0,0,0,0,0,
16660000,海賊船?マーチャント号,16660000,1,0,0,MACHINE_RIDE_4,18,0,475,BLOW,0,1,0,0,41,41,0,0,0,0,0,0,0,0,0,0,0,0,0,0,0,0,0,0,0,0,0,0,0,0,0,0,
16680000,ココッコーおさんぽ軍団,16680000,1,0,0,BIRD_RIDE_4,18,0,450,BLOW,0,1,0,0,41,41,0,0,0,0,0,0,0,0,0,0,0,0,0,0,0,0,0,0,0,0,0,0,0,0,0,0,
16850000,カッカラン,16850000,1,0,0,ANIMAL_RIDE_4,18,0,440,BLOW,0,1,0,0,41,41,0,0,0,0,0,0,0,0,0,0,0,0,0,0,0,0,0,0,0,0,0,0,0,0,0,0,
16850001,ホワイトカッカラン,16850001,1,0,0,ANIMAL_RIDE_4,18,0,470,BLOW,0,1,0,0,41,41,0,0,0,0,0,0,0,0,0,0,0,0,0,0,0,0,0,0,0,0,0,0,0,0,0,0,
16855000,クリスマス?カッカラン,16855000,1,0,0,ANIMAL_RIDE_4,18,0,450,BLOW,0,1,0,0,41,41,0,0,0,0,0,0,0,0,0,0,0,0,0,0,0,0,0,0,0,0,0,0,0,0,0,0,
16870000,白面金毛九尾ノ狐（騎乗）,16870000,1,0,0,ANIMAL_RIDE_4,18,0,450,BLOW,0,1,0,0,41,41,0,0,0,0,0,0,0,0,0,0,0,0,0,0,0,0,0,0,0,0,0,0,0,0,0,0,
16890000,パンキッシュロックステージ,16890000,1,0,0,MACHINE_RIDE_4,18,0,450,BLOW,0,1,0,0,41,41,0,0,0,0,0,0,0,0,0,0,0,0,0,0,0,0,0,0,0,0,0,0,0,0,0,0,
16930000,プリンセスジェリーフィッシュ,16930000,1,0,0,WATER_ANIMAL_RIDE_4,18,0,450,BLOW,0,1,0,0,41,41,0,0,0,0,0,0,0,0,0,0,0,0,0,0,0,0,0,0,0,0,0,0,0,0,0,0,
16950000,メリーゴーランド,16950000,1,0,0,MACHINE_RIDE_4,18,0,475,BLOW,0,1,0,0,41,41,0,0,0,0,0,0,0,0,0,0,0,0,0,0,0,0,0,0,0,0,0,0,0,0,0,0,
17020000,みんなの鍋,17020000,1,0,0,MAGIC_CREATURE_RIDE_4,18,0,475,BLOW,0,1,0,0,41,41,0,0,0,0,0,0,0,0,0,0,0,0,0,0,0,0,0,0,0,0,0,0,0,0,0,0,
17030000,アヒルボート,17030000,1,0,0,MAGIC_CREATURE_RIDE_4,18,0,450,SLASH,0,1,0,0,41,41,0,0,0,0,0,0,0,0,0,0,0,0,0,0,0,0,0,0,0,0,0,0,0,0,0,0,
17030001,スワンボート,17030001,1,0,0,MAGIC_CREATURE_RIDE_4,18,0,450,SLASH,0,1,0,0,41,41,0,0,0,0,0,0,0,0,0,0,0,0,0,0,0,0,0,0,0,0,0,0,0,0,0,0,
17050000,悪魔機甲ファウスト,17050000,1,0,0,MACHINE_RIDE_4,18,0,420,BLOW,0,1,0,0,41,41,0,0,0,0,0,0,0,0,0,0,0,0,0,0,0,0,0,0,0,0,0,0,0,0,0,0,
17050001,悪魔機甲ファウスト（アナザー）,17050001,1,0,0,MACHINE_RIDE_4,18,0,420,BLOW,0,1,0,0,41,41,0,0,0,0,0,0,0,0,0,0,0,0,0,0,0,0,0,0,0,0,0,0,0,0,0,0,
17070000,薔薇杖,17070000,1,0,0,MAGIC_CREATURE_RIDE_4,18,0,450,BLOW,0,1,0,0,41,41,0,0,0,0,0,0,0,0,0,0,0,0,0,0,0,0,0,0,0,0,0,0,0,0,0,0,
17080000,アクロニア?イーグル,17080000,1,0,0,MACHINE_RIDE_4,18,0,450,STAB,0,1,0,0,41,41,0,0,0,0,0,0,0,0,0,0,0,0,0,0,0,0,0,0,0,0,0,0,0,0,0,0,
17100000,暗黒劇場,17100000,1,0,0,MACHINE_RIDE_4,18,0,450,BLOW,0,1,0,0,41,41,0,0,0,0,0,0,0,0,0,0,0,0,0,0,0,0,0,0,0,0,0,0,0,0,0,0,
17100001,青薔薇劇場,17100001,1,0,0,MACHINE_RIDE_4,18,0,450,BLOW,0,1,0,0,41,41,0,0,0,0,0,0,0,0,0,0,0,0,0,0,0,0,0,0,0,0,0,0,0,0,0,0,
17120000,でかでかオオコウモリ,17120000,1,0,0,ANIMAL_RIDE_4,18,0,450,BLOW,0,1,0,0,41,41,0,0,0,0,0,0,0,0,0,0,0,0,0,0,0,0,0,0,0,0,0,0,0,0,0,0,
17130000,刻印の宝玉,17130000,1,0,0,MAGIC_CREATURE_RIDE_4,18,0,450,BLOW,0,1,0,0,41,41,0,0,0,0,0,0,0,0,0,0,0,0,0,0,0,0,0,0,0,0,0,0,0,0,0,0,
17170000,キシリトール（ライムミント）,17170000,1,0,0,MAGIC_CREATURE_RIDE_4,18,0,450,BLOW,0,1,0,0,41,41,0,0,0,0,0,0,0,0,0,0,0,0,0,0,0,0,0,0,0,0,0,0,0,0,0,0,
17200000,ファンタジア?ビブリオ,17200000,1,0,0,MAGIC_CREATURE_RIDE_4,18,0,475,STAB,0,1,0,0,41,41,0,0,0,0,0,0,0,0,0,0,0,0,0,0,0,0,0,0,0,0,0,0,0,0,0,0,
17230000,妖怪?ライジュウ,17230000,1,0,0,ANIMAL_RIDE_4,18,0,450,BLOW,0,1,0,0,41,41,0,0,0,0,0,0,0,0,0,0,0,0,0,0,0,0,0,0,0,0,0,0,0,0,0,0,
17250000,コンバット?タンク,17250000,1,0,1,MACHINE_RIDE_4,18,0,450,STAB,1,3,0,0,41,41,0,0,0,0,0,0,0,0,0,0,0,0,0,0,0,0,0,0,0,0,0,0,0,0,0,0,
17280000,弁天丸,17280000,1,0,0,MACHINE_RIDE_4,18,0,450,STAB,0,1,0,0,41,41,0,0,0,0,0,0,0,0,0,0,0,0,0,0,0,0,0,0,0,0,0,0,0,0,0,0,
17320000,通学用電動自動二輪,17320000,1,0,0,MACHINE_RIDE_4,18,0,450,STAB,0,1,0,0,41,41,0,0,0,0,0,0,0,0,0,0,0,0,0,0,0,0,0,0,0,0,0,0,0,0,0,0,
17340000,南方朱雀,17340000,1,0,0,ANIMAL_RIDE_4,18,0,450,BLOW,0,1,0,0,41,41,0,0,0,0,0,0,0,0,0,0,0,0,0,0,0,0,0,0,0,0,0,0,0,0,0,0,
17370000,聖なるアルパカ,17370000,1,0,0,ANIMAL_RIDE_4,18,0,450,BLOW,0,1,0,0,41,41,0,0,0,0,0,0,0,0,0,0,0,0,0,0,0,0,0,0,0,0,0,0,0,0,0,0,
17390000,ネコスクーター,17390000,1,0,0,MACHINE_RIDE_4,18,0,450,STAB,0,1,0,0,41,41,0,0,0,0,0,0,0,0,0,0,0,0,0,0,0,0,0,0,0,0,0,0,0,0,0,0,
17420000,蒸気機関飛行船,17420000,1,0,0,MACHINE_RIDE_4,18,0,475,BLOW,0,1,0,0,41,41,0,0,0,0,0,0,0,0,0,0,0,0,0,0,0,0,0,0,0,0,0,0,0,0,0,0,
17490000,看守長の椅子,17490000,1,0,0,MAGIC_CREATURE_RIDE_4,18,0,475,STAB,0,1,0,0,41,41,0,0,0,0,0,0,0,0,0,0,0,0,0,0,0,0,0,0,0,0,0,0,0,0,0,0,
19030000,Wedding Carriage,19030000,1,0,0,ANIMAL_RIDE_4,18,0,325,STAB,0,1,0,0,41,41,0,0,0,0,0,0,0,0,0,0,0,0,0,0,0,0,0,0,0,0,0,0,0,0,0,0,
19030100,ドラゴ(白),19030100,1,0,0,ANIMAL_RIDE_4,18,0,400,SLASH,0,1,0,0,41,41,0,0,0,0,0,0,0,0,0,0,0,0,0,0,0,0,0,0,0,0,0,0,0,0,0,0,
19030101,ドラゴ(緑),19030101,1,0,0,ANIMAL_RIDE_4,18,0,450,SLASH,0,1,0,0,41,41,0,0,0,0,0,0,0,0,0,0,0,0,0,0,0,0,0,0,0,0,0,0,0,0,0,0,
19030102,ドラゴ(ピンク),19030102,1,0,0,ANIMAL_RIDE_4,18,0,350,SLASH,0,1,0,0,41,41,0,0,0,0,0,0,0,0,0,0,0,0,0,0,0,0,0,0,0,0,0,0,0,0,0,0,
19030103,ドラゴ(紫),19030103,1,0,0,ANIMAL_RIDE_4,18,0,350,SLASH,0,1,0,0,41,41,0,0,0,0,0,0,0,0,0,0,0,0,0,0,0,0,0,0,0,0,0,0,0,0,0,0,
19030104,ドラゴ(橙色),19030104,1,0,0,ANIMAL_RIDE_4,18,0,290,SLASH,0,1,0,0,41,41,0,0,0,0,0,0,0,0,0,0,0,0,0,0,0,0,0,0,0,0,0,0,0,0,0,0,
#7月くじ,,,,,,,,,,,,,,,,,,,,,,,,,,,,,,,,,,,,,,,,,,,
17500000,御魂?フォルテ,17500000,1,0,0,HUMAN_210,17,0,450,BLOW,0,1,1,100,41,41,0,0,0,0,0,0,0,0,30319,30320,30321,30322,0,0,0,0,0,0,0,0,0,0,0,1,0,20,
17510000,きらめく人魚姫?ローレライ,17510000,1,0,0,HUMAN_211,16,0,450,BLOW,0,1,1,100,40,40,0,0,0,0,0,0,0,0,30323,30324,30325,30326,0,0,0,0,0,0,0,0,0,0,0,1,0,20,
17520000,神秘の貝殻,17520000,1,0,0,MAGIC_CREATURE_RIDE_4,18,0,450,BLOW,0,1,1,100,41,41,0,0,0,0,0,0,0,0,0,0,0,0,0,0,0,0,0,0,0,0,0,0,0,0,0,0,
#電波教師,,,,,,,,,,,,,,,,,,,,,,,,,,,,,,,,,,,,,,,,,,,
17430000,荒木光太郎,17430000,1,0,0,HUMAN_209,3,0,450,BLOW,0,1,1,100,41,41,0,0,0,0,0,0,0,0,30314,30315,30316,30317,30318,0,0,0,0,0,0,0,0,0,0,1,0,0,
#パズドラ,,,,,,,,,,,,,,,,,,,,,,,,,,,,,,,,,,,,,,,,,,,
17440000,フェアリオン,17440000,1,0,0,MAGIC_CREATURE_205,7,1,450,BLOW,0,1,1,100,40,40,0,0,0,0,0,0,0,0,30311,30312,30068,30130,30313,0,0,0,0,0,0,0,0,0,0,1,0,0,
17450000,プリンセスヴァルキリー,17450000,1,0,0,HUMAN_206,3,0,450,SLASH,0,1,1,100,41,41,0,0,0,0,0,0,0,0,30337,30338,30339,30340,30341,30027,30068,0,0,0,0,0,0,0,0,1,0,0,
#タイニー関連,,,,,,,,,,,,,,,,,,,,,,,,,,,,,,,,,,,,,,,,,,,
20250000,タイニーゼロ,20250000,1,0,0,MAGIC_CREATURE_212,8,0,400,BLOW,0,1,1,100,41,41,0,0,0,0,0,0,0,0,30330,30331,30332,30333,30334,30335,0,0,0,0,0,0,0,0,0,1,0,0,
17460000,タイニーゼロ?アルマ,17460000,1,0,0,HUMAN_213,13,0,400,BLOW,0,1,1,100,41,41,0,0,0,0,0,0,0,0,30330,30331,30332,30333,30334,30335,0,0,0,0,0,0,0,0,0,1,0,0,
17460001,タイニーゼロ?アルマ＋,17460001,1,0,0,HUMAN_214,13,0,400,BLOW,0,1,1,100,41,41,0,0,0,0,0,0,0,0,30330,30331,30332,30333,30334,30335,0,0,0,0,0,0,0,0,0,1,0,0,
17790000,タイニーゼロ（Mary）,17790000,1,0,0,HUMAN_231,13,0,400,BLOW,0,1,1,100,41,41,0,0,0,0,0,0,0,0,30330,30331,30332,30333,30334,30335,30407,30408,0,0,0,0,0,0,0,1,0,20,
#8月くじ,,,,,,,,,,,,,,,,,,,,,,,,,,,,,,,,,,,,,,,,,,,
17540000,御魂?エリーゼ,17540000,1,208,0,HUMAN_215,17,0,450,STAB,0,1,2,80,41,41,0,0,0,0,0,0,0,0,30342,30343,30344,30345,0,0,0,0,0,0,0,0,0,0,0,1,0,20,
17550000,ハンプティ?ダンプティ,17550000,1,0,0,MAGIC_CREATURE_RIDE_4,18,0,450,BLOW,0,1,1,100,41,41,0,0,0,0,0,0,0,0,0,0,0,0,0,0,0,0,0,0,0,0,0,0,0,0,0,0,
17560000,時空の迷子?パラケルスス,17560000,1,0,0,HUMAN_216,16,0,450,SLASH,0,1,1,100,40,40,0,0,0,0,0,0,0,0,30346,30347,30348,30349,0,0,0,0,0,0,0,0,0,0,0,1,0,20,
#ドミニオン世界拡張,,,,,,,,,,,,,,,,,,,,,,,,,,,,,,,,,,,,,,,,,,,
17580000,リーン,17580000,1,0,0,MACHINE_226,5,0,450,STAB,0,1,1,100,41,41,0,0,0,0,0,0,0,0,30354,30355,30356,30357,0,0,0,0,0,0,0,0,0,0,0,1,0,0,
#9月くじ,,,,,,,,,,,,,,,,,,,,,,,,,,,,,,,,,,,,,,,,,,,
17600000,御魂?アリア,17600000,1,0,0,HUMAN_218,17,0,450,STAB,1,6,1,100,41,41,0,0,0,0,0,0,0,0,30359,30360,30361,30362,30363,0,0,0,0,0,0,0,0,0,0,1,0,20,
17610000,搭乗型パワードスーツ,17610000,1,0,0,MACHINE_RIDE_4,18,0,450,BLOW,0,1,1,100,41,41,0,0,0,0,0,0,0,0,0,0,0,0,0,0,0,0,0,0,0,0,0,0,0,0,0,0,
17620000,礼装の紳士?ワーウルフ,17620000,1,0,0,HUMAN_219,16,0,450,SLASH,0,1,1,100,40,40,0,0,0,0,0,0,0,0,30358,30364,30222,30365,30223,0,0,0,0,0,0,0,0,0,0,1,0,20,
17630000,舞踏会の馬車,17630000,1,0,0,MAGIC_CREATURE_RIDE_4,18,0,450,BLOW,0,1,1,100,41,41,0,0,0,0,0,0,0,0,0,0,0,0,0,0,0,0,0,0,0,0,0,0,0,0,0,0,
#10月くじ,,,,,,,,,,,,,,,,,,,,,,,,,,,,,,,,,,,,,,,,,,,
17640000,御魂?ナナイ,17640000,0.99,0,0,HUMAN_220,17,0,450,STAB,1,2,1,100,41,41,0,0,0,0,0,0,0,0,30366,30367,30368,30369,30370,30371,0,0,0,0,0,0,0,0,0,1,0,20,
17650000,レイミ,17650000,1,0,0,ANIMAL_221,7,0,450,BLOW,0,1,1,100,41,41,0,0,0,0,0,0,0,0,30376,30377,30378,30379,30380,0,0,0,0,0,0,0,0,0,0,1,0,20,
17660000,小悪魔少女?メフィスト,17660000,1,0,0,HUMAN_222,16,0,450,BLOW,0,1,1,100,40,40,0,0,0,0,0,0,0,0,30232,30372,30373,30374,30375,0,0,0,0,0,0,0,0,0,0,1,0,20,
17670000,小悪魔バルーン,17670000,1,0,0,MAGIC_CREATURE_RIDE_4,18,0,450,BLOW,0,1,1,100,41,41,0,0,0,0,0,0,0,0,0,0,0,0,0,0,0,0,0,0,0,0,0,0,0,0,0,0,
#,,,,,,,,,,,,,,,,,,,,,,,,,,,,,,,,,,,,,,,,,,,
17680000,見習い冒険者?アルティ,17680000,1,0,0,HUMAN_223,17,0,450,BLOW,0,1,1,100,41,41,0,0,0,0,0,0,0,0,30397,30398,30399,30400,30401,0,0,0,0,0,0,0,0,0,0,1,0,0,
17680001,みんなの鍛冶屋?アルティ,17680001,1,0,0,HUMAN_223,17,0,450,BLOW,0,1,1,100,41,41,0,0,0,0,0,0,0,0,30397,30398,30399,30400,30401,0,0,0,0,0,0,0,0,0,0,1,0,0,
17680002,メルティ,17680002,1,0,0,HUMAN_224,3,0,450,BLOW,0,1,1,100,41,41,0,0,0,0,0,0,0,0,30402,30403,30404,30405,30406,0,0,0,0,0,0,0,0,0,0,1,0,20,
17690000,ファントム?アルマ,17690000,1,0,0,HUMAN_225,13,0,400,BLOW,0,1,1,100,41,41,0,0,0,0,0,0,0,0,30392,30393,30394,30395,30396,0,0,0,0,0,0,0,0,0,0,1,0,20,
#11月くじ,,,,,,,,,,,,,,,,,,,,,,,,,,,,,,,,,,,,,,,,,,,
17710000,御魂?リーリエ,17710000,1,0,0,HUMAN_227,17,0,450,STAB,1,5,1,100,41,41,0,0,0,0,0,0,0,0,30381,30382,30383,30384,30385,30386,0,0,0,0,0,0,0,0,0,1,0,20,
17720000,ユニコーン,17720000,1,0,0,ANIMAL_RIDE_4,18,0,450,BLOW,0,1,0,0,41,41,0,0,0,0,0,0,0,0,0,0,0,0,0,0,0,0,0,0,0,0,0,0,0,0,0,0,
17730000,小さな魔王?ルチフェロ,17730000,1,0,0,HUMAN_228,16,0,450,SLASH,0,1,1,100,40,40,0,0,0,0,0,0,0,0,30387,30388,30389,30390,30391,0,0,0,0,0,0,0,0,0,0,1,0,20,
#12月くじ,,,,,,,,,,,,,,,,,,,,,,,,,,,,,,,,,,,,,,,,,,,
17750000,御魂?ヒスイ,17750000,1,0,0,HUMAN_229,17,0,450,BLOW,0,1,1,100,41,41,0,0,0,0,0,0,0,0,30409,30410,30411,30412,30413,30414,0,0,0,0,0,0,0,0,0,1,0,20,
17760000,路面電車,17760000,1,0,0,MACHINE_RIDE_4,18,0,450,BLOW,0,1,0,0,41,41,0,0,0,0,0,0,0,0,0,0,0,0,0,0,0,0,0,0,0,0,0,0,0,0,0,0,
17770000,聖夜の天使?ステラ,17770000,1,0,0,HUMAN_230,16,0,450,BLOW,0,1,1,100,40,40,0,0,0,0,0,0,0,0,30415,30416,30417,30418,30419,30420,0,0,0,0,0,0,0,0,0,1,0,20,
17780000,イルミネーショントラック,17780000,1,0,0,MACHINE_RIDE_4,18,0,450,BLOW,0,1,0,0,41,41,0,0,0,0,0,0,0,0,0,0,0,0,0,0,0,0,0,0,0,0,0,0,0,0,0,0,
#2015年1月くじ,,,,,,,,,,,,,,,,,,,,,,,,,,,,,,,,,,,,,,,,,,,
17800000,ブリキングＲＸ１?アルマ,17800000,1,0,0,HUMAN_232,13,0,450,BLOW,0,1,1,100,41,41,0,0,0,0,0,0,0,0,30421,30422,30423,30424,30425,30426,0,0,0,0,0,0,0,0,0,1,0,20,
17810000,ブリキングＲＸ１,17810000,1,0,0,MACHINE_RIDE_4,18,0,450,BLOW,0,1,0,0,41,41,0,0,0,0,0,0,0,0,30421,30422,30423,30424,30425,30426,0,0,0,0,0,0,0,0,0,0,0,0,
17820000,スーパーブリキングＲＸ１,17820000,1,0,0,MACHINE_RIDE_4,18,0,450,BLOW,0,1,0,0,41,41,0,0,0,0,0,0,0,0,0,0,0,0,0,0,0,0,0,0,0,0,0,0,0,0,0,0,
#2015年2月くじ,,,,,,,,,,,,,,,,,,,,,,,,,,,,,,,,,,,,,,,,,,,
17830000,クイーンビー?アルマ,17830000,1,0,0,HUMAN_233,13,0,450,STAB,0,1,1,100,41,41,0,0,0,0,0,0,0,0,30427,30428,30429,30430,30431,30432,0,0,0,0,0,0,0,0,0,1,0,20,
17840000,クイーンビー,17840000,1,0,0,ANIMAL_RIDE_4,18,0,450,STAB,0,1,0,0,41,41,0,0,0,0,0,0,0,0,30427,30428,30429,30430,30431,30432,0,0,0,0,0,0,0,0,0,0,0,0,
#2015年3月くじ,,,,,,,,,,,,,,,,,,,,,,,,,,,,,,,,,,,,,,,,,,,
17850000,アルカナハート?アルマ,17850000,1,0,0,HUMAN_234,13,0,450,SLASH,0,2,1,100,41,41,0,0,0,0,0,0,0,0,30433,30434,30435,30436,30437,0,0,0,0,0,0,0,0,0,0,1,0,20,
17860000,アルカナハート,17860000,1,0,0,MAGIC_CREATURE_RIDE_4,18,0,450,SLASH,0,1,0,0,41,41,0,0,0,0,0,0,0,0,30433,30434,30435,30436,30437,0,0,0,0,0,0,0,0,0,0,0,0,0,
#ネカフェ追加用パートナー,,,,,,,,,,,,,,,,,,,,,,,,,,,,,,,,,,,,,,,,,,,
15385000,もこもこコニグラス,15385000,1,0,0,MAGIC_CREATURE_245,7,0,450,BLOW,0,1,1,100,41,41,0,0,0,0,0,0,0,0,30095,30008,30021,30064,30112,30143,30027,0,0,0,0,0,0,0,0,1,0,20,
#2015年4月くじ,,,,,,,,,,,,,,,,,,,,,,,,,,,,,,,,,,,,,,,,,,,
17880000,ウィスプ?アルマ,17880000,1,0,0,HUMAN_235,13,0,450,BLOW,0,6,1,100,41,41,0,0,0,0,0,0,0,0,30438,30439,30440,30441,30442,30443,0,0,0,0,0,0,0,0,0,1,0,20,
17890000,ウィスプ,17890000,1,0,0,MAGIC_CREATURE_RIDE_4,18,0,450,BLOW,0,1,0,0,41,41,0,0,0,0,0,0,0,0,30438,30439,30440,30441,30442,30443,0,0,0,0,0,0,0,0,0,0,0,0,
17900000,鬼火の番傘（青）,17900000,1,0,0,MAGIC_CREATURE_RIDE_4,18,0,500,STAB,0,1,0,0,41,41,0,0,0,0,0,0,0,0,0,0,0,0,0,0,0,0,0,0,0,0,0,0,0,0,0,0,
17900001,鬼火の番傘（赤）,17900001,1,0,0,MAGIC_CREATURE_RIDE_4,18,0,500,STAB,0,1,0,0,41,41,0,0,0,0,0,0,0,0,0,0,0,0,0,0,0,0,0,0,0,0,0,0,0,0,0,0,
17900002,鬼火の番傘（灰）,17900002,1,0,0,MAGIC_CREATURE_RIDE_4,18,0,500,STAB,0,1,0,0,41,41,0,0,0,0,0,0,0,0,0,0,0,0,0,0,0,0,0,0,0,0,0,0,0,0,0,0,
#testPP,,,,,,,,,,,,,,,,,,,,,,,,,,,,,,,,,,,,,,,,,,,
14569000,ドリアードの球根,14569000,1,0,0,PLANT_RIDE_4,18,0,450,BLOW,0,1,1,100,41,41,0,0,0,0,0,0,0,0,0,0,0,0,0,0,0,0,0,0,0,0,0,0,0,0,0,0,
14569100,フィーラープラントの球根,14569100,1,0,0,PLANT_RIDE_4,18,0,450,BLOW,0,1,1,100,41,41,0,0,0,0,0,0,0,0,0,0,0,0,0,0,0,0,0,0,0,0,0,0,0,0,0,0,
14569200,アルセイドの球根,14569200,1,0,0,PLANT_RIDE_4,18,0,450,BLOW,0,1,1,100,41,41,0,0,0,0,0,0,0,0,0,0,0,0,0,0,0,0,0,0,0,0,0,0,0,0,0,0,
14569300,アルルーンの球根,14569300,1,0,0,PLANT_RIDE_4,18,0,450,BLOW,0,1,1,100,41,41,0,0,0,0,0,0,0,0,0,0,0,0,0,0,0,0,0,0,0,0,0,0,0,0,0,0,
14569400,アルビノドリアードの球根,14569400,1,0,0,PLANT_RIDE_4,18,0,450,BLOW,0,1,1,100,41,41,0,0,0,0,0,0,0,0,0,0,0,0,0,0,0,0,0,0,0,0,0,0,0,0,0,0,
#パズドラ,,,,,,,,,,,,,,,,,,,,,,,,,,,,,,,,,,,,,,,,,,,
17910000,現世の赤龍喚士?ソニア,17910000,1,0,0,HUMAN_236,3,1,450,STAB,0,1,1,100,41,41,0,0,0,0,0,0,0,0,30478,30479,30480,30481,30482,30488,0,0,0,0,0,0,0,0,0,1,0,0,
#2015年5月くじ,,,,,,,,,,,,,,,,,,,,,,,,,,,,,,,,,,,,,,,,,,,
17920000,スケルトンシューター????,17920000,1,0,0,HUMAN_237,13,0,450,STAB,1,5,1,100,41,41,0,0,0,0,0,0,0,0,30444,30445,30446,30447,30448,30449,0,0,0,0,0,0,0,0,0,1,0,20,
17930000,スケルトンシューター,17930000,1,0,0,UNDEAD_RIDE_4,18,0,450,STAB,0,1,0,0,41,41,0,0,0,0,0,0,0,0,30444,30445,30446,30447,30448,30449,0,0,0,0,0,0,0,0,0,0,0,0,
17940000,トモダチ?コランダム,17940000,1,0,0,MAGIC_CREATURE_238,7,0,450,BLOW,0,1,1,100,41,41,0,0,0,0,0,0,0,0,30450,30451,30452,30453,30454,30455,0,0,0,0,0,0,0,0,0,1,0,20,
15420200,おしゃれなスーツケース,15420200,1,0,0,MAGIC_CREATURE_RIDE_4,18,0,450,BLOW,0,1,0,0,41,41,0,0,0,0,0,0,0,0,0,0,0,0,0,0,0,0,0,0,0,0,0,0,0,0,0,0,
#特典,,,,,,,,,,,,,,,,,,,,,,,,,,,,,,,,,,,,,,,,,,,
17950000,ダンプティー（Mary）,17950000,1,0,0,HUMAN_239,13,0,350,BLOW,0,1,1,100,41,41,0,0,0,0,0,0,0,0,30013,30095,30104,30008,30027,30456,0,0,0,0,0,0,0,0,0,1,0,20,
17960000,ダンプティー,17960000,1,0,0,MAGIC_CREATURE_RIDE_4,18,0,475,BLOW,0,1,0,0,41,41,0,0,0,0,0,0,0,0,30013,30095,30104,30008,30027,30456,0,0,0,0,0,0,0,0,0,0,0,0,
#特典,,,,,,,,,,,,,,,,,,,,,,,,,,,,,,,,,,,,,,,,,,,
17870000,狐紅丸,17870000,1,0,0,MAGIC_CREATURE_241,7,0,450,SLASH,0,1,1,100,41,41,0,0,0,0,0,0,0,0,30056,30457,30458,30460,30462,30464,0,0,0,0,0,0,0,0,0,1,0,0,
17870001,黒狐丸,17870001,0.9,0,0,MAGIC_CREATURE_242,7,0,450,SLASH,0,1,1,100,41,41,0,0,0,0,0,0,0,0,30056,30457,30458,30459,30461,30463,0,0,0,0,0,0,0,0,0,1,0,0,
#2015年6月くじ,,,,,,,,,,,,,,,,,,,,,,,,,,,,,,,,,,,,,,,,,,,
18000000,スペクター?アルマ,18000000,1,0,0,HUMAN_243,13,0,450,BLOW,0,1,1,100,41,41,0,0,0,0,0,0,0,0,30465,30466,30467,30468,30469,30470,30471,0,0,0,0,0,0,0,0,1,0,20,
18010000,スペクター,18010000,1,0,0,UNDEAD_RIDE_4,18,0,450,BLOW,0,1,0,0,41,41,0,0,0,0,0,0,0,0,30465,30466,30467,30468,30469,30470,30471,0,0,0,0,0,0,0,0,0,0,0,
18020000,アベンジャー?アルマ,18020000,1,0,0,HUMAN_244,13,0,450,SLASH,0,1,1,100,41,41,0,0,0,0,0,0,0,0,30472,30473,30474,30475,30476,30477,0,0,0,0,0,0,0,0,0,1,0,20,
17720001,ユニコーン（黒）,17720001,1,0,0,ANIMAL_RIDE_4,18,0,450,STAB,0,1,0,0,41,41,0,0,0,0,0,0,0,0,0,0,0,0,0,0,0,0,0,0,0,0,0,0,0,0,0,0,
#2015年7月くじ,,,,,,,,,,,,,,,,,,,,,,,,,,,,,,,,,,,,,,,,,,,
18050000,ニドエッグ?アルマ,18050000,1,0,0,HUMAN_246,13,0,450,BLOW,0,1,1,100,41,41,0,0,0,0,0,0,0,0,30489,30490,30492,30493,30494,30495,0,0,0,0,0,0,0,0,0,1,0,20,
18060000,ニドエッグ,18060000,1,0,0,MAGIC_CREATURE_RIDE_4,18,1,450,BLOW,0,1,0,0,41,41,0,0,0,0,0,0,0,0,30489,30490,30492,30493,30494,30495,0,0,0,0,0,0,0,0,0,0,0,0,
18070000,ギーゴ?アルマ,18070000,1,0,0,HUMAN_247,13,1,450,SLASH,0,2,1,100,41,41,0,0,0,0,0,0,0,0,30491,30496,30497,30498,30499,30500,30501,0,0,0,0,0,0,0,0,1,0,20,
14500001,ニドエッグボード（ブルー）,14500001,1,0,0,MAGIC_CREATURE_RIDE_4,18,0,450,BLOW,0,1,0,0,41,41,0,0,0,0,0,0,0,0,0,0,0,0,0,0,0,0,0,0,0,0,0,0,0,0,0,0,
14500002,ニドエッグボード（イエロー）,14500002,1,0,0,MAGIC_CREATURE_RIDE_4,18,0,450,BLOW,0,1,0,0,41,41,0,0,0,0,0,0,0,0,0,0,0,0,0,0,0,0,0,0,0,0,0,0,0,0,0,0,
14500003,ニドエッグボード（ピンク）,14500003,1,0,0,MAGIC_CREATURE_RIDE_4,18,0,450,BLOW,0,1,0,0,41,41,0,0,0,0,0,0,0,0,0,0,0,0,0,0,0,0,0,0,0,0,0,0,0,0,0,0,
16620001,ワイルド?カー,16620001,1,0,0,MACHINE_RIDE_4,18,0,450,BLOW,0,1,0,0,41,41,0,0,0,0,0,0,0,0,0,0,0,0,0,0,0,0,0,0,0,0,0,0,0,0,0,0,
#2015年8月くじ,,,,,,,,,,,,,,,,,,,,,,,,,,,,,,,,,,,,,,,,,,,
18080000,ホウオウ?アルマ,18080000,1,0,0,HUMAN_248,13,0,450,SLASH,0,1,2,100,41,41,0,0,0,0,0,0,0,0,30502,30503,30504,30505,30506,30507,0,0,0,0,0,0,0,0,0,1,0,20,
18090000,ホウオウ,18090000,1,0,0,MAGIC_CREATURE_RIDE_4,18,1,450,SLASH,0,1,0,0,41,41,0,0,0,0,0,0,0,0,30502,30503,30504,30505,30506,30507,0,0,0,0,0,0,0,0,0,0,0,0,
16900001,白面金毛九尾ノ狐（黒）,16870001,0.8,0,0,ANIMAL_170,7,0,450,BLOW,0,1,1,100,41,41,0,0,0,0,0,0,0,0,30076,30018,30078,30102,30071,0,0,0,0,0,0,0,0,0,0,1,0,20,
16870001,白面金毛九尾ノ狐（黒?騎乗）,16870001,1,0,0,ANIMAL_RIDE_4,18,0,450,BLOW,0,1,0,0,41,41,0,0,0,0,0,0,0,0,0,0,0,0,0,0,0,0,0,0,0,0,0,0,0,0,0,0,
18100000,キラーマシーン?アルマ,18100000,1,0,0,HUMAN_249,13,1,450,SLASH,1,4,1,100,41,41,0,0,0,0,0,0,0,0,30508,30509,30510,30511,30512,30513,0,0,0,0,0,0,0,0,0,1,0,20,
14256002,インペリアルバイク（シルバー）,14256002,1,0,0,MACHINE_RIDE_4,18,0,500,STAB,0,1,0,0,41,41,0,0,0,0,0,0,0,0,0,0,0,0,0,0,0,0,0,0,0,0,0,0,0,0,0,0,
#2015年7月施策,,,,,,,,,,,,,,,,,,,,,,,,,,,,,,,,,,,,,,,,,,,
19010155,ウルのワクワクハート,19010155,0.79,223,0,HUMAN_250,15,0,450,BLOW,0,1,1,100,41,41,0,0,0,0,0,0,0,0,30196,30038,30514,30515,30014,30516,30068,0,0,0,0,0,0,0,0,1,0,0,
#2015年9月くじ,,,,,,,,,,,,,,,,,,,,,,,,,,,,,,,,,,,,,,,,,,,
18140000,モーラン?アルマ,18140000,1,0,0,HUMAN_252,13,0,450,BLOW,0,1,1,100,41,41,6201,6203,6205,6207,0,0,0,0,30532,30533,30534,30535,30536,30537,0,0,0,0,0,0,0,0,0,1,0,20,
18150000,モーラン,18150000,1,0,0,PLANT_RIDE_4,18,0,450,BLOW,0,1,0,0,41,41,0,0,0,0,0,0,0,0,30532,30533,30534,30535,30536,30537,0,0,0,0,0,0,0,0,0,0,0,0,
18130000,アルケー?アルマ,18130000,1,0,0,HUMAN_253,13,0,450,BLOW,0,1,1,100,41,41,0,0,0,0,0,0,0,0,30538,30539,30540,30541,30542,30543,0,0,0,0,0,0,0,0,0,1,0,20,
18160000,カップル☆自転車,18160000,1,0,0,MACHINE_RIDE_4,18,0,450,STAB,0,1,0,0,41,41,0,0,0,0,0,0,0,0,0,0,0,0,0,0,0,0,0,0,0,0,0,0,0,0,0,0,
#みんつく,,,,,,,,,,,,,,,,,,,,,,,,,,,,,,,,,,,,,,,,,,,
17970000,みんつくタイニー,17970000,1,0,0,ANIMAL_254,8,0,450,BLOW,0,1,1,100,41,41,0,0,0,0,0,0,0,0,30517,30518,30519,30520,30521,30522,30523,0,0,0,0,0,0,0,0,1,0,0,
#コミック,,,,,,,,,,,,,,,,,,,,,,,,,,,,,,,,,,,,,,,,,,,
18030000,エコ坊?アルマ,18030000,1,0,0,HUMAN_255,13,0,450,BLOW,0,1,1,100,41,41,0,0,0,0,0,0,0,0,30524,30525,30526,30527,30528,30529,30530,30531,0,0,0,0,0,0,0,1,0,0,
#2015年10月くじ,,,,,,,,,,,,,,,,,,,,,,,,,,,,,,,,,,,,,,,,,,,
18170000,ベイヤール?アルマ,18170000,1,0,0,HUMAN_256,13,0,450,BLOW,0,1,1,100,41,41,0,0,0,0,0,0,0,0,30544,30545,30546,30547,30548,30549,0,0,0,0,0,0,0,0,0,1,0,20,
18180000,ベイヤール,18180000,1,0,0,ANIMAL_RIDE_4,18,0,450,BLOW,0,1,0,0,41,41,0,0,0,0,0,0,0,0,30544,30545,30546,30547,30548,30549,0,0,0,0,0,0,0,0,0,0,0,0,
17550001,真紅の浮遊石,17550001,1,0,0,MAGIC_CREATURE_RIDE_4,18,1,450,BLOW,0,1,1,100,41,41,0,0,0,0,0,0,0,0,0,0,0,0,0,0,0,0,0,0,0,0,0,0,0,0,0,0,
18200000,スタートラー?アルマ,18200000,1,0,0,HUMAN_257,13,0,450,SLASH,0,1,1,100,41,41,0,0,0,0,0,0,0,0,30550,30551,30552,30553,30554,0,0,0,0,0,0,0,0,0,0,1,0,20,
18190000,ファーマー?カート,18190000,1,0,0,HUMAN_RIDE_4,18,0,450,STAB,0,1,0,0,41,41,0,0,0,0,0,0,0,0,0,0,0,0,0,0,0,0,0,0,0,0,0,0,0,0,0,0,
#アニバCD2015,,,,,,,,,,,,,,,,,,,,,,,,,,,,,,,,,,,,,,,,,,,
18210000,カナデのメイガスハート,18210000,1,0,0,HUMAN_258,15,0,450,BLOW,0,1,1,100,41,41,0,0,0,0,0,0,0,0,30006,30037,30025,30064,30555,30556,30557,30558,0,0,0,0,0,0,0,1,0,20,
#2015年11月くじ,,,,,,,,,,,,,,,,,,,,,,,,,,,,,,,,,,,,,,,,,,,
18230000,サンドラット?アルマ,18230000,1,0,0,HUMAN_259,13,0,450,BLOW,0,1,1,100,41,41,0,0,0,0,0,0,0,0,30559,30560,30561,30562,30563,30564,0,0,0,0,0,0,0,0,0,1,0,20,
18240000,サンドラット,18240000,1,0,0,ANIMAL_RIDE_4,18,0,450,BLOW,0,1,0,0,41,41,0,0,0,0,0,0,0,0,30559,30560,30561,30562,30563,30564,0,0,0,0,0,0,0,0,0,0,0,0,
17390001,秋色スクーター,17390001,1,0,0,MACHINE_RIDE_4,18,0,450,STAB,0,1,0,0,41,41,0,0,0,0,0,0,0,0,0,0,0,0,0,0,0,0,0,0,0,0,0,0,0,0,0,0,
18250000,マタンガ?アルマ,18250000,1,0,0,HUMAN_260,13,0,450,BLOW,0,1,1,100,41,41,0,0,0,0,0,0,0,0,30565,30566,30567,30568,30569,30570,0,0,0,0,0,0,0,0,0,1,0,20,
17200001,きのこシチューのレシピ本,17200001,1,0,0,MAGIC_CREATURE_RIDE_4,18,0,475,STAB,0,1,0,0,41,41,0,0,0,0,0,0,0,0,0,0,0,0,0,0,0,0,0,0,0,0,0,0,0,0,0,0,
#2015年10月施策,,,,,,,,,,,,,,,,,,,,,,,,,,,,,,,,,,,,,,,,,,,
19010156,ルゥのドキドキハート,19010156,0.79,229,0,HUMAN_261,15,0,450,BLOW,0,1,1,100,41,41,0,0,0,0,0,0,0,0,30027,30022,30571,30572,30573,30068,30574,0,0,0,0,0,0,0,0,1,0,0,
#Favorite oneコラボ用アイテム ,,,,,,,,,,,,,,,,,,,,,,,,,,,,,,,,,,,,,,,,,,,
18220000,イリス?ロア（Favorite）,18220000,1,0,0,HUMAN_263,16,0,450,BLOW,0,1,1,100,41,41,0,0,0,0,0,0,0,0,30575,30576,30577,30578,30579,30580,30581,30582,0,0,0,0,0,0,0,1,0,0,
#2015年12月くじ,,,,,,,,,,,,,,,,,,,,,,,,,,,,,,,,,,,,,,,,,,,
18260000,クリスタル?アルマ,18260000,1,0,0,HUMAN_264,13,0,450,SLASH,0,1,1,100,41,41,0,0,0,0,0,0,0,0,30589,30590,30591,30592,30593,0,0,0,0,0,0,0,0,0,0,1,0,20,
18270000,クリスタル,18270000,1,0,0,MAGIC_CREATURE_RIDE_4,18,0,450,BLOW,0,1,0,0,41,41,0,0,0,0,0,0,0,0,30589,30590,30591,30592,30593,0,0,0,0,0,0,0,0,0,0,0,0,0,
15400001,桃色アザラシ,15400001,1,0,0,ANIMAL_RIDE_4,18,0,475,STAB,0,1,0,0,41,41,0,0,0,0,0,0,0,0,0,0,0,0,0,0,0,0,0,0,0,0,0,0,0,0,0,0,
18280000,アーチン?アルマ,18280000,1,0,0,HUMAN_265,13,0,450,BLOW,0,1,1,100,41,41,0,0,0,0,0,0,0,0,30594,30595,30596,30597,30598,0,0,0,0,0,0,0,0,0,0,1,0,20,
16080001,パンキッシュスケボ,16080001,1,0,0,ANIMAL_RIDE_4,18,1,450,STAB,0,1,0,0,41,41,0,0,0,0,0,0,0,0,0,0,0,0,0,0,0,0,0,0,0,0,0,0,0,0,0,0,
#2015年13体目,,,,,,,,,,,,,,,,,,,,,,,,,,,,,,,,,,,,,,,,,,,
18110000,モクジュ?アルマ,18110000,1,0,0,HUMAN_266,13,0,450,SLASH,0,1,1,100,41,41,0,0,0,0,0,0,0,0,30583,30584,30585,30586,30587,30588,0,0,0,0,0,0,0,0,0,1,0,0,
#2015年アニバBOX,,,,,,,,,,,,,,,,,,,,,,,,,,,,,,,,,,,,,,,,,,,
14000002,空飛ぶじゅうたん（１０ｔｈ）,14000002,1,0,0,MAGIC_CREATURE_RIDE_4,18,0,450,STAB,0,1,0,0,41,41,0,0,0,0,0,0,0,0,0,0,0,0,0,0,0,0,0,0,0,0,0,0,0,0,0,0,
#2016年1月くじ,,,,,,,,,,,,,,,,,,,,,,,,,,,,,,,,,,,,,,,,,,,
18310000,アスモデウス,18310000,1,0,0,HUMAN_268,19,0,450,SLASH,0,1,1,100,41,41,0,0,0,0,0,0,0,0,30599,30600,30601,30602,0,0,0,0,0,0,0,0,0,0,0,1,0,20,
15970100,地獄の竜,15970100,1,0,0,ANIMAL_RIDE_4,18,0,450,BLOW,0,1,0,0,41,41,0,0,0,0,0,0,0,0,0,0,0,0,0,0,0,0,0,0,0,0,0,0,0,0,0,0,
18300000,ホワイトファング?アルマ,18300000,1,0,0,HUMAN_269,13,0,430,STAB,0,2,1,100,41,41,6307,6309,6350,6311,0,0,0,0,30603,30604,30605,30606,0,0,0,0,0,0,0,0,0,0,0,1,0,20,
15800100,ほわいと三兄弟,15800100,1,0,0,ANIMAL_270,1,0,450,STAB,0,1,1,100,41,41,6307,6309,6350,6311,0,0,0,0,30002,30003,30096,30097,0,0,0,0,0,0,0,0,0,0,0,1,0,20,
#2016年1月キャンペーン（シュタインズゲート）,,,,,,,,,,,,,,,,,,,,,,,,,,,,,,,,,,,,,,,,,,,
18330000,聖王アーサー,18330000,1,0,0,HUMAN_271,3,0,450,SLASH,0,2,1,100,41,41,0,0,0,0,0,0,0,0,30624,30625,30626,30627,30628,0,0,0,0,0,0,0,0,0,0,1,0,0,
#2016年2月くじ,,,,,,,,,,,,,,,,,,,,,,,,,,,,,,,,,,,,,,,,,,,
18360000,ワルキューレ,18360000,1,0,0,HUMAN_272,19,0,450,STAB,0,1,1,100,41,41,0,0,0,0,0,0,0,0,30607,30608,30609,30610,0,0,0,0,0,0,0,0,0,0,0,1,0,20,
16570001,戦乙女のチャリオット,16570001,1,0,0,MAGIC_CREATURE_RIDE_4,18,0,475,STAB,0,1,0,0,41,41,0,0,0,0,0,0,0,0,0,0,0,0,0,0,0,0,0,0,0,0,0,0,0,0,0,0,
18370000,シナモン?アルマ,18370000,1,0,0,HUMAN_273,13,0,450,BLOW,0,1,1,100,41,41,0,0,0,0,0,0,0,0,30611,30612,30613,30614,0,0,0,0,0,0,0,0,0,0,0,1,0,20,
18380000,トコトコ?シナモン,18380000,0.4,0,0,ANIMAL_274,7,0,450,BLOW,0,1,1,100,41,41,0,0,0,0,0,0,0,0,30000,30027,30031,30070,0,0,0,0,0,0,0,0,0,0,0,1,0,20,
18380001,トコトコ?ウィリー,18380001,0.4,0,0,ANIMAL_274,7,0,450,BLOW,0,1,1,100,41,41,0,0,0,0,0,0,0,0,30000,30027,30031,30070,0,0,0,0,0,0,0,0,0,0,0,1,0,20,
18380002,トコトコ?ココナッツ,18380002,0.4,0,0,ANIMAL_274,7,0,450,BLOW,0,1,1,100,41,41,0,0,0,0,0,0,0,0,30000,30027,30031,30070,0,0,0,0,0,0,0,0,0,0,0,1,0,20,
#AAA4,,,,,,,,,,,,,,,,,,,,,,,,,,,,,,,,,,,,,,,,,,,
18420000,キャノンキャリアー（緑）,18420000,1,0,0,INSECT_5,2,0,300,STAB,0,5,1,100,41,41,0,0,0,0,0,0,0,0,30615,30616,30617,30618,30619,0,0,0,0,0,0,0,0,0,0,1,0,0,
18420001,ミニキャノンキャリアー（緑）,18420000,0.8,0,0,INSECT_5,2,0,300,STAB,0,5,1,100,41,41,0,0,0,0,0,0,0,0,30615,30616,30617,30618,30619,0,0,0,0,0,0,0,0,0,0,1,0,0,
18420100,キャノンキャリアー（赤）,18420001,1,0,0,INSECT_5,2,0,300,STAB,0,5,1,100,41,41,0,0,0,0,0,0,0,0,30615,30616,30617,30618,30619,0,0,0,0,0,0,0,0,0,0,1,0,0,
18420101,ミニキャノンキャリアー（赤）,18420001,0.8,0,0,INSECT_5,2,0,300,STAB,0,5,1,100,41,41,0,0,0,0,0,0,0,0,30615,30616,30617,30618,30619,0,0,0,0,0,0,0,0,0,0,1,0,0,
18420200,キャノンキャリアー（紫）,18420002,1,0,0,INSECT_5,2,0,300,STAB,0,5,1,100,41,41,0,0,0,0,0,0,0,0,30615,30616,30617,30618,30619,0,0,0,0,0,0,0,0,0,0,1,0,0,
18420201,ミニキャノンキャリアー（紫）,18420002,0.8,0,0,INSECT_5,2,0,300,STAB,0,5,1,100,41,41,0,0,0,0,0,0,0,0,30615,30616,30617,30618,30619,0,0,0,0,0,0,0,0,0,0,1,0,0,
18420400,キャノンキャリアー（青）,18420004,1,0,0,INSECT_5,2,0,300,STAB,0,5,1,100,41,41,0,0,0,0,0,0,0,0,30615,30616,30617,30618,30619,0,0,0,0,0,0,0,0,0,0,1,0,0,
18420401,ミニキャノンキャリアー（青）,18420004,0.8,0,0,INSECT_5,2,0,300,STAB,0,5,1,100,41,41,0,0,0,0,0,0,0,0,30615,30616,30617,30618,30619,0,0,0,0,0,0,0,0,0,0,1,0,0,
18420800,キャノンキャリアー（黄）,18420008,1,0,0,INSECT_5,2,0,300,STAB,0,5,1,100,41,41,0,0,0,0,0,0,0,0,30615,30616,30617,30618,30619,0,0,0,0,0,0,0,0,0,0,1,0,0,
18420801,ミニキャノンキャリアー（黄）,18420008,0.8,0,0,INSECT_5,2,0,300,STAB,0,5,1,100,41,41,0,0,0,0,0,0,0,0,30615,30616,30617,30618,30619,0,0,0,0,0,0,0,0,0,0,1,0,0,
18421200,キャノンキャリアー（毛）,18420012,1,0,0,INSECT_5,2,0,300,STAB,0,5,1,100,41,41,0,0,0,0,0,0,0,0,30615,30616,30617,30618,30619,0,0,0,0,0,0,0,0,0,0,1,0,0,
18421201,ミニキャノンキャリアー（毛）,18420012,0.8,0,0,INSECT_5,2,0,300,STAB,0,5,1,100,41,41,0,0,0,0,0,0,0,0,30615,30616,30617,30618,30619,0,0,0,0,0,0,0,0,0,0,1,0,0,
18422000,キャノンキャリアー（白）,18420020,1,0,0,INSECT_5,2,0,300,STAB,0,5,1,100,41,41,0,0,0,0,0,0,0,0,30615,30616,30617,30618,30619,0,0,0,0,0,0,0,0,0,0,1,0,0,
18422001,ミニキャノンキャリアー（白）,18420020,0.8,0,0,INSECT_5,2,0,300,STAB,0,5,1,100,41,41,0,0,0,0,0,0,0,0,30615,30616,30617,30618,30619,0,0,0,0,0,0,0,0,0,0,1,0,0,
18426000,キャノンキャリアー（岩）,18420060,1,0,0,INSECT_5,2,0,300,STAB,0,5,1,100,41,41,0,0,0,0,0,0,0,0,30615,30616,30617,30618,30619,0,0,0,0,0,0,0,0,0,0,1,0,0,
18426001,ミニキャノンキャリアー（岩）,18420060,0.8,0,0,INSECT_5,2,0,300,STAB,0,5,1,100,41,41,0,0,0,0,0,0,0,0,30615,30616,30617,30618,30619,0,0,0,0,0,0,0,0,0,0,1,0,0,
10136013,黒狼,10136011,0.9,0,0,ANIMAL_4,1,0,400,SLASH,0,1,1,100,41,41,6307,6309,6350,6311,0,0,0,0,30098,30099,30100,30620,30621,30622,30623,0,0,0,0,0,0,0,0,1,0,0,
#2016年3月くじ,,,,,,,,,,,,,,,,,,,,,,,,,,,,,,,,,,,,,,,,,,,
18460000,ヤタガラス,18460000,1,0,0,HUMAN_275,19,0,450,SLASH,0,1,1,100,41,41,0,0,0,0,0,0,0,0,30629,30630,30631,30632,0,0,0,0,0,0,0,0,0,0,0,1,0,20,
16680001,コッカラス軍団,16680001,1,0,0,BIRD_RIDE_4,18,0,450,BLOW,0,1,0,0,41,41,0,0,0,0,0,0,0,0,0,0,0,0,0,0,0,0,0,0,0,0,0,0,0,0,0,0,
18470000,サイクロプス?アルマ,18470000,1,0,0,HUMAN_276,13,0,450,BLOW,0,1,1,100,41,41,0,0,0,0,0,0,0,0,30633,30634,30635,30636,0,0,0,0,0,0,0,0,0,0,0,1,0,20,
16240100,ライオン,16240100,1,0,0,ANIMAL_RIDE_4,18,0,450,BLOW,0,1,0,0,41,41,0,0,0,0,0,0,0,0,0,0,0,0,0,0,0,0,0,0,0,0,0,0,0,0,0,0,
#2016年びっくりライドパートナー　追加,,,,,,,,,,,,,,,,,,,,,,,,,,,,,,,,,,,,,,,,,,,
18340000,びっくりおこた,18340000,1,0,0,MAGIC_CREATURE_RIDE_4,18,0,480,BLOW,0,1,0,0,41,41,0,0,0,0,0,0,0,0,0,0,0,0,0,0,0,0,0,0,0,0,0,0,0,0,0,0,
#AAA4,,,,,,,,,,,,,,,,,,,,,,,,,,,,,,,,,,,,,,,,,,,
19010157,ホムンクルス（成熟）,19010157,1,238,0,MAGIC_CREATURE_277,7,0,410,BLOW,0,1,1,100,41,41,0,0,0,0,0,0,0,0,30637,30638,30639,30640,30004,30006,0,0,0,0,0,0,0,0,0,1,0,0,
#2016年2月キャンペーン（ケリ姫）,,,,,,,,,,,,,,,,,,,,,,,,,,,,,,,,,,,,,,,,,,,
18440000,ケリ姫,18440000,1,0,0,HUMAN_278,3,0,450,BLOW,0,1,1,100,41,41,0,0,0,0,0,0,0,0,30641,30642,30643,30644,30645,30646,30647,0,0,0,0,0,0,0,0,1,0,0,
#,,,,,,,,,,,,,,,,,,,,,,,,,,,,,,,,,,,,,,,,,,,
18120000,ウルゥのヒトトセハート,18120000,0.9,0,0,HUMAN_279,15,0,450,BLOW,0,1,1,100,41,41,0,0,0,0,0,0,0,0,30648,30143,30068,30574,30031,30649,30650,30651,0,0,0,0,0,0,0,1,0,0,
#2016年4月くじ,,,,,,,,,,,,,,,,,,,,,,,,,,,,,,,,,,,,,,,,,,,
18500000,リヴァイアサン,18500000,1,0,0,HUMAN_280,19,0,450,BLOW,0,1,1,100,41,41,0,0,0,0,0,0,0,0,30652,30653,30654,30655,0,0,0,0,0,0,0,0,0,0,0,1,0,20,
18510000,クリムゾンバウ?アルマ,18510000,1,0,0,HUMAN_281,13,0,450,BLOW,0,1,1,100,41,41,0,0,0,0,0,0,0,0,30656,30657,30658,30659,0,0,0,0,0,0,0,0,0,0,0,1,0,20,
17615000,搭乗型体感ゲームのパワードスーツ,17615000,1,0,0,MACHINE_RIDE_4,18,0,450,BLOW,0,1,1,100,41,41,0,0,0,0,0,0,0,0,0,0,0,0,0,0,0,0,0,0,0,0,0,0,0,0,0,0,
#10周年ファンブック特典,,,,,,,,,,,,,,,,,,,,,,,,,,,,,,,,,,,,,,,,,,,
18350000,プリンセス?タイニー????,18350000,1,0,0,HUMAN_282,13,0,450,BLOW,0,1,1,100,41,41,0,0,0,0,0,0,0,0,30660,30095,30068,30661,30031,30042,30662,30663,0,0,0,0,0,0,0,1,0,20,
15320100,プリンセス?タイニー,15320100,1,0,0,MAGIC_CREATURE_RIDE_4,18,0,475,STAB,0,1,0,0,41,41,0,0,0,0,0,0,0,0,30660,30095,30068,30661,30031,30042,30662,30663,0,0,0,0,0,0,0,0,0,0,
#2016年5月くじ,,,,,,,,,,,,,,,,,,,,,,,,,,,,,,,,,,,,,,,,,,,
18550000,イシス,18550000,1,0,0,HUMAN_283,19,0,450,BLOW,0,1,1,100,41,41,0,0,0,0,0,0,0,0,30664,30665,30666,30667,0,0,0,0,0,0,0,0,0,0,0,1,0,20,
18560000,メジェド,18560000,1,0,0,MAGIC_CREATURE_285,7,0,450,BLOW,0,1,1,100,41,41,0,0,0,0,0,0,0,0,30000,30027,30031,30672,0,0,0,0,0,0,0,0,0,0,0,1,0,20,
18570000,バルーンピッグー?アルマ,18570000,1,0,0,HUMAN_284,13,0,450,SLASH,0,1,1,100,41,41,0,0,0,0,0,0,0,0,30668,30669,30670,30671,0,0,0,0,0,0,0,0,0,0,0,1,0,20,
#2016年6月くじ,,,,,,,,,,,,,,,,,,,,,,,,,,,,,,,,,,,,,,,,,,,
18610000,イザナミ,18610000,1,0,0,HUMAN_286,19,0,450,SLASH,0,2,1,100,41,41,0,0,0,0,0,0,0,0,30673,30674,30675,30676,0,0,0,0,0,0,0,0,0,0,0,1,0,20,
18620000,カグツチ,18620000,1,0,0,MAGIC_CREATURE_287,7,0,450,BLOW,0,1,1,100,41,41,0,0,0,0,0,0,0,0,30681,30682,30683,30684,0,0,0,0,0,0,0,0,0,0,0,1,0,20,
18630000,フォックストロットB3????,18630000,1,0,0,HUMAN_288,13,0,450,STAB,0,1,1,100,41,41,0,0,0,0,0,0,0,0,30677,30678,30679,30680,0,0,0,0,0,0,0,0,0,0,0,1,0,20,
18640000,搭乗型フォックストロットＢ３,18640000,1,0,0,MACHINE_RIDE_4,18,0,450,STAB,0,1,1,100,41,41,0,0,0,0,0,0,0,0,0,0,0,0,0,0,0,0,0,0,0,0,0,0,0,0,0,0,
#2016年7月くじ,,,,,,,,,,,,,,,,,,,,,,,,,,,,,,,,,,,,,,,,,,,
18710000,相方ポイズンジェル,18710000,1,0,0,MAGIC_CREATURE_RIDE_4,18,0,475,BLOW,0,1,0,0,41,41,0,0,0,0,0,0,0,0,0,0,0,0,0,0,0,0,0,0,0,0,0,0,0,0,0,0,
18730000,ケルベロス,18730000,1,0,0,HUMAN_289,19,0,450,BLOW,0,1,1,100,41,41,0,0,0,0,0,0,0,0,30685,30686,30687,30688,0,0,0,0,0,0,0,0,0,0,0,1,0,20,
18740000,忠犬わんわん,18740000,1,0,0,ANIMAL_RIDE_4,18,0,450,BLOW,0,1,0,0,41,41,0,0,0,0,0,0,0,0,0,0,0,0,0,0,0,0,0,0,0,0,0,0,0,0,0,0,
18750000,ポイズンジェル?アルマ,18750000,1,0,0,HUMAN_290,13,0,450,BLOW,0,1,1,100,41,41,0,0,0,0,0,0,0,0,30689,30690,30691,30692,0,0,0,0,0,0,0,0,0,0,0,1,0,20,
#2016年8月くじ,,,,,,,,,,,,,,,,,,,,,,,,,,,,,,,,,,,,,,,,,,,
18760000,バフォメット,18760000,1,0,0,HUMAN_291,19,0,450,BLOW,0,1,1,100,41,41,0,0,0,0,0,0,0,0,30693,30694,30695,30696,0,0,0,0,0,0,0,0,0,0,0,1,0,20,
18770000,ダークネスゴート,18770000,1,0,0,ANIMAL_RIDE_4,18,0,450,STAB,0,1,0,0,41,41,0,0,0,0,0,0,0,0,0,0,0,0,0,0,0,0,0,0,0,0,0,0,0,0,0,0,
18780000,スペルキャスター?アルマ,18780000,1,0,0,HUMAN_292,13,0,450,BLOW,0,1,1,100,41,41,0,0,0,0,0,0,0,0,30697,30698,30699,30700,0,0,0,0,0,0,0,0,0,0,0,1,0,20,
18790000,ホウキくん,18790000,1,0,0,MAGIC_CREATURE_293,7,0,450,BLOW,0,1,1,100,41,41,0,0,0,0,0,0,0,0,30013,30036,30076,30708,0,0,0,0,0,0,0,0,0,0,0,1,0,20,
18880000,ベーカリーカー,18880000,1,0,0,MACHINE_RIDE_4,18,0,450,BLOW,0,1,0,0,41,41,0,0,0,0,0,0,0,0,0,0,0,0,0,0,0,0,0,0,0,0,0,0,0,0,0,0,
#2016年みんつく,,,,,,,,,,,,,,,,,,,,,,,,,,,,,,,,,,,,,,,,,,,
18820000,タイニーホッピング,18820000,1,0,0,MACHINE_RIDE_4,18,0,440,BLOW,0,1,0,0,41,41,0,0,0,0,0,0,0,0,0,0,0,0,0,0,0,0,0,0,0,0,0,0,0,0,0,0,
#東亰サナドゥコラボ,,,,,,,,,,,,,,,,,,,,,,,,,,,,,,,,,,,,,,,,,,,
18590000,柊明日香,18590000,1,0,0,HUMAN_294,3,0,450,SLASH,0,1,1,100,41,41,0,0,0,0,0,0,0,0,30701,30702,30703,30704,30705,30706,30707,0,0,0,0,0,0,0,0,1,0,20,
18599900,柊明日香（お試し）,18590000,1,0,0,HUMAN_NOPITEM_294,3,0,450,SLASH,0,1,1,100,41,41,0,0,0,0,0,0,0,0,30701,30702,30703,30704,30705,30706,30707,0,0,0,0,0,0,0,0,0,0,0,
#2016年9月くじ,,,,,,,,,,,,,,,,,,,,,,,,,,,,,,,,,,,,,,,,,,,
18830000,カグヤ,18830000,1,0,0,HUMAN_295,19,0,450,STAB,1,7,1,100,41,41,0,0,0,0,0,0,0,0,30709,30710,30711,30712,0,0,0,0,0,0,0,0,0,0,0,1,0,20,
18840000,ウサロイド,18840000,1,0,0,MACHINE_297,5,0,450,SLASH,0,1,1,100,41,41,0,0,0,0,0,0,0,0,30071,30000,30015,30011,0,0,0,0,0,0,0,0,0,0,0,1,0,20,
18850000,モックー?アルマ,18850000,1,0,0,HUMAN_296,13,0,450,SLASH,0,1,1,100,41,41,0,0,0,0,0,0,0,0,30713,30714,30715,30716,0,0,0,0,0,0,0,0,0,0,0,1,0,20,
18860000,けんだまさん,18860000,0.6,0,0,MAGIC_CREATURE_298,7,0,450,BLOW,0,1,1,100,41,41,0,0,0,0,0,0,0,0,30023,30001,30003,0,0,0,0,0,0,0,0,0,0,0,0,1,0,20,
18900000,ＵＦＯ,18900000,1,0,0,MACHINE_RIDE_4,18,0,450,BLOW,0,1,0,0,41,41,0,0,0,0,0,0,0,0,0,0,0,0,0,0,0,0,0,0,0,0,0,0,0,0,0,0,
#2016年びっくりライドパートナー　追加　＃２,,,,,,,,,,,,,,,,,,,,,,,,,,,,,,,,,,,,,,,,,,,
18320000,びっくりおふとん,18320000,1,0,0,MAGIC_CREATURE_RIDE_4,18,0,480,BLOW,0,1,0,0,41,41,0,0,0,0,0,0,0,0,0,0,0,0,0,0,0,0,0,0,0,0,0,0,0,0,0,0,
#2016年10月くじ,,,,,,,,,,,,,,,,,,,,,,,,,,,,,,,,,,,,,,,,,,,
18890000,マッスル?パンプキン,18890000,1,0,0,MAGIC_CREATURE_301,7,0,450,BLOW,0,1,1,100,41,41,0,0,0,0,0,0,0,0,30008,30014,30029,30730,0,0,0,0,0,0,0,0,0,0,0,1,0,20,
18910000,リリム,18910000,1,0,0,HUMAN_299,19,0,450,BLOW,0,1,1,100,41,41,0,0,0,0,0,0,0,0,30717,30718,30719,30720,0,0,0,0,0,0,0,0,0,0,0,1,0,20,
18920000,ワイルドドラゴ?アルマ,18920000,1,0,0,HUMAN_300,13,0,450,BLOW,0,1,1,100,41,41,0,0,0,0,0,0,0,0,30721,30722,30723,30724,0,0,0,0,0,0,0,0,0,0,0,1,0,20,
#,,,,,,,,,,,,,,,,,,,,,,,,,,,,,,,,,,,,,,,,,,,
18690000,インスマウス?アルマ,18690000,1.2,0,0,HUMAN_302,13,0,450,BLOW,0,1,1,100,41,41,0,0,0,0,0,0,0,0,30725,30726,30727,30728,30729,0,0,0,0,0,0,0,0,0,0,1,0,0,
#2016年11月くじ,,,,,,,,,,,,,,,,,,,,,,,,,,,,,,,,,,,,,,,,,,,
18940000,麒麟,18940000,1,0,0,HUMAN_303,19,0,450,BLOW,0,1,1,100,41,41,0,0,0,0,0,0,0,0,30731,30732,30733,30734,0,0,0,0,0,0,0,0,0,0,0,1,0,20,
18950000,ライダースバイク,18950000,1,0,0,MACHINE_RIDE_4,18,0,450,BLOW,0,1,0,0,41,41,0,0,0,0,0,0,0,0,0,0,0,0,0,0,0,0,0,0,0,0,0,0,0,0,0,0,
18970000,びっくり折鶴,18970000,1,0,0,MAGIC_CREATURE_RIDE_4,18,0,470,BLOW,0,1,0,0,41,41,0,0,0,0,0,0,0,0,0,0,0,0,0,0,0,0,0,0,0,0,0,0,0,0,0,0,
18980000,ゴーチン?アルマ,18980000,1,0,0,HUMAN_304,13,0,450,BLOW,0,1,1,100,41,41,0,0,0,0,0,0,0,0,30735,30736,30737,30738,0,0,0,0,0,0,0,0,0,0,0,1,0,20,
#2016年12月くじ,,,,,,,,,,,,,,,,,,,,,,,,,,,,,,,,,,,,,,,,,,,
19090000,コッコー?アルマ,19090000,1,0,0,HUMAN_305,13,0,450,STAB,1,5,1,100,41,41,0,0,0,0,0,0,0,0,30751,30752,30753,30754,0,0,0,0,0,0,0,0,0,0,0,1,0,20,
19100000,バハムート,19100000,1,0,0,HUMAN_306,19,0,450,BLOW,0,1,1,100,41,41,0,0,0,0,0,0,0,0,30747,30748,30749,30750,0,0,0,0,0,0,0,0,0,0,0,1,0,20,
#アニバbox,,,,,,,,,,,,,,,,,,,,,,,,,,,,,,,,,,,,,,,,,,,
19120000,プレミアムオープンカー,19120000,1,0,0,MACHINE_RIDE_4,18,0,450,STAB,0,1,0,0,41,41,0,0,0,0,0,0,0,0,0,0,0,0,0,0,0,0,0,0,0,0,0,0,0,0,0,0,
#2016年12月くじライドパートナー,,,,,,,,,,,,,,,,,,,,,,,,,,,,,,,,,,,,,,,,,,,
19130000,ノーブルドラゴ,19130000,1,0,0,ANIMAL_RIDE_4,18,0,450,BLOW,0,1,0,0,41,41,0,0,0,0,0,0,0,0,0,0,0,0,0,0,0,0,0,0,0,0,0,0,0,0,0,0,
#EXCENTRIQUEファッションコラボくじ,,,,,,,,,,,,,,,,,,,,,,,,,,,,,,,,,,,,,,,,,,,
19140000,????????(EXCENTRIQUE),19140000,1,0,0,HUMAN_307,13,0,350,BLOW,0,1,1,100,41,41,0,0,0,0,0,0,0,0,30739,30740,30104,30741,30742,0,0,0,0,0,0,0,0,0,0,1,0,20,
#2016年13体目パートナー,,,,,,,,,,,,,,,,,,,,,,,,,,,,,,,,,,,,,,,,,,,
18930000,クロノス,18930000,1,0,0,HUMAN_308,19,0,450,BLOW,1,3,1,100,41,41,0,0,0,0,0,0,0,0,30743,30744,30745,30746,0,0,0,0,0,0,0,0,0,0,0,1,0,0,
#2016年1月びっくりライドパートナー,,,,,,,,,,,,,,,,,,,,,,,,,,,,,,,,,,,,,,,,,,,
18990000,びっくり乳母車,18990000,1,0,0,MACHINE_RIDE_4,18,0,450,STAB,0,1,0,0,41,41,0,0,0,0,0,0,0,0,0,0,0,0,0,0,0,0,0,0,0,0,0,0,0,0,0,0,
#2017年1月くじ,,,,,,,,,,,,,,,,,,,,,,,,,,,,,,,,,,,,,,,,,,,
19150000,ネコ執事,19150000,1,0,0,ANIMAL_309,7,,450,STAB,1,2,1,100,41,41,0,0,0,0,0,0,0,0,30004,30008,30009,30265,0,0,0,0,0,0,0,0,0,0,0,1,0,20,
19160000,アカリの守護魔ハート,19160000,1,264,0,HUMAN_310,15,0,450,SLASH,0,1,2,90,41,41,0,0,0,0,0,0,0,0,30755,30756,30757,30758,30763,0,0,0,0,0,0,0,0,0,0,1,15441,20,
19161000,守護魔?アカリ,19161000,0.65,264,0,HUMAN_310,11,0,475,SLASH,0,1,2,90,40,41,0,0,0,0,0,0,0,0,30755,30756,30757,30758,30763,0,0,0,0,0,0,0,0,0,0,1,15441,20,
19170000,コロボックル,19170000,1,0,0,MAGIC_CREATURE_311,7,0,450,BLOW,0,1,1,100,41,41,0,0,0,0,0,0,0,0,30000,30031,30069,30086,0,0,0,0,0,0,0,0,0,0,0,1,0,20,
19180000,ネコマタハート（シャル）,19180000,1,0,0,HUMAN_312,9,0,450,BLOW,0,1,1,100,41,41,0,0,0,0,0,0,0,0,30759,30760,30761,30762,30764,0,0,0,0,0,0,0,0,0,0,1,0,20,
#2017年抽選くじ付き年賀メール,,,,,,,,,,,,,,,,,,,,,,,,,,,,,,,,,,,,,,,,,,,
14250001,サイドカーバイク（金）,14250001,1,0,0,MACHINE_RIDE_4,18,0,450,STAB,0,1,0,0,41,41,0,0,0,0,0,0,0,0,0,0,0,0,0,0,0,0,0,0,0,0,0,0,0,0,0,0,
#電子書籍有料合本版キャンペーン,,,,,,,,,,,,,,,,,,,,,,,,,,,,,,,,,,,,,,,,,,,
18870000,イリス?ロア(教師風),18870000,1,0,0,HUMAN_321,16,0,450,BLOW,0,1,1,100,41,41,0,0,0,0,0,0,0,0,30255,30771,30021,30022,30052,0,0,0,0,0,0,0,0,0,0,1,0,20,
18870001,紙芝居屋アイリス(教師風),18870001,1,0,0,HUMAN_322,16,0,450,BLOW,0,1,1,100,41,41,0,0,0,0,0,0,0,0,30255,30772,30021,30022,30052,0,0,0,0,0,0,0,0,0,0,1,0,20,
18870002,アイリス?ロア(教師風),18870002,1,0,0,HUMAN_323,16,0,450,BLOW,0,1,1,100,41,41,0,0,0,0,0,0,0,0,30255,30773,30021,30022,30052,0,0,0,0,0,0,0,0,0,0,1,0,20,
#ECOドリーム長期利用CP景品パートナー,,,,,,,,,,,,,,,,,,,,,,,,,,,,,,,,,,,,,,,,,,,
19200000,カナデのアニバーサリーハート,19200000,1,0,0,HUMAN_313,15,0,450,BLOW,0,1,1,100,41,41,0,0,0,0,0,0,0,0,30765,30555,30766,30767,30768,30769,30770,0,0,0,0,0,0,0,0,1,0,20,
#2017年2月くじ,,,,,,,,,,,,,,,,,,,,,,,,,,,,,,,,,,,,,,,,,,,
19210000,フェールの守護魔ハート,19210000,1,0,0,HUMAN_314,15,0,450,STAB,0,1,1,100,41,41,0,0,0,0,0,0,0,0,30774,30775,30776,30777,30778,0,0,0,0,0,0,0,0,0,0,1,15453,20,
19211000,守護魔?フェール,19211000,0.65,0,0,HUMAN_314,11,0,475,STAB,0,1,1,100,40,41,0,0,0,0,0,0,0,0,30774,30775,30776,30777,30778,0,0,0,0,0,0,0,0,0,0,1,15453,20,
19220000,御魂?フロン,19220000,1,0,0,HUMAN_315,17,0,450,SLASH,0,1,1,100,41,41,0,0,0,0,0,0,0,0,30779,30780,30781,30782,30783,0,0,0,0,0,0,0,0,0,0,1,0,20,
19230000,ぷちポーン,19230000,1,0,0,MAGIC_CREATURE_316,7,0,450,STAB,0,1,1,100,41,41,0,0,0,0,0,0,0,0,30007,30015,30030,30039,0,0,0,0,0,0,0,0,0,0,0,1,0,20,
#2017年3月くじ,,,,,,,,,,,,,,,,,,,,,,,,,,,,,,,,,,,,,,,,,,,
19240000,ランの守護魔ハート,19240000,1,0,0,HUMAN_317,15,0,450,STAB,1,5,1,100,41,41,0,0,0,0,0,0,0,0,30784,30785,30786,30787,30788,0,0,0,0,0,0,0,0,0,0,1,7147,20,
19241000,守護魔?ラン,19241000,0.65,0,0,HUMAN_317,11,0,475,STAB,1,5,1,100,40,41,0,0,0,0,0,0,0,0,30784,30785,30786,30787,30788,0,0,0,0,0,0,0,0,0,0,1,7147,20,
19250000,ラム＆シルフィード,19250000,1,0,0,MAGIC_CREATURE_318,7,0,400,BLOW,0,1,1,100,40,40,0,0,0,0,0,0,0,0,30013,30036,30077,30116,0,0,0,0,0,0,0,0,0,0,0,1,0,20,
19260000,ジャバウォック,19260000,1,0,0,HUMAN_319,19,0,450,STAB,0,1,1,100,41,41,0,0,0,0,0,0,0,0,30789,30790,30791,30792,30793,0,0,0,0,0,0,0,0,0,0,1,0,20,
19270000,時計うさぎ,19270000,1,0,0,MAGIC_CREATURE_320,7,0,450,BLOW,0,1,1,100,41,41,0,0,0,0,0,0,0,0,30008,30088,30794,30795,0,0,0,0,0,0,0,0,0,0,0,1,0,20,
#メインストーリー,,,,,,,,,,,,,,,,,,,,,,,,,,,,,,,,,,,,,,,,,,,
19280000,ハスター,19280000,1,0,0,HUMAN_326,3,0,450,BLOW,1,1,1,100,41,41,0,0,0,0,0,0,0,0,30796,30797,30798,30799,30811,30800,0,0,0,0,0,0,0,0,0,1,0,0,
#2017年4月くじ,,,,,,,,,,,,,,,,,,,,,,,,,,,,,,,,,,,,,,,,,,,
19300000,トワの守護魔ハート,19300000,1,0,0,HUMAN_324,15,0,450,BLOW,0,1,1,100,41,41,0,0,0,0,0,0,0,0,30801,30802,30803,30804,30805,0,0,0,0,0,0,0,0,0,0,1,7154,20,
19301000,守護魔?トワ,19301000,0.65,0,0,HUMAN_324,11,0,475,BLOW,0,1,1,100,40,41,0,0,0,0,0,0,0,0,30801,30802,30803,30804,30805,0,0,0,0,0,0,0,0,0,0,1,7154,20,
19310000,ゴースト?アルマ,19310000,1,0,0,HUMAN_325,13,0,450,STAB,1,3,1,100,41,41,0,0,0,0,0,0,0,0,30806,30807,30808,30809,30810,0,0,0,0,0,0,0,0,0,0,1,0,20,
19320000,ストレッチャー,19320000,1,0,0,MACHINE_RIDE_4,18,0,450,BLOW,0,1,0,0,41,41,0,0,0,0,0,0,0,0,0,0,0,0,0,0,0,0,0,0,0,0,0,0,0,0,0,0,
#2017年5月くじ,,,,,,,,,,,,,,,,,,,,,,,,,,,,,,,,,,,,,,,,,,,
19330000,メイリーの守護魔ハート,19330000,1,0,0,HUMAN_327,15,0,450,STAB,0,1,1,100,41,41,0,0,0,0,0,0,0,0,30817,30818,30819,30820,30821,0,0,0,0,0,0,0,0,0,0,1,15502,20,
19331000,守護魔?メイリー,19331000,0.65,0,0,HUMAN_327,11,0,475,STAB,0,1,1,100,40,41,0,0,0,0,0,0,0,0,30817,30818,30819,30820,30821,0,0,0,0,0,0,0,0,0,0,1,15502,20,
19340000,ルシファー,19340000,1,0,0,HUMAN_328,19,0,450,BLOW,0,1,1,100,41,41,0,0,0,0,0,0,0,0,30822,30823,30824,30825,30826,30827,0,0,0,0,0,0,0,0,0,1,0,20,
19340001,サタン,19340001,1,0,0,HUMAN_329,19,0,450,BLOW,0,1,1,100,41,41,0,0,0,0,0,0,0,0,30822,30823,30824,30825,30826,30827,0,0,0,0,0,0,0,0,0,1,0,20,
19350000,怪盗ニャンコ,19350000,1,0,0,ANIMAL_330,7,0,450,STAB,0,1,1,100,41,41,0,0,0,0,0,0,0,0,30812,30813,30814,30815,0,0,0,0,0,0,0,0,0,0,0,1,0,20,
19360000,ベルフェゴール,19360000,1,0,0,HUMAN_331,3,0,450,SLASH,0,1,1,100,41,41,0,0,0,0,0,0,0,0,30828,30829,30816,30830,0,0,0,0,0,0,0,0,0,0,0,1,0,20,
#4月実装エイプリルフール配布キャラ,,,,,,,,,,,,,,,,,,,,,,,,,,,,,,,,,,,,,,,,,,,
19370000,事務員のお姉さん,19370000,1,0,0,HUMAN_332,3,0,450,STAB,0,5,1,100,41,41,0,0,0,0,0,0,0,0,30835,30836,30837,30838,0,0,0,0,0,0,0,0,0,0,0,1,0,0,
19370001,事務員のお姉さん,19370001,1,0,0,HUMAN_332,3,0,450,STAB,0,5,1,100,41,41,0,0,0,0,0,0,0,0,30835,30836,30837,30838,0,0,0,0,0,0,0,0,0,0,0,1,0,0,
#4月実装エイプリルフール配布キャラ,,,,,,,,,,,,,,,,,,,,,,,,,,,,,,,,,,,,,,,,,,,
18290000,イザベル,18290000,1,0,0,HUMAN_333,3,0,450,STAB,0,5,1,100,41,41,0,0,0,0,0,0,0,0,30831,30832,30833,30834,0,0,0,0,0,0,0,0,0,0,0,1,0,0,
#5月高難易度イベント報酬キャラ,,,,,,,,,,,,,,,,,,,,,,,,,,,,,,,,,,,,,,,,,,,
19380000,エミルドラゴン,19380000,1.6,0,0,ANIMAL_RIDE_4,18,0,450,BLOW,0,1,0,0,41,41,0,0,0,0,0,0,0,0,0,0,0,0,0,0,0,0,0,0,0,0,0,0,0,0,0,0,
19420000,ドミニオンドラゴン,19420000,1,0,0,ANIMAL_RIDE_4,18,0,450,BLOW,0,1,0,0,41,41,0,0,0,0,0,0,0,0,0,0,0,0,0,0,0,0,0,0,0,0,0,0,0,0,0,0,
19430000,タイタニアドラゴン,19430000,0.6,0,0,ANIMAL_RIDE_4,18,0,450,BLOW,0,1,0,0,41,41,0,0,0,0,0,0,0,0,0,0,0,0,0,0,0,0,0,0,0,0,0,0,0,0,0,0,
19440000,ＤＥＭ－ドラゴン,19440000,1,0,0,MACHINE_RIDE_4,18,0,450,BLOW,0,1,0,0,41,41,0,0,0,0,0,0,0,0,0,0,0,0,0,0,0,0,0,0,0,0,0,0,0,0,0,0,
#トンファーパンダ?アルマ入手イベント,,,,,,,,,,,,,,,,,,,,,,,,,,,,,,,,,,,,,,,,,,,
18960000,トンファーパンダ?アルマ,18960000,1,0,0,HUMAN_334,13,0,450,STAB,0,1,1,100,41,41,0,0,0,0,0,0,0,0,30839,30840,30841,30842,0,0,0,0,0,0,0,0,0,0,0,1,0,0,
#2017通年報酬,,,,,,,,,,,,,,,,,,,,,,,,,,,,,,,,,,,,,,,,,,,
19400000,オリジンの守護神ハート,19400000,1,0,0,HUMAN_335,15,0,450,BLOW,1,2,1,100,41,41,0,0,0,0,0,0,0,0,30843,30844,30845,30846,30847,30848,0,0,0,0,0,0,0,0,0,1,7169,0,
19401000,守護神?オリジン,19410000,0.65,0,0,HUMAN_335,11,0,475,BLOW,1,2,1,100,40,41,0,0,0,0,0,0,0,0,30843,30844,30845,30846,30847,30848,0,0,0,0,0,0,0,0,0,1,7169,0,
