#PETID,ペット名（ペット名は10文字まで）,PICTID,種別ID,体の幅,体の長さ,スケール,特殊情報,,,基本パラメータ,,,,,,,,戦闘パラメータ,,,,,,,,,,,,,,,,,,,,,,,,,,属性値,,,,,,,状態異常耐性,,,,,,,,,思考ID(通常時）,,,,,,,,,,思考ID(出現時),,思考ID(瀕死時),,,,,,,,,,思考ID(終焉時）,,スキルリスト,,,,,,,,,,,,EXP,JOBEXP,ドロップアイテム,ドロップアイテム,,,,,,,騎乗者非表示設定,備考,
#,,,,,,,飛行,アンデッド,LV,腕力,魔力,体力,器用度,敏捷度,知性,運,魅力,最大HP,最大SP,最大MP,速度,最小攻,最大攻,タイプ,最小魔攻,最大魔攻,物理防－,物理防％,魔法防－,魔法防％,近命中,遠命中,魔命中,近回避,遠回避,魔回避,クリティカル,クリティカル回避,回復力,魔回復力,攻撃速度,詠唱速度,射程,無,火,水,風,土,光,闇,毒,石化,麻痺,睡眠,沈黙,鈍足化,混乱,氷結,気絶,思考ID１,,思考ID2,,思考ID3,,思考ID4,,思考ID5,,思考ID1,,思考ID１,,思考ID2,,思考ID3,,思考ID4,,思考ID5,,思考ID1,,スキルID1,,スキルID2,,スキルID3,,スキルID4,,スキルID5,,スキルID6,,,,ドロップ率ID,アイテムID1,アイテムID2,アイテムID3,アイテムID4,アイテムID5,アイテムID6,アイテムID7,
#99999999,,99999999,HUMAN,1,1,1,0,0,0,127,127,127,127,127,127,127,127,9999,9999,9999,9999,9999,9999,0,9999,9999,9999,9999,9999,9999,9999,9999,9999,9999,9999,9999,9999,9999,9999,9999,9999,9999,9999,100,100,100,100,100,100,100,9999,9999,9999,9999,9999,9999,9999,9999,9999,127,9999,127,9999,127,9999,127,9999,127,9999,127,9999,127,9999,127,9999,127,9999,127,9999,127,9999,127,9999,9999,0,9999,0,9999,0,9999,0,9999,0,9999,0,99999999,99999999,0,99999999,99999999,99999999,99999999,null,99999999,99999999,0,
10010003,咕咕,10010000,BIRD_20,0.8,0.8,0.8,0,0,1,1,1,1,1,1,1,1,1,250,0,0,500,45,45,STAB,25,25,30,20,30,20,30,10,45,35,20,25,20,7,100,1,200,200,1,0,0,0,0,0,0,0,50,50,50,50,50,50,50,50,50,41,100,0,0,0,0,0,0,0,0,0,0,41,100,0,0,0,0,0,0,0,0,0,0,6501,0,6503,0,6550,0,0,0,0,0,0,0,0,0,0,null,null,null,null,null,null,null,0,
10620002,咕咕雞,10620000,BIRD_21,0.8,0.8,0.8,0,0,1,1,1,1,1,1,1,1,1,30,0,0,500,1,1,STAB,1,1,1,1,1,1,1,1,1,1,1,1,1,1,100,1,200,200,1,0,0,0,0,0,0,0,50,50,50,50,50,50,50,50,50,41,100,0,0,0,0,0,0,0,0,0,0,41,100,0,0,0,0,0,0,0,0,0,0,6501,0,6503,0,6550,0,0,0,0,0,0,0,0,0,0,null,null,null,null,null,null,null,0,
10620003,小咕咕雞,10620000,BIRD_30,0.3,0.3,0.3,0,0,1,1,1,1,1,1,1,1,1,1,0,0,500,1,1,STAB,1,1,1,1,1,1,1,1,1,1,1,1,1,1,100,1,200,200,1,0,0,0,0,0,0,0,50,50,50,50,50,50,50,50,50,41,100,0,0,0,0,0,0,0,0,0,0,41,100,0,0,0,0,0,0,0,0,0,0,6501,0,6503,0,6550,0,0,0,0,0,0,0,0,0,0,null,null,null,null,null,null,null,0,
10122000,巴烏巴烏,10120100,ANIMAL_2,1,1,1,0,0,1,1,1,1,1,1,1,1,1,400,0,0,500,46,46,SLASH,11,11,32,14,10,10,35,12,39,50,24,18,20,6,100,1,200,200,1,0,0,0,0,0,0,0,50,50,50,50,50,50,50,50,50,41,100,0,0,0,0,0,0,0,0,0,0,41,100,0,0,0,0,0,0,0,0,0,0,6301,0,6303,0,6305,0,0,0,0,0,0,0,0,0,0,null,null,null,null,null,null,null,0,
10260000,貓靈（桃）,10260000,MAGIC_CREATURE_0,1,1,1,1,0,1,1,1,1,1,1,1,1,1,240,0,0,400,10,10,BLOW,30,30,3,6,10,16,34,20,100,60,20,120,20,20,100,1,200,200,1,0,0,0,0,0,0,0,80,80,80,50,50,50,50,80,50,40,100,0,0,0,0,0,0,0,0,0,0,40,100,0,0,0,0,0,0,0,0,0,0,0,0,0,0,0,0,0,0,0,0,0,0,0,0,0,null,null,null,null,null,null,null,0,
10260003,貓靈（菫）,10260003,MAGIC_CREATURE_19,1,1,1,1,0,1,1,1,1,1,1,1,1,1,240,0,0,400,10,10,BLOW,30,30,3,6,10,16,34,20,100,60,20,120,20,20,100,1,200,200,1,0,0,0,0,0,0,0,80,80,80,50,50,50,50,80,50,40,100,0,0,0,0,0,0,0,0,0,0,40,100,0,0,0,0,0,0,0,0,0,0,0,0,0,0,0,0,0,0,0,0,0,0,0,0,0,null,null,null,null,null,null,null,0,
10260004,貓靈（茜）,10260004,MAGIC_CREATURE_28,1,1,1,1,0,1,1,1,1,1,1,1,1,1,240,0,0,400,10,10,BLOW,30,30,3,6,10,16,34,20,100,60,20,120,20,20,100,1,200,200,1,0,0,0,0,0,0,0,80,80,80,50,50,50,50,80,50,40,100,0,0,0,0,0,0,0,0,0,0,40,100,0,0,0,0,0,0,0,0,0,0,0,0,0,0,0,0,0,0,0,0,0,0,0,0,0,null,null,null,null,null,null,null,0,
10260005,貓靈（杏）,10260005,MAGIC_CREATURE_29,0.95,0.95,0.95,1,0,1,1,1,1,1,1,1,1,1,240,0,0,400,10,10,BLOW,30,30,3,6,10,16,34,20,100,60,20,120,20,20,100,1,200,200,1,0,0,0,0,0,0,0,80,80,80,50,50,50,50,80,50,40,100,0,0,0,0,0,0,0,0,0,0,40,100,0,0,0,0,0,0,0,0,0,0,0,0,0,0,0,0,0,0,0,0,0,0,0,0,0,null,null,null,null,null,null,null,0,
10260006,貓靈（空）,10260006,MAGIC_CREATURE_32,1,1,1,1,0,1,1,1,1,1,1,1,1,1,240,0,0,400,10,10,BLOW,30,30,3,6,10,16,34,20,100,60,20,120,20,20,100,1,200,200,1,0,0,0,0,0,0,0,80,80,80,50,50,50,50,80,50,40,100,0,0,0,0,0,0,0,0,0,0,40,100,0,0,0,0,0,0,0,0,0,0,0,0,0,0,0,0,0,0,0,0,0,0,0,0,0,null,null,null,null,null,null,null,0,
10260007,貓靈（転生桃）,10260007,MAGIC_CREATURE_0,0.95,0.95,0.95,1,0,1,1,1,1,1,1,1,1,1,240,0,0,400,10,10,BLOW,30,30,3,6,10,16,34,20,100,60,20,120,20,20,100,1,200,200,1,0,0,0,0,0,0,0,80,80,80,50,50,50,50,80,50,40,100,0,0,0,0,0,0,0,0,0,0,40,100,0,0,0,0,0,0,0,0,0,0,0,0,0,0,0,0,0,0,0,0,0,0,0,0,0,null,null,null,null,null,null,null,0,
10260008,貓靈（新緑）,10260008,MAGIC_CREATURE_1,0.95,0.95,0.95,1,0,1,1,1,1,1,1,1,1,1,240,0,0,400,10,10,BLOW,30,30,3,6,10,16,34,20,100,60,20,120,20,20,100,1,200,200,1,0,0,0,0,0,0,0,80,80,80,50,50,50,50,80,50,40,100,0,0,0,0,0,0,0,0,0,0,40,100,0,0,0,0,0,0,0,0,0,0,0,0,0,0,0,0,0,0,0,0,0,0,0,0,0,null,null,null,null,null,null,null,0,
10260009,貓靈（覚醒新緑）,10260008,MAGIC_CREATURE_37,0.95,0.95,0.95,1,0,1,1,1,1,1,1,1,1,1,240,0,0,400,10,10,BLOW,30,30,3,6,10,16,34,20,100,60,20,120,20,20,100,1,200,200,1,0,0,0,0,0,0,0,80,80,80,50,50,50,50,80,50,40,100,0,0,0,0,0,0,0,0,0,0,40,100,0,0,0,0,0,0,0,0,0,0,0,0,0,0,0,0,0,0,0,0,0,0,0,0,0,null,null,null,null,null,null,null,0,
10260010,貓靈（覚醒緑）,10260050,MAGIC_CREATURE_37,1,1,1,1,0,1,1,1,1,1,1,1,1,1,240,0,0,400,10,10,BLOW,30,30,3,6,10,16,34,20,100,60,20,120,20,20,100,1,200,200,1,0,0,0,0,0,0,0,80,80,80,50,50,50,50,80,50,40,100,0,0,0,0,0,0,0,0,0,0,40,100,0,0,0,0,0,0,0,0,0,0,0,0,0,0,0,0,0,0,0,0,0,0,0,0,0,null,null,null,null,null,null,null,0,
10260050,貓靈（緑）,10260050,MAGIC_CREATURE_1,1,1,1,1,0,1,1,1,1,1,1,1,1,1,240,0,0,400,10,10,BLOW,30,30,3,6,10,16,34,20,100,60,20,120,20,20,100,1,200,200,1,0,0,0,0,0,0,0,80,80,80,50,50,50,50,80,50,40,100,0,0,0,0,0,0,0,0,0,0,40,100,0,0,0,0,0,0,0,0,0,0,0,0,0,0,0,0,0,0,0,0,0,0,0,0,0,null,null,null,null,null,null,null,0,
10260051,貓靈（藍）,10260051,MAGIC_CREATURE_13,1,1,1,1,0,1,1,1,1,1,1,1,1,1,240,0,0,400,10,10,BLOW,30,30,3,6,10,16,34,20,100,60,20,120,20,20,100,1,200,200,1,0,0,0,0,0,0,0,80,80,80,50,50,50,50,80,50,40,100,0,0,0,0,0,0,0,0,0,0,40,100,0,0,0,0,0,0,0,0,0,0,0,0,0,0,0,0,0,0,0,0,0,0,0,0,0,null,null,null,null,null,null,null,0,
10260052,貓靈（山吹）,10260052,MAGIC_CREATURE_18,1,1,1,1,0,1,1,1,1,1,1,1,1,1,240,0,0,400,10,10,BLOW,30,30,3,6,10,16,34,20,100,60,20,120,20,20,100,1,200,200,1,0,0,0,0,0,0,0,80,80,80,50,50,50,50,80,50,40,100,0,0,0,0,0,0,0,0,0,0,40,100,0,0,0,0,0,0,0,0,0,0,0,0,0,0,0,0,0,0,0,0,0,0,0,0,0,null,null,null,null,null,null,null,0,
10260054,貓靈（韓国）,10260005,MAGIC_CREATURE_36,0.95,0.95,0.95,1,0,1,1,1,1,1,1,1,1,1,480,0,0,400,20,20,BLOW,30,30,3,6,10,16,34,20,100,60,20,120,20,20,100,1,200,200,1,0,0,0,0,0,0,0,80,80,80,50,50,50,50,80,50,40,100,0,0,0,0,0,0,0,0,0,0,40,100,0,0,0,0,0,0,0,0,0,0,0,0,0,0,0,0,0,0,0,0,0,0,0,0,0,null,null,null,null,null,null,null,0,
10540000,傭兵,10540000,HUMAN_3,1,1,1.2,0,0,1,1,1,1,1,1,1,1,1,600,0,0,450,52,52,SLASH,37,37,41,26,32,24,52,10,90,40,55,33,6,4,100,1,200,200,1,0,0,0,0,0,0,0,0,0,0,0,0,0,0,0,0,41,100,0,0,0,0,0,0,0,0,0,0,41,100,0,0,0,0,0,0,0,0,0,0,6401,0,6403,0,6450,0,0,0,0,0,0,0,0,0,0,null,null,null,null,null,null,null,0,
10540003,藍衣傭兵,10540003,HUMAN_22,1,1,1.2,0,0,1,1,1,1,1,1,1,1,1,600,0,0,450,77,77,SLASH,48,48,61,32,48,36,78,15,135,60,82,49,9,6,100,1,200,200,1,0,0,0,0,0,0,0,0,0,0,0,0,0,0,0,0,41,100,0,0,0,0,0,0,0,0,0,0,41,100,0,0,0,0,0,0,0,0,0,0,6401,0,6403,0,6450,0,0,0,0,0,0,0,0,0,0,null,null,null,null,null,null,null,0,
10540002,紫衣傭兵,10540002,HUMAN_3,1,1,1.2,0,0,1,1,1,1,1,1,1,1,1,600,0,0,450,52,52,SLASH,37,37,41,26,32,24,52,10,90,40,55,33,6,4,100,1,200,200,1,0,0,0,0,0,0,0,0,0,0,0,0,0,0,0,0,41,100,0,0,0,0,0,0,0,0,0,0,41,100,0,0,0,0,0,0,0,0,0,0,6401,0,6403,0,6450,0,0,0,0,0,0,0,0,0,0,null,null,null,null,null,null,null,0,
10550000,凱特靈炮,10550000,MACHINE_4,1,1,1,0,0,1,1,1,1,1,1,1,1,1,300,0,0,450,56,56,STAB,10,10,5,9,10,18,40,101,100,20,36,24,7,1,100,1,200,200,6,0,0,0,0,0,0,0,255,255,255,255,255,0,0,0,255,41,100,0,0,0,0,0,0,0,0,0,0,41,100,0,0,0,0,0,0,0,0,0,0,6101,0,6103,0,6105,0,0,0,0,0,0,0,0,0,0,null,null,null,null,null,null,null,0,
10550016,水藍凱特靈炮,10550016,MACHINE_23,1,1,1,0,0,1,1,1,1,1,1,1,1,1,300,0,0,450,81,81,STAB,20,20,30,13,20,27,60,125,150,30,54,36,14,3,100,1,200,200,6,0,0,0,0,0,0,0,255,255,255,255,255,0,0,0,255,41,100,0,0,0,0,0,0,0,0,0,0,41,100,0,0,0,0,0,0,0,0,0,0,6101,0,6103,0,6105,0,0,0,0,0,0,0,0,0,0,null,null,null,null,null,null,null,0,
10550017,黃金凱特靈炮,10550017,MACHINE_4,1,1,1,0,0,1,1,1,1,1,1,1,1,1,300,0,0,450,56,56,STAB,10,10,5,9,10,18,40,101,100,20,36,24,7,1,100,1,200,200,6,0,0,0,0,0,0,0,255,255,255,255,255,0,0,0,255,41,100,0,0,0,0,0,0,0,0,0,0,41,100,0,0,0,0,0,0,0,0,0,0,6101,0,6103,0,6105,0,0,0,0,0,0,0,0,0,0,null,null,null,null,null,null,null,0,
10560000,凱莉娥,10560000,INSECT_5,1,1,1,0,0,1,1,1,1,1,1,1,1,1,200,0,0,500,13,13,BLOW,13,13,7,20,25,17,9,8,30,4,4,16,2,1,100,1,200,200,1,0,0,0,0,0,0,0,150,0,0,0,150,150,0,0,0,41,100,0,0,0,0,0,0,0,0,0,0,41,100,0,0,0,0,0,0,0,0,0,0,0,0,0,0,0,0,0,0,0,0,0,0,0,0,0,null,null,null,null,null,null,null,0,
10560100,凱莉娥,10560100,INSECT_5,1,1,1,0,0,1,1,1,1,1,1,1,1,1,200,0,0,500,13,13,BLOW,13,13,7,20,25,17,9,8,30,4,4,16,2,1,100,1,200,200,1,0,0,0,0,0,0,0,150,0,0,0,150,150,0,0,0,41,100,0,0,0,0,0,0,0,0,0,0,41,100,0,0,0,0,0,0,0,0,0,0,0,0,0,0,0,0,0,0,0,0,0,0,0,0,0,null,null,null,null,null,null,null,0,
10560200,凱莉娥,10560200,INSECT_5,1,1,1,0,0,1,1,1,1,1,1,1,1,1,200,0,0,500,13,13,BLOW,13,13,7,20,25,17,9,8,30,4,4,16,2,1,100,1,200,200,1,0,0,0,0,0,0,0,150,0,0,0,150,150,0,0,0,41,100,0,0,0,0,0,0,0,0,0,0,41,100,0,0,0,0,0,0,0,0,0,0,0,0,0,0,0,0,0,0,0,0,0,0,0,0,0,null,null,null,null,null,null,null,0,
10560400,凱莉娥,10560400,INSECT_5,1,1,1,0,0,1,1,1,1,1,1,1,1,1,200,0,0,500,13,13,BLOW,13,13,7,20,25,17,9,8,30,4,4,16,2,1,100,1,200,200,1,0,0,0,0,0,0,0,150,0,0,0,150,150,0,0,0,41,100,0,0,0,0,0,0,0,0,0,0,41,100,0,0,0,0,0,0,0,0,0,0,0,0,0,0,0,0,0,0,0,0,0,0,0,0,0,null,null,null,null,null,null,null,0,
10560800,凱莉娥,10560800,INSECT_5,1,1,1,0,0,1,1,1,1,1,1,1,1,1,200,0,0,500,13,13,BLOW,13,13,7,20,25,17,9,8,30,4,4,16,2,1,100,1,200,200,1,0,0,0,0,0,0,0,150,0,0,0,150,150,0,0,0,41,100,0,0,0,0,0,0,0,0,0,0,41,100,0,0,0,0,0,0,0,0,0,0,0,0,0,0,0,0,0,0,0,0,0,0,0,0,0,null,null,null,null,null,null,null,0,
10566000,凱莉娥,10566000,INSECT_5,1,1,1,0,0,1,1,1,1,1,1,1,1,1,200,0,0,500,13,13,BLOW,13,13,7,20,25,17,9,8,30,4,4,16,2,1,100,1,200,200,1,0,0,0,0,0,0,0,150,0,0,0,150,150,0,0,0,41,100,0,0,0,0,0,0,0,0,0,0,41,100,0,0,0,0,0,0,0,0,0,0,0,0,0,0,0,0,0,0,0,0,0,0,0,0,0,null,null,null,null,null,null,null,0,
10300002,凱莉娥,10300002,INSECT_5,1,1,1,0,0,1,1,1,1,1,1,1,1,1,200,0,0,500,13,13,BLOW,13,13,7,20,25,17,9,8,30,4,4,16,2,1,100,1,200,200,1,0,0,0,0,0,0,0,150,0,0,0,150,150,0,0,0,41,100,0,0,0,0,0,0,0,0,0,0,41,100,0,0,0,0,0,0,0,0,0,0,0,0,0,0,0,0,0,0,0,0,0,0,0,0,0,null,null,null,null,null,null,null,0,
10565000,凱莉娥,10565000,INSECT_5,1,1,1,0,0,1,1,1,1,1,1,1,1,1,200,0,0,500,13,13,BLOW,13,13,7,20,25,17,9,8,30,4,4,16,2,1,100,1,200,200,1,0,0,0,0,0,0,0,150,0,0,0,150,150,0,0,0,41,100,0,0,0,0,0,0,0,0,0,0,41,100,0,0,0,0,0,0,0,0,0,0,0,0,0,0,0,0,0,0,0,0,0,0,0,0,0,null,null,null,null,null,null,null,0,
10560001,迷你凱莉娥,10560001,INSECT_5,1,1,0.8,0,0,1,1,1,1,1,1,1,1,1,160,0,0,500,13,13,BLOW,13,13,7,20,25,17,9,8,30,4,4,16,2,1,100,1,200,200,1,0,0,0,0,0,0,0,150,0,0,0,150,150,0,0,0,41,100,0,0,0,0,0,0,0,0,0,0,41,100,0,0,0,0,0,0,0,0,0,0,0,0,0,0,0,0,0,0,0,0,0,0,0,0,0,null,null,null,null,null,null,null,0,
10560101,迷你凱莉娥,10560101,INSECT_5,1,1,0.8,0,0,1,1,1,1,1,1,1,1,1,160,0,0,500,13,13,BLOW,13,13,7,20,25,17,9,8,30,4,4,16,2,1,100,1,200,200,1,0,0,0,0,0,0,0,150,0,0,0,150,150,0,0,0,41,100,0,0,0,0,0,0,0,0,0,0,41,100,0,0,0,0,0,0,0,0,0,0,0,0,0,0,0,0,0,0,0,0,0,0,0,0,0,null,null,null,null,null,null,null,0,
10560201,迷你凱莉娥,10560201,INSECT_5,1,1,0.8,0,0,1,1,1,1,1,1,1,1,1,160,0,0,500,13,13,BLOW,13,13,7,20,25,17,9,8,30,4,4,16,2,1,100,1,200,200,1,0,0,0,0,0,0,0,150,0,0,0,150,150,0,0,0,41,100,0,0,0,0,0,0,0,0,0,0,41,100,0,0,0,0,0,0,0,0,0,0,0,0,0,0,0,0,0,0,0,0,0,0,0,0,0,null,null,null,null,null,null,null,0,
10560401,迷你凱莉娥,10560401,INSECT_5,1,1,0.8,0,0,1,1,1,1,1,1,1,1,1,160,0,0,500,13,13,BLOW,13,13,7,20,25,17,9,8,30,4,4,16,2,1,100,1,200,200,1,0,0,0,0,0,0,0,150,0,0,0,150,150,0,0,0,41,100,0,0,0,0,0,0,0,0,0,0,41,100,0,0,0,0,0,0,0,0,0,0,0,0,0,0,0,0,0,0,0,0,0,0,0,0,0,null,null,null,null,null,null,null,0,
10560801,迷你凱莉娥,10560801,INSECT_5,1,1,0.8,0,0,1,1,1,1,1,1,1,1,1,160,0,0,500,13,13,BLOW,13,13,7,20,25,17,9,8,30,4,4,16,2,1,100,1,200,200,1,0,0,0,0,0,0,0,150,0,0,0,150,150,0,0,0,41,100,0,0,0,0,0,0,0,0,0,0,41,100,0,0,0,0,0,0,0,0,0,0,0,0,0,0,0,0,0,0,0,0,0,0,0,0,0,null,null,null,null,null,null,null,0,
10566001,迷你凱莉娥,10566001,INSECT_5,1,1,0.8,0,0,1,1,1,1,1,1,1,1,1,160,0,0,500,13,13,BLOW,13,13,7,20,25,17,9,8,30,4,4,16,2,1,100,1,200,200,1,0,0,0,0,0,0,0,150,0,0,0,150,150,0,0,0,41,100,0,0,0,0,0,0,0,0,0,0,41,100,0,0,0,0,0,0,0,0,0,0,0,0,0,0,0,0,0,0,0,0,0,0,0,0,0,null,null,null,null,null,null,null,0,
10300003,迷你凱莉娥,10300003,INSECT_5,1,1,0.8,0,0,1,1,1,1,1,1,1,1,1,160,0,0,500,13,13,BLOW,13,13,7,20,25,17,9,8,30,4,4,16,2,1,100,1,200,200,1,0,0,0,0,0,0,0,150,0,0,0,150,150,0,0,0,41,100,0,0,0,0,0,0,0,0,0,0,41,100,0,0,0,0,0,0,0,0,0,0,0,0,0,0,0,0,0,0,0,0,0,0,0,0,0,null,null,null,null,null,null,null,0,
10565001,迷你凱莉娥,10565001,INSECT_5,1,1,0.8,0,0,1,1,1,1,1,1,1,1,1,160,0,0,500,13,13,BLOW,13,13,7,20,25,17,9,8,30,4,4,16,2,1,100,1,200,200,1,0,0,0,0,0,0,0,150,0,0,0,150,150,0,0,0,41,100,0,0,0,0,0,0,0,0,0,0,41,100,0,0,0,0,0,0,0,0,0,0,0,0,0,0,0,0,0,0,0,0,0,0,0,0,0,null,null,null,null,null,null,null,0,
10560002,微型爬爬蟲,10560002,INSECT_5,1,1,0.5,0,0,1,1,1,1,1,1,1,1,1,160,0,0,400,13,13,BLOW,13,13,9,23,25,17,13,9,15,4,4,16,2,1,100,1,140,100,1,0,0,0,0,0,0,0,150,0,0,0,150,150,0,0,0,41,100,0,0,0,0,0,0,0,0,0,0,41,100,0,0,0,0,0,0,0,0,0,0,0,0,0,0,0,0,0,0,0,0,0,0,0,0,0,null,null,null,null,null,null,null,0,
10570000,汪汪,10570000,ANIMAL_6,1,1,1,0,0,1,1,1,1,1,1,1,1,1,400,0,0,500,42,42,SLASH,11,11,32,14,10,10,35,12,39,50,24,18,20,6,100,1,200,200,1,0,0,0,0,0,0,0,50,50,50,50,50,50,50,50,50,41,100,0,0,0,0,0,0,0,0,0,0,41,100,0,0,0,0,0,0,0,0,0,0,6301,0,6303,0,6305,0,0,0,0,0,0,0,0,0,0,null,null,null,null,null,null,null,0,
10570020,愛美的汪汪,10570020,ANIMAL_26,1,1,1,0,0,1,1,1,1,1,1,1,1,1,400,0,0,500,63,63,SLASH,22,22,48,21,20,15,54,18,57,75,36,27,30,9,100,1,200,200,1,0,0,0,0,0,0,0,50,50,50,50,50,50,50,50,50,41,100,0,0,0,0,0,0,0,0,0,0,41,100,0,0,0,0,0,0,0,0,0,0,6301,0,6303,0,6305,0,0,0,0,0,0,0,0,0,0,null,null,null,null,null,null,null,0,
10570021,暴戾的汪汪,10570021,ANIMAL_6,1,1,1,0,0,1,1,1,1,1,1,1,1,1,400,0,0,500,42,42,SLASH,11,11,32,14,10,10,35,12,39,50,24,18,20,6,100,1,200,200,1,0,0,0,0,0,0,0,50,50,50,50,50,50,50,50,50,41,100,0,0,0,0,0,0,0,0,0,0,41,100,0,0,0,0,0,0,0,0,0,0,6301,0,6303,0,6305,0,0,0,0,0,0,0,0,0,0,null,null,null,null,null,null,null,0,
10570003,流浪犬巴鳴,10120000,ANIMAL_6,1,1,1,0,0,1,1,1,1,1,1,1,1,1,300,0,0,500,46,46,SLASH,11,11,32,14,10,10,35,12,39,50,24,18,20,6,100,1,200,200,1,0,0,0,0,0,0,0,50,50,50,50,50,50,50,50,50,41,100,0,0,0,0,0,0,0,0,0,0,77,100,0,0,0,0,0,0,0,0,0,0,6301,0,6303,0,6305,0,0,0,0,0,0,0,0,0,0,null,null,null,null,null,null,null,0,
10570050,黑檀,10570050,ANIMAL_6,1,1,1,0,0,1,1,1,1,1,1,1,1,1,400,0,0,500,39,39,SLASH,11,11,32,14,10,10,35,12,39,50,24,18,20,6,100,1,200,200,1,0,0,0,0,0,0,0,50,50,50,50,50,50,50,50,50,41,100,0,0,0,0,0,0,0,0,0,0,41,100,0,0,0,0,0,0,0,0,0,0,6301,0,6303,0,6305,0,0,0,0,0,0,0,0,0,0,null,null,null,null,null,null,null,0,
10570010,愛美的黑檀,10570010,ANIMAL_26,1,1,1,0,0,1,1,1,1,1,1,1,1,1,400,0,0,500,59,59,SLASH,24,24,51,19,20,15,52,18,57,75,36,27,30,9,100,1,200,200,1,0,0,0,0,0,0,0,50,50,50,50,50,50,50,50,50,41,100,0,0,0,0,0,0,0,0,0,0,41,100,0,0,0,0,0,0,0,0,0,0,6301,0,6303,0,6305,0,0,0,0,0,0,0,0,0,0,null,null,null,null,null,null,null,0,
10570014,暴戾的黑檀,10570014,ANIMAL_6,1,1,1,0,0,1,1,1,1,1,1,1,1,1,400,0,0,500,39,39,SLASH,11,11,32,14,10,10,35,12,39,50,24,18,20,6,100,1,200,200,1,0,0,0,0,0,0,0,50,50,50,50,50,50,50,50,50,41,100,0,0,0,0,0,0,0,0,0,0,41,100,0,0,0,0,0,0,0,0,0,0,6301,0,6303,0,6305,0,0,0,0,0,0,0,0,0,0,null,null,null,null,null,null,null,0,
10580000,曼陀蘿胡蘿蔔,10580000,PLANT_7,1,1,1,0,0,1,1,1,1,1,1,1,1,1,500,0,0,400,32,32,STAB,47,47,1,1,36,20,5,95,10,1,1,46,3,1,100,1,200,200,1,0,0,0,0,0,0,0,0,0,0,0,0,0,0,0,0,41,100,0,0,0,0,0,0,0,0,0,0,41,100,0,0,0,0,0,0,0,0,0,0,6201,0,6203,0,6205,0,6207,0,0,0,0,0,0,0,0,null,null,null,null,null,null,null,0,
10581400,曼陀蘿蘿蔔,10580002,PLANT_27,1,1,1,0,0,1,1,1,1,1,1,1,1,1,500,0,0,400,48,48,STAB,70,70,5,5,54,30,20,105,20,5,3,69,9,3,100,1,200,200,1,0,0,0,0,0,0,0,0,0,0,0,0,0,0,0,0,41,100,0,0,0,0,0,0,0,0,0,0,41,100,0,0,0,0,0,0,0,0,0,0,6201,0,6203,0,6205,0,6207,0,0,0,0,0,0,0,0,null,null,null,null,null,null,null,0,
10581401,曼陀蘿蘿蔔,10580003,PLANT_7,1,1,1,0,0,1,1,1,1,1,1,1,1,1,500,0,0,400,32,32,STAB,47,47,1,1,36,20,5,95,10,1,1,46,3,1,100,1,200,200,1,0,0,0,0,0,0,0,0,0,0,0,0,0,0,0,0,41,100,0,0,0,0,0,0,0,0,0,0,41,100,0,0,0,0,0,0,0,0,0,0,6201,0,6203,0,6205,0,6207,0,0,0,0,0,0,0,0,null,null,null,null,null,null,null,0,
10660000,牛牛,10660000,ANIMAL_15,1,1,0.5,0,0,1,1,1,1,1,1,1,1,1,450,0,0,350,46,46,STAB,12,12,26,17,15,10,30,10,35,20,25,20,15,5,100,1,80,200,1,0,0,0,0,0,0,0,50,50,50,50,80,50,50,80,80,41,100,0,0,0,0,0,0,0,0,0,0,41,100,0,0,0,0,0,0,0,0,0,0,0,0,0,0,0,0,0,0,0,0,0,0,0,0,0,null,null,null,null,null,null,null,0,
10660001,紅色牛牛,10660001,ANIMAL_44,1,1,0.5,0,0,1,1,1,1,1,1,1,1,1,450,0,0,350,76,76,STAB,24,24,48,24,20,15,58,16,38,40,35,30,28,7,100,1,80,200,1,0,0,0,0,0,0,0,50,50,50,50,80,50,50,80,80,41,100,0,0,0,0,0,0,0,0,0,0,41,100,0,0,0,0,0,0,0,0,0,0,0,0,0,0,0,0,0,0,0,0,0,0,0,0,0,null,null,null,null,null,null,null,0,
10660002,魔法牛牛,10660002,ANIMAL_15,1,1,0.5,0,0,1,1,1,1,1,1,1,1,1,450,0,0,350,46,46,STAB,12,12,26,17,15,10,30,10,35,20,25,20,15,5,100,1,80,200,1,0,0,0,0,0,0,0,50,50,50,50,80,50,50,80,80,41,100,0,0,0,0,0,0,0,0,0,0,41,100,0,0,0,0,0,0,0,0,0,0,0,0,0,0,0,0,0,0,0,0,0,0,0,0,0,null,null,null,null,null,null,null,0,
10730000,帕格薩斯,10730000,ANIMAL_16,1,1,0.8,0,0,1,1,1,1,1,1,1,1,1,400,0,0,500,28,28,STAB,45,45,30,20,25,15,35,15,35,45,20,20,25,6,100,1,200,200,1,0,0,0,0,0,0,0,50,80,80,80,50,50,50,50,80,41,100,0,0,0,0,0,0,0,0,0,0,41,100,0,0,0,0,0,0,0,0,0,0,0,0,0,0,0,0,0,0,0,0,0,0,0,0,0,null,null,null,null,null,null,null,0,
10730001,藍色帕格薩斯,10730007,ANIMAL_45,1,1,0.9,0,0,1,1,1,1,1,1,1,1,1,400,0,0,500,38,38,STAB,75,75,45,22,50,30,53,21,46,65,30,30,32,10,100,1,200,200,1,0,0,0,0,0,0,0,50,80,80,80,50,50,50,50,80,41,100,0,0,0,0,0,0,0,0,0,0,41,100,0,0,0,0,0,0,0,0,0,0,0,0,0,0,0,0,0,0,0,0,0,0,0,0,0,null,null,null,null,null,null,null,0,
10730002,粉紅色帕格薩斯,10730008,ANIMAL_16,1,1,0.8,0,0,1,1,1,1,1,1,1,1,1,400,0,0,500,28,28,STAB,45,45,30,20,25,15,35,15,35,45,20,20,25,6,100,1,200,200,1,0,0,0,0,0,0,0,50,80,80,80,50,50,50,50,80,41,100,0,0,0,0,0,0,0,0,0,0,41,100,0,0,0,0,0,0,0,0,0,0,0,0,0,0,0,0,0,0,0,0,0,0,0,0,0,null,null,null,null,null,null,null,0,
20210000,推進器 ,20210000,MAGIC_CREATURE_10,1,1,1,0,0,1,1,1,1,1,1,1,1,1,400,0,0,500,46,46,SLASH,11,11,32,14,10,10,35,12,39,50,24,18,20,1,100,1,200,200,1,0,0,0,0,0,0,0,50,50,50,50,50,50,50,50,50,41,100,0,0,0,0,0,0,0,0,0,0,41,100,0,0,0,0,0,0,0,0,0,0,6301,0,6303,0,6305,0,0,0,0,0,0,0,0,0,0,null,null,null,null,null,null,null,0,
10610000,可可樂,10610000,ANIMAL_6,1,1,1,0,0,1,1,1,1,1,1,1,1,1,400,0,0,500,39,39,SLASH,11,11,32,14,10,10,35,12,39,50,24,18,20,6,100,1,200,200,1,0,0,0,0,0,0,0,50,50,50,50,50,50,50,50,50,41,100,0,0,0,0,0,0,0,0,0,0,41,100,0,0,0,0,0,0,0,0,0,0,6301,0,6303,0,6305,0,0,0,0,0,0,0,0,0,0,null,null,null,null,null,null,null,0,
10610500,ミント,10610500,ANIMAL_6,1,1,1,0,0,1,1,1,1,1,1,1,1,1,400,0,0,500,39,39,SLASH,11,11,32,14,10,10,35,12,39,50,24,18,20,6,100,1,200,200,1,0,0,0,0,0,0,0,50,50,50,50,50,50,50,50,50,41,100,0,0,0,0,0,0,0,0,0,0,41,100,0,0,0,0,0,0,0,0,0,0,6301,0,6303,0,6305,0,0,0,0,0,0,0,0,0,0,null,null,null,null,null,null,null,0,
10611100,ぶち,10611100,ANIMAL_6,1,1,1,0,0,1,1,1,1,1,1,1,1,1,400,0,0,500,39,39,SLASH,11,11,32,14,10,10,35,12,39,50,24,18,20,6,100,1,200,200,1,0,0,0,0,0,0,0,50,50,50,50,50,50,50,50,50,41,100,0,0,0,0,0,0,0,0,0,0,41,100,0,0,0,0,0,0,0,0,0,0,6301,0,6303,0,6305,0,0,0,0,0,0,0,0,0,0,null,null,null,null,null,null,null,0,
10611400,可可樂,10611400,ANIMAL_6,1,1,1,0,0,1,1,1,1,1,1,1,1,1,400,0,0,500,39,39,SLASH,11,11,32,14,10,10,35,12,39,50,24,18,20,6,100,1,200,200,1,0,0,0,0,0,0,0,50,50,50,50,50,50,50,50,50,41,100,0,0,0,0,0,0,0,0,0,0,41,100,0,0,0,0,0,0,0,0,0,0,6301,0,6303,0,6305,0,0,0,0,0,0,0,0,0,0,null,null,null,null,null,null,null,0,
10136000,白狼,10136000,ANIMAL_4,1,1,0.7,0,0,1,1,1,1,1,1,1,1,1,460,0,0,400,55,55,SLASH,41,41,30,24,34,29,47,15,43,52,21,30,24,5,100,1,200,200,1,0,0,0,0,0,0,0,50,80,80,50,80,50,50,80,80,41,100,0,0,0,0,0,0,0,0,0,0,41,100,0,0,0,0,0,0,0,0,0,0,6307,0,6309,0,6350,0,6311,0,,0,0,0,0,0,0,null,null,null,null,null,null,null,0,
10136010,金狼,10136010,ANIMAL_24,1,1,0.8,0,0,1,1,1,1,1,1,1,1,1,460,0,0,400,80,80,SLASH,50,50,45,28,38,32,70,20,56,74,31,45,36,10,100,1,200,200,1,0,0,0,0,0,0,0,50,80,80,50,80,50,50,80,80,41,100,0,0,0,0,0,0,0,0,0,0,41,100,0,0,0,0,0,0,0,0,0,0,6307,0,6309,0,6350,0,6311,0,,0,0,0,0,0,0,null,null,null,null,null,null,null,0,
10136009,黑狼,10136009,ANIMAL_4,1,1,0.9,0,0,1,1,1,1,1,1,1,1,1,460,0,0,400,55,55,SLASH,41,41,30,24,34,29,47,15,43,52,21,30,24,5,100,1,200,200,1,0,0,0,0,0,0,0,50,80,80,50,80,50,50,80,80,41,100,0,0,0,0,0,0,0,0,0,0,41,100,0,0,0,0,0,0,0,0,0,0,6307,0,6309,0,6350,0,6311,0,,0,0,0,0,0,0,null,null,null,null,null,null,null,0,
10146000,洛克鳥,10146000,BIRD_4,1,1,0.6,1,0,1,1,1,1,1,1,1,1,1,280,0,0,500,50,50,SLASH,28,28,28,19,23,15,30,88,30,60,48,19,28,10,100,1,200,200,1,0,0,0,0,0,0,0,50,80,80,80,50,80,50,50,50,41,100,0,0,0,0,0,0,0,0,0,0,41,100,0,0,0,0,0,0,0,0,0,0,6501,0,6503,0,6550,0,0,0,0,0,0,0,0,0,0,null,null,null,null,null,null,null,0,
10146010,洛克鳥（肥胖）,10146010,BIRD_25,1,1,0.7,1,0,1,1,1,1,1,1,1,1,1,280,0,0,500,75,75,SLASH,43,43,42,24,34,22,106,99,45,90,72,28,42,25,100,1,200,200,1,0,0,0,0,0,0,0,50,80,80,80,50,80,50,50,50,41,100,0,0,0,0,0,0,0,0,0,0,41,100,0,0,0,0,0,0,0,0,0,0,6501,0,6503,0,6550,0,0,0,0,0,0,0,0,0,0,null,null,null,null,null,null,null,0,
10146014,洛克鳥（巨大）,10146014,BIRD_4,1,1,0.8,1,0,1,1,1,1,1,1,1,1,1,280,0,0,500,50,50,SLASH,28,28,28,19,23,15,30,88,30,60,48,19,28,10,100,1,200,200,1,0,0,0,0,0,0,0,50,80,80,80,50,80,50,50,50,41,100,0,0,0,0,0,0,0,0,0,0,41,100,0,0,0,0,0,0,0,0,0,0,6501,0,6503,0,6550,0,0,0,0,0,0,0,0,0,0,null,null,null,null,null,null,null,0,
10740000,思麗羊,10740000,ANIMAL_14,1,1,0.8,0,0,1,1,1,1,1,1,1,1,1,300,0,0,350,40,40,BLOW,1,1,40,25,10,10,35,20,100,40,20,18,18,5,100,1,200,200,1,0,0,0,0,0,0,0,50,50,50,0,50,50,50,50,50,41,100,0,0,0,0,0,0,0,0,0,0,41,100,0,0,0,0,0,0,0,0,0,0,0,0,0,0,0,0,0,0,0,0,0,0,0,0,0,null,null,null,null,null,null,null,0,
10750000,爬爬蟲拉丁（緑）,10750000,INSECT_RIDE_5,1,1,1,0,0,1,1,1,1,1,1,1,1,1,170,0,0,210,13,13,BLOW,12,12,10,20,25,17,12,8,27,3,3,15,1,1,110,1,140,120,1,0,0,0,0,0,0,0,150,50,50,0,150,150,50,50,50,41,100,0,0,0,0,0,0,0,0,0,0,41,100,0,0,0,0,0,0,0,0,0,0,0,0,0,0,0,0,0,0,0,0,0,0,0,0,0,null,null,null,null,null,null,null,0,
10750100,爬爬蟲拉丁（赤）,10750100,INSECT_RIDE_5,1,1,1,0,0,1,1,1,1,1,1,1,1,1,170,0,0,210,13,13,BLOW,12,12,10,20,25,17,12,8,27,3,3,15,1,1,110,1,140,120,1,0,0,0,0,0,0,0,150,50,50,0,150,150,50,50,50,41,100,0,0,0,0,0,0,0,0,0,0,41,100,0,0,0,0,0,0,0,0,0,0,0,0,0,0,0,0,0,0,0,0,0,0,0,0,0,null,null,null,null,null,null,null,0,
10750200,爬爬蟲拉丁（紫）,10750200,INSECT_RIDE_5,1,1,1,0,0,1,1,1,1,1,1,1,1,1,170,0,0,210,13,13,BLOW,12,12,10,20,25,17,12,8,27,3,3,15,1,1,110,1,140,120,1,0,0,0,0,0,0,0,150,50,50,0,150,150,50,50,50,41,100,0,0,0,0,0,0,0,0,0,0,41,100,0,0,0,0,0,0,0,0,0,0,0,0,0,0,0,0,0,0,0,0,0,0,0,0,0,null,null,null,null,null,null,null,0,
10750400,爬爬蟲拉丁（藍）,10750400,INSECT_RIDE_5,1,1,1,0,0,1,1,1,1,1,1,1,1,1,170,0,0,210,13,13,BLOW,12,12,10,20,25,17,12,8,27,3,3,15,1,1,110,1,140,120,1,0,0,0,0,0,0,0,150,50,50,0,150,150,50,50,50,41,100,0,0,0,0,0,0,0,0,0,0,41,100,0,0,0,0,0,0,0,0,0,0,0,0,0,0,0,0,0,0,0,0,0,0,0,0,0,null,null,null,null,null,null,null,0,
10750800,爬爬蟲拉丁（黄）,10750800,INSECT_RIDE_5,1,1,1,0,0,1,1,1,1,1,1,1,1,1,170,0,0,210,13,13,BLOW,12,12,10,20,25,17,12,8,27,3,3,15,1,1,110,1,140,120,1,0,0,0,0,0,0,0,150,50,50,0,150,150,50,50,50,41,100,0,0,0,0,0,0,0,0,0,0,41,100,0,0,0,0,0,0,0,0,0,0,0,0,0,0,0,0,0,0,0,0,0,0,0,0,0,null,null,null,null,null,null,null,0,
10756000,爬爬蟲拉丁（岩）,10756000,INSECT_RIDE_5,1,1,1,0,0,1,1,1,1,1,1,1,1,1,170,0,0,210,13,13,BLOW,12,12,10,20,25,17,12,8,27,3,3,15,1,1,110,1,140,120,1,0,0,0,0,0,0,0,150,50,50,0,150,150,50,50,50,41,100,0,0,0,0,0,0,0,0,0,0,41,100,0,0,0,0,0,0,0,0,0,0,0,0,0,0,0,0,0,0,0,0,0,0,0,0,0,null,null,null,null,null,null,null,0,
10751200,爬爬蟲拉丁（毛）,10751200,INSECT_RIDE_5,1,1,1,0,0,1,1,1,1,1,1,1,1,1,170,0,0,210,13,13,BLOW,12,12,10,20,25,17,12,8,27,3,3,15,1,1,110,1,140,120,1,0,0,0,0,0,0,0,150,50,50,0,150,150,50,50,50,41,100,0,0,0,0,0,0,0,0,0,0,41,100,0,0,0,0,0,0,0,0,0,0,0,0,0,0,0,0,0,0,0,0,0,0,0,0,0,null,null,null,null,null,null,null,0,
10753000,爬爬蟲拉丁（白）,10753000,INSECT_RIDE_5,1,1,1,0,0,1,1,1,1,1,1,1,1,1,170,0,0,210,13,13,BLOW,12,12,10,20,25,17,12,8,27,3,3,15,1,1,110,1,140,120,1,0,0,0,0,0,0,0,150,50,50,0,150,150,50,50,50,41,100,0,0,0,0,0,0,0,0,0,0,41,100,0,0,0,0,0,0,0,0,0,0,0,0,0,0,0,0,0,0,0,0,0,0,0,0,0,null,null,null,null,null,null,null,0,
10760000,TEST２,10760000,ANIMAL_14,1,1,0.8,0,0,1,1,1,1,1,1,1,1,1,300,0,0,350,40,40,BLOW,1,1,40,25,10,10,35,20,100,40,20,18,18,5,100,1,200,200,1,0,0,0,0,0,0,0,50,50,50,0,50,50,50,50,50,41,100,0,0,0,0,0,0,0,0,0,0,41,100,0,0,0,0,0,0,0,0,0,0,0,0,0,0,0,0,0,0,0,0,0,0,0,0,0,null,null,null,null,null,null,null,0,
10760100,火紅德拉古,10760100,ANIMAL_RIDE_4,1,1,1,0,0,1,1,1,1,1,1,1,1,1,320,0,0,450,49,49,SLASH,43,43,37,26,18,10,43,24,13,28,15,14,21,4,120,1,150,130,1,0,0,0,0,0,0,0,150,0,50,0,150,0,50,0,150,41,100,0,0,0,0,0,0,0,0,0,0,41,100,0,0,0,0,0,0,0,0,0,0,0,0,0,0,0,0,0,0,0,0,0,0,0,0,0,null,null,null,null,null,null,null,0,
10760101,火紅德拉古（活動）,10760100,ANIMAL_RIDE_BREEDER_4,1,1,1,0,0,1,1,1,1,1,1,1,1,1,320,0,0,450,49,49,SLASH,43,43,37,26,18,10,43,24,13,28,15,14,21,4,120,1,150,130,1,0,0,0,0,0,0,0,150,0,50,0,150,0,50,0,150,41,100,0,0,0,0,0,0,0,0,0,0,41,100,0,0,0,0,0,0,0,0,0,0,0,0,0,0,0,0,0,0,0,0,0,0,0,0,0,null,null,null,null,null,null,null,0,
10760200,超級德拉古・紫色,10760200,ANIMAL_RIDE_4,1,1,1,0,0,1,1,1,1,1,1,1,1,1,700,0,0,350,75,75,SLASH,65,65,113,52,82,30,80,30,20,50,30,18,50,8,120,12,200,200,1,0,0,0,0,0,0,0,150,0,50,0,150,0,50,0,150,41,100,0,0,0,0,0,0,0,0,0,0,41,100,0,0,0,0,0,0,0,0,0,0,0,0,0,0,0,0,0,0,0,0,0,0,0,0,0,null,null,null,null,null,null,null,0,
10760300,水藍德拉古,10760100,ANIMAL_RIDE_4,1,1,1,0,0,1,1,1,1,1,1,1,1,1,320,0,0,430,49,49,SLASH,43,43,37,26,18,10,43,24,13,28,15,14,21,4,120,1,150,130,1,0,0,0,0,0,0,0,150,0,50,0,150,0,50,0,150,41,100,0,0,0,0,0,0,0,0,0,0,41,100,0,0,0,0,0,0,0,0,0,0,0,0,0,0,0,0,0,0,0,0,0,0,0,0,0,null,null,null,null,null,null,null,0,
10760600,超級德拉古・綠色,10760600,ANIMAL_RIDE_4,1,1,1,0,0,1,1,1,1,1,1,1,1,1,500,0,0,480,196,196,SLASH,129,129,37,26,18,10,129,48,39,84,45,28,63,16,120,12,200,200,1,0,0,0,0,0,0,0,150,0,50,0,150,0,50,0,150,41,100,0,0,0,0,0,0,0,0,0,0,41,100,0,0,0,0,0,0,0,0,0,0,0,0,0,0,0,0,0,0,0,0,0,0,0,0,0,null,null,null,null,null,null,null,0,
10760700,超級德拉古・橙色,10760700,ANIMAL_RIDE_4,1,1,1,0,0,1,1,1,1,1,1,1,1,1,1250,0,0,290,49,49,SLASH,43,43,180,65,135,54,43,24,13,84,45,28,21,16,120,12,150,130,1,0,0,0,0,0,0,0,150,0,50,0,150,0,50,0,150,41,100,0,0,0,0,0,0,0,0,0,0,41,100,0,0,0,0,0,0,0,0,0,0,0,0,0,0,0,0,0,0,0,0,0,0,0,0,0,null,null,null,null,null,null,null,0,
10760800,黄TEST,10760800,ANIMAL_14,1,1,0.8,0,0,1,1,1,1,1,1,1,1,1,300,0,0,350,40,40,BLOW,1,1,40,25,10,10,35,20,100,40,20,18,18,5,100,1,200,200,1,0,0,0,0,0,0,0,50,50,50,0,50,50,50,50,50,41,100,0,0,0,0,0,0,0,0,0,0,41,100,0,0,0,0,0,0,0,0,0,0,0,0,0,0,0,0,0,0,0,0,0,0,0,0,0,null,null,null,null,null,null,null,0,
10760900,闇黑德拉古,10760900,ANIMAL_RIDE_BREEDER_4,1,1,1,0,0,1,1,1,1,1,1,1,1,1,320,0,0,450,49,49,SLASH,43,43,37,26,18,10,43,24,13,28,15,14,21,4,120,1,150,130,1,0,0,0,0,0,0,0,150,0,50,0,150,0,50,0,150,41,100,0,0,0,0,0,0,0,0,0,0,41,100,0,0,0,0,0,0,0,0,0,0,0,0,0,0,0,0,0,0,0,0,0,0,0,0,0,null,null,null,null,null,null,null,0,
10760901,闇黑德拉古（活動）,10760901,ANIMAL_RIDE_4,1,1,1,0,0,1,1,1,1,1,1,1,1,1,320,0,0,450,49,49,SLASH,43,43,37,26,18,10,43,24,13,28,15,14,21,4,120,1,150,130,1,0,0,0,0,0,0,0,150,0,50,0,150,0,50,0,150,41,100,0,0,0,0,0,0,0,0,0,0,41,100,0,0,0,0,0,0,0,0,0,0,0,0,0,0,0,0,0,0,0,0,0,0,0,0,0,null,null,null,null,null,null,null,0,
10761400,超級德拉古・白色,10761400,ANIMAL_RIDE_4,1,1,1,0,0,1,1,1,1,1,1,1,1,1,600,0,0,450,250,250,SLASH,129,129,150,65,82,30,129,48,39,84,45,28,63,16,120,12,200,200,1,0,0,0,0,0,0,0,150,0,50,0,150,0,50,0,150,41,100,0,0,0,0,0,0,0,0,0,0,41,100,0,0,0,0,0,0,0,0,0,0,0,0,0,0,0,0,0,0,0,0,0,0,0,0,0,null,null,null,null,null,null,null,0,
10761500,超級德拉古・粉紅色,10761500,ANIMAL_RIDE_4,1,1,1,0,0,1,1,1,1,1,1,1,1,1,800,0,0,400,100,100,SLASH,90,90,90,44,90,48,102,35,25,75,35,20,60,10,120,12,200,200,1,0,0,0,0,0,0,0,150,0,50,0,150,0,50,0,150,41,100,0,0,0,0,0,0,0,0,0,0,41,100,0,0,0,0,0,0,0,0,0,0,0,0,0,0,0,0,0,0,0,0,0,0,0,0,0,null,null,null,null,null,null,null,0,
10760102,電路機械（面具）,10760100,ANIMAL_RIDE_4,1,1,1,0,0,1,1,1,1,1,1,1,1,1,320,0,0,450,49,49,SLASH,43,43,37,26,18,10,43,24,13,28,15,14,21,4,120,1,150,130,1,0,0,0,0,0,0,0,150,0,50,0,150,0,50,0,150,41,100,0,0,0,0,0,0,0,0,0,0,41,100,0,0,0,0,0,0,0,0,0,0,0,0,0,0,0,0,0,0,0,0,0,0,0,0,0,null,null,null,null,null,null,null,0,
10780000,飛天鼠,10780000,ANIMAL_17,1,1,1.15,0,0,1,1,1,1,1,1,1,1,1,250,0,0,500,30,30,STAB,10,10,7,7,10,10,55,10,30,70,1,10,25,10,100,1,250,200,1,0,0,0,0,0,0,0,50,50,50,50,50,50,50,50,50,41,100,0,0,0,0,0,0,0,0,0,0,41,100,0,0,0,0,0,0,0,0,0,0,0,0,0,0,0,0,0,0,0,0,0,0,0,0,0,null,null,null,null,null,null,null,0,
10780002,橙色飛天鼠,10780014,ANIMAL_46,1,1,1.15,0,0,1,1,1,1,1,1,1,1,1,250,0,0,500,50,50,STAB,20,20,14,9,20,15,78,15,32,90,1,18,30,13,100,1,250,200,1,0,0,0,0,0,0,0,255,50,50,50,50,50,50,50,50,41,100,0,0,0,0,0,0,0,0,0,0,41,100,0,0,0,0,0,0,0,0,0,0,0,0,0,0,0,0,0,0,0,0,0,0,0,0,0,null,null,null,null,null,null,null,0,
10780003,紫色飛天鼠,10780015,ANIMAL_17,1,1,1.15,0,0,1,1,1,1,1,1,1,1,1,250,0,0,500,30,30,STAB,10,10,7,7,10,10,55,10,30,70,1,10,25,10,100,1,250,200,1,0,0,0,0,0,0,0,50,50,50,50,50,50,50,50,50,41,100,0,0,0,0,0,0,0,0,0,0,41,100,0,0,0,0,0,0,0,0,0,0,0,0,0,0,0,0,0,0,0,0,0,0,0,0,0,null,null,null,null,null,null,null,0,
10780050,白蛇,10780050,ANIMAL_17,1,1,1.15,0,0,1,1,1,1,1,1,1,1,1,250,0,0,500,30,30,STAB,10,10,7,7,10,10,55,10,30,70,1,10,25,10,100,1,250,200,1,0,0,0,0,0,0,0,50,50,50,50,50,50,50,50,50,41,100,0,0,0,0,0,0,0,0,0,0,41,100,0,0,0,0,0,0,0,0,0,0,0,0,0,0,0,0,0,0,0,0,0,0,0,0,0,null,null,null,null,null,null,null,0,
10840000,２足歩行機器人,10840000,MACHINE_RIDE_ROBOT_4,1,1,1,0,0,1,1,1,1,1,1,1,1,1,2000,250,250,450,150,150,BLOW,300,300,50,15,30,20,100,100,100,70,60,50,10,10,120,1,250,250,1,0,0,0,0,0,0,0,150,150,150,150,150,150,150,150,150,41,100,0,0,0,0,0,0,0,0,0,0,41,100,0,0,0,0,0,0,0,0,0,0,0,0,0,0,0,0,0,0,0,0,0,0,0,0,0,null,null,null,null,null,null,null,0,
10890000,火車頭泰迪,10890000,MACHINE_RIDE_4,1,1,1,0,0,1,1,1,1,1,1,1,1,1,320,0,0,450,49,49,STAB,43,43,37,26,18,10,43,24,13,28,15,14,21,4,120,1,150,130,1,0,0,0,0,0,0,0,150,0,50,0,150,0,50,0,150,41,100,0,0,0,0,0,0,0,0,0,0,41,100,0,0,0,0,0,0,0,0,0,0,0,0,0,0,0,0,0,0,0,0,0,0,0,0,0,null,null,null,null,null,null,null,0,
10890060,火車頭得菩提,10890060,MACHINE_RIDE_4,1,1,1,0,0,1,1,1,1,1,1,1,1,1,320,0,0,450,49,49,STAB,43,43,37,26,18,10,43,24,13,28,15,14,21,4,120,1,150,130,1,0,0,0,0,0,0,0,150,0,50,0,150,0,50,0,150,41,100,0,0,0,0,0,0,0,0,0,0,41,100,0,0,0,0,0,0,0,0,0,0,0,0,0,0,0,0,0,0,0,0,0,0,0,0,0,null,null,null,null,null,null,null,0,
10900000,狗雪橇（聖誕）,10900000,ANIMAL_RIDE_4,1,1,1,0,0,1,1,1,1,1,1,1,1,1,320,0,0,450,49,49,STAB,43,43,37,26,18,10,43,24,13,28,15,14,21,4,120,1,150,130,1,0,0,0,0,0,0,0,150,0,50,0,150,0,50,0,150,41,100,0,0,0,0,0,0,0,0,0,0,41,100,0,0,0,0,0,0,0,0,0,0,0,0,0,0,0,0,0,0,0,0,0,0,0,0,0,null,null,null,null,null,null,null,0,
10900001,２人乗雪橇,10900001,ANIMAL_RIDE_4,1,1,1,0,0,1,1,1,1,1,1,1,1,1,320,0,0,325,49,49,STAB,43,43,37,26,18,10,43,24,13,28,15,14,21,4,120,1,150,130,1,0,0,0,0,0,0,0,150,0,50,0,150,0,50,0,150,41,100,0,0,0,0,0,0,0,0,0,0,41,100,0,0,0,0,0,0,0,0,0,0,0,0,0,0,0,0,0,0,0,0,0,0,0,0,0,null,null,null,null,null,null,null,0,
14000000,飛天地毯,14000000,MAGIC_CREATURE_RIDE_4,1,1,1,0,0,1,1,1,1,1,1,1,1,1,320,0,0,450,49,49,STAB,43,43,37,26,18,10,43,24,13,28,15,14,21,4,120,1,150,130,1,0,0,0,0,0,0,0,150,0,50,0,150,0,50,0,150,41,100,0,0,0,0,0,0,0,0,0,0,41,100,0,0,0,0,0,0,0,0,0,0,0,0,0,0,0,0,0,0,0,0,0,0,0,0,0,null,null,null,null,null,null,null,0,
14000001,飛天地毯（桜）,14000001,MAGIC_CREATURE_RIDE_4,1,1,1,0,0,1,1,1,1,1,1,1,1,1,320,0,0,450,49,49,STAB,43,43,37,26,18,10,43,24,13,28,15,14,21,4,120,1,150,130,1,0,0,0,0,0,0,0,150,0,50,0,150,0,50,0,150,41,100,0,0,0,0,0,0,0,0,0,0,41,100,0,0,0,0,0,0,0,0,0,0,0,0,0,0,0,0,0,0,0,0,0,0,0,0,0,null,null,null,null,null,null,null,0,
14010000,人力車（黃金瑪歐斯）,14010000,WATER_ANIMAL_RIDE_4,1,1,1,0,0,1,1,1,1,1,1,1,1,1,320,0,0,450,49,49,STAB,43,43,37,26,18,10,43,24,13,28,15,14,21,4,120,1,150,130,1,0,0,0,0,0,0,0,150,0,50,0,150,0,50,0,150,41,100,0,0,0,0,0,0,0,0,0,0,41,100,0,0,0,0,0,0,0,0,0,0,0,0,0,0,0,0,0,0,0,0,0,0,0,0,0,null,null,null,null,null,null,null,0,
14030005,貓靈（杏）？,14030005,MAGIC_CREATURE_29,1,1,1,1,0,1,1,1,1,1,1,1,1,1,240,0,0,400,10,10,BLOW,30,30,3,6,10,16,34,20,100,60,20,120,20,20,100,1,200,200,1,0,0,0,0,0,0,0,80,80,80,50,50,50,50,80,50,40,100,0,0,0,0,0,0,0,0,0,0,40,100,0,0,0,0,0,0,0,0,0,0,0,0,0,0,0,0,0,0,0,0,0,0,0,0,0,null,null,null,null,null,null,null,0,
14020000,飛天的雨傘,14020000,MAGIC_CREATURE_RIDE_4,1,1,1,0,0,1,1,1,1,1,1,1,1,1,1,0,0,500,49,49,STAB,43,43,37,26,18,10,43,24,13,40,40,40,30,10,120,1,150,130,1,0,0,0,0,0,0,0,150,0,50,0,150,0,50,0,150,41,100,0,0,0,0,0,0,0,0,0,0,41,100,0,0,0,0,0,0,0,0,0,0,0,0,0,0,0,0,0,0,0,0,0,0,0,0,0,null,null,null,null,null,null,null,0,
14020001,飛天的雨傘（粉紅）,14020001,MAGIC_CREATURE_RIDE_4,1,1,1,0,0,1,1,1,1,1,1,1,1,1,1,0,0,500,49,49,STAB,43,43,37,26,18,10,43,24,13,40,40,40,30,10,120,1,150,130,1,0,0,0,0,0,0,0,150,0,50,0,150,0,50,0,150,41,100,0,0,0,0,0,0,0,0,0,0,41,100,0,0,0,0,0,0,0,0,0,0,0,0,0,0,0,0,0,0,0,0,0,0,0,0,0,null,null,null,null,null,null,null,0,
14020002,飛天的雨傘（赤）,14020002,MAGIC_CREATURE_RIDE_4,1,1,1,0,0,1,1,1,1,1,1,1,1,1,1,0,0,500,49,49,STAB,43,43,37,26,18,10,43,24,13,40,40,40,30,10,120,1,150,130,1,0,0,0,0,0,0,0,150,0,50,0,150,0,50,0,150,41,100,0,0,0,0,0,0,0,0,0,0,41,100,0,0,0,0,0,0,0,0,0,0,0,0,0,0,0,0,0,0,0,0,0,0,0,0,0,null,null,null,null,null,null,null,0,
14040000,氣球鞦韆,14040000,MAGIC_CREATURE_RIDE_4,1,1,1,0,0,1,1,1,1,1,1,1,1,1,320,0,0,450,49,49,STAB,43,43,37,26,18,10,30,25,20,28,15,14,30,4,120,1,150,130,1,0,0,0,0,0,0,0,150,0,50,0,150,0,50,0,150,41,100,0,0,0,0,0,0,0,0,0,0,41,100,0,0,0,0,0,0,0,0,0,0,0,0,0,0,0,0,0,0,0,0,0,0,0,0,0,null,null,null,null,null,null,null,0,
14050000,思麗跑車,14050000,MACHINE_RIDE_4,1,1,1,0,0,1,1,1,1,1,1,1,1,1,320,0,0,450,49,49,STAB,43,43,37,26,18,10,30,25,20,28,15,14,30,4,120,1,150,130,1,0,0,0,0,0,0,0,150,0,50,0,150,0,50,0,150,41,100,0,0,0,0,0,0,0,0,0,0,41,100,0,0,0,0,0,0,0,0,0,0,0,0,0,0,0,0,0,0,0,0,0,0,0,0,0,null,null,null,null,null,null,null,0,
14060000,塔奇克馬,14060000,MACHINE_31,1,1,1,0,0,1,1,1,1,1,1,1,1,1,300,0,0,450,56,56,STAB,10,10,5,9,10,18,40,101,100,20,36,24,7,1,100,1,200,200,6,0,0,0,0,0,0,0,255,255,255,255,255,0,0,0,255,41,100,0,0,0,0,0,0,0,0,0,0,41,100,0,0,0,0,0,0,0,0,0,0,6101,0,6103,0,6105,0,0,0,0,0,0,0,0,0,0,null,null,null,null,null,null,null,0,
14070000,閃耀之星號,14070000,MAGIC_CREATURE_RIDE_4,1,1,1,0,0,1,1,1,1,1,1,1,1,1,320,0,0,450,49,49,SLASH,43,43,37,26,18,10,43,24,13,28,15,14,21,4,120,1,150,130,1,0,0,0,0,0,0,0,150,0,50,0,150,0,50,0,150,41,100,0,0,0,0,0,0,0,0,0,0,41,100,0,0,0,0,0,0,0,0,0,0,0,0,0,0,0,0,0,0,0,0,0,0,0,0,0,null,null,null,null,null,null,null,0,
14070001,閃耀之星號☆,14070001,MAGIC_CREATURE_RIDE_4,1,1,1,0,0,1,1,1,1,1,1,1,1,1,320,0,0,450,49,49,SLASH,43,43,37,26,18,10,43,24,13,28,15,14,21,4,120,1,150,130,1,0,0,0,0,0,0,0,150,0,50,0,150,0,50,0,150,41,100,0,0,0,0,0,0,0,0,0,0,41,100,0,0,0,0,0,0,0,0,0,0,0,0,0,0,0,0,0,0,0,0,0,0,0,0,0,null,null,null,null,null,null,null,0,
14080000,瑪歐斯神輿,14080000,WATER_ANIMAL_RIDE_4,1,1,1,0,0,1,1,1,1,1,1,1,1,1,320,0,0,450,49,49,STAB,43,43,37,26,18,10,43,24,13,28,15,14,21,4,120,1,150,130,1,0,0,0,0,0,0,0,150,0,50,0,150,0,50,0,150,41,100,0,0,0,0,0,0,0,0,0,0,41,100,0,0,0,0,0,0,0,0,0,0,0,0,0,0,0,0,0,0,0,0,0,0,0,0,0,null,null,null,null,null,null,null,0,
14080001,瑪歐斯神輿（金）,14080001,WATER_ANIMAL_RIDE_4,1,1,1,0,0,1,1,1,1,1,1,1,1,1,320,0,0,450,49,49,STAB,43,43,37,26,18,10,43,24,13,28,15,14,21,4,120,1,150,130,1,0,0,0,0,0,0,0,150,0,50,0,150,0,50,0,150,41,100,0,0,0,0,0,0,0,0,0,0,41,100,0,0,0,0,0,0,0,0,0,0,0,0,0,0,0,0,0,0,0,0,0,0,0,0,0,null,null,null,null,null,null,null,0,
14080002,瑪歐斯神輿（黒）,14080002,WATER_ANIMAL_RIDE_4,1,1,1,0,0,1,1,1,1,1,1,1,1,1,320,0,0,450,49,49,STAB,43,43,37,26,18,10,43,24,13,28,15,14,21,4,120,1,150,130,1,0,0,0,0,0,0,0,150,0,50,0,150,0,50,0,150,41,100,0,0,0,0,0,0,0,0,0,0,41,100,0,0,0,0,0,0,0,0,0,0,0,0,0,0,0,0,0,0,0,0,0,0,0,0,0,null,null,null,null,null,null,null,0,
14080003,瑪歐斯神輿（彩虹）,14080003,WATER_ANIMAL_RIDE_4,1,1,1,0,0,1,1,1,1,1,1,1,1,1,320,0,0,450,49,49,STAB,43,43,37,26,18,10,43,24,13,28,15,14,21,4,120,1,150,130,1,0,0,0,0,0,0,0,150,0,50,0,150,0,50,0,150,41,100,0,0,0,0,0,0,0,0,0,0,41,100,0,0,0,0,0,0,0,0,0,0,0,0,0,0,0,0,0,0,0,0,0,0,0,0,0,null,null,null,null,null,null,null,0,
14090000,瑪歐斯暴走族,14090000,WATER_ANIMAL_RIDE_4,1,1,1,0,0,1,1,1,1,1,1,1,1,1,320,0,0,450,49,49,STAB,43,43,37,26,18,10,43,24,13,28,15,14,21,4,120,1,150,130,1,0,0,0,0,0,0,0,150,0,50,0,150,0,50,0,150,41,100,0,0,0,0,0,0,0,0,0,0,41,100,0,0,0,0,0,0,0,0,0,0,0,0,0,0,0,0,0,0,0,0,0,0,0,0,0,null,null,null,null,null,null,null,0,
14090001,金黃瑪歐斯暴走族,14090001,WATER_ANIMAL_RIDE_4,1,1,1,0,0,1,1,1,1,1,1,1,1,1,320,0,0,450,49,49,STAB,43,43,37,26,18,10,43,24,13,28,15,14,21,4,120,1,150,130,1,0,0,0,0,0,0,0,150,0,50,0,150,0,50,0,150,41,100,0,0,0,0,0,0,0,0,0,0,41,100,0,0,0,0,0,0,0,0,0,0,0,0,0,0,0,0,0,0,0,0,0,0,0,0,0,null,null,null,null,null,null,null,0,
14090002,瑪歐斯暴走族（黒）,14090002,WATER_ANIMAL_RIDE_4,1,1,1,0,0,1,1,1,1,1,1,1,1,1,320,0,0,450,49,49,STAB,43,43,37,26,18,10,43,24,13,28,15,14,21,4,120,1,150,130,1,0,0,0,0,0,0,0,150,0,50,0,150,0,50,0,150,41,100,0,0,0,0,0,0,0,0,0,0,41,100,0,0,0,0,0,0,0,0,0,0,0,0,0,0,0,0,0,0,0,0,0,0,0,0,0,null,null,null,null,null,null,null,0,
14090003,瑪歐斯暴走族（聖誕）,14090003,WATER_ANIMAL_RIDE_4,1,1,1,0,0,1,1,1,1,1,1,1,1,1,320,0,0,450,49,49,STAB,43,43,37,26,18,10,43,24,13,28,15,14,21,4,120,1,150,130,1,0,0,0,0,0,0,0,150,0,50,0,150,0,50,0,150,41,100,0,0,0,0,0,0,0,0,0,0,41,100,0,0,0,0,0,0,0,0,0,0,0,0,0,0,0,0,0,0,0,0,0,0,0,0,0,null,null,null,null,null,null,null,0,
14100000,天使泰迪,14100000,ANIMAL_8,1,1,1,0,0,1,1,1,1,1,1,1,1,1,300,0,0,350,40,40,BLOW,1,1,40,25,10,10,35,20,100,40,20,0,18,5,100,1,200,200,1,0,0,0,0,0,0,0,50,50,50,0,50,50,50,50,50,41,100,0,0,0,0,0,0,0,0,0,0,41,100,0,0,0,0,0,0,0,0,0,0,0,0,0,0,0,0,0,0,0,0,0,0,0,0,0,null,null,null,null,null,null,null,0,
14180000,滾軸旅行箱,14180000,MAGIC_CREATURE_RIDE_4,1,1,1,0,0,1,1,1,1,1,1,1,1,1,320,0,0,450,49,49,BLOW,43,43,37,26,18,10,43,24,13,28,15,14,21,4,120,1,150,130,1,0,0,0,0,0,0,0,150,0,50,0,150,0,50,0,150,41,100,0,0,0,0,0,0,0,0,0,0,41,100,0,0,0,0,0,0,0,0,0,0,0,0,0,0,0,0,0,0,0,0,0,0,0,0,0,null,null,null,null,null,null,null,0,
14190000,狗醫生汪汪,14190000,MAGIC_CREATURE_RIDE_4,1,1,1,0,0,1,1,1,1,1,1,1,1,1,320,0,0,450,49,49,STAB,43,43,37,26,18,10,43,24,13,28,15,14,21,4,120,1,150,130,1,0,0,0,0,0,0,0,150,0,50,0,150,0,50,0,150,41,100,0,0,0,0,0,0,0,0,0,0,41,100,0,0,0,0,0,0,0,0,0,0,0,0,0,0,0,0,0,0,0,0,0,0,0,0,0,null,null,null,null,null,null,null,0,
14200000,珍妮亞花車,14200000,MAGIC_CREATURE_RIDE_4,1,1,1,0,0,1,1,1,1,1,1,1,1,1,320,0,0,450,49,49,BLOW,43,43,37,26,18,10,43,24,13,28,15,14,21,4,120,1,150,130,1,0,0,0,0,0,0,0,150,0,50,0,150,0,50,0,150,41,100,0,0,0,0,0,0,0,0,0,0,41,100,0,0,0,0,0,0,0,0,0,0,0,0,0,0,0,0,0,0,0,0,0,0,0,0,0,null,null,null,null,null,null,null,0,
14210000,溫馴小象,14210000,MAGIC_CREATURE_RIDE_4,1,1,1,0,0,1,1,1,1,1,1,1,1,1,320,0,0,450,49,49,BLOW,43,43,37,26,18,10,43,24,13,28,15,14,21,4,120,1,150,130,1,0,0,0,0,0,0,0,150,0,50,0,150,0,50,0,150,41,100,0,0,0,0,0,0,0,0,0,0,41,100,0,0,0,0,0,0,0,0,0,0,0,0,0,0,0,0,0,0,0,0,0,0,0,0,0,null,null,null,null,null,null,null,0,
14230000,胡蘿蔔風箏,14230000,PLANT_7,1,1,1,0,0,1,1,1,1,1,1,1,1,1,320,0,0,450,49,49,BLOW,43,43,37,26,18,10,43,24,13,28,15,14,21,4,120,1,150,130,1,0,0,0,0,0,0,0,150,0,50,0,150,0,50,0,150,41,100,0,0,0,0,0,0,0,0,0,0,41,100,0,0,0,0,0,0,0,0,0,0,6201,0,6203,0,6205,0,6207,0,0,0,0,0,0,0,0,null,null,null,null,null,null,null,0,
14240000,貓靈(胡桃・若菜),14240000,MAGIC_CREATURE_35,1,1,1,1,0,1,1,1,1,1,1,1,1,1,240,0,0,400,10,10,BLOW,30,30,3,6,10,16,34,20,100,60,20,120,20,20,100,1,200,200,1,0,0,0,0,0,0,0,80,80,80,50,50,50,50,80,50,40,100,0,0,0,0,0,0,0,0,0,0,40,100,0,0,0,0,0,0,0,0,0,0,0,0,0,0,0,0,0,0,0,0,0,0,0,0,0,null,null,null,null,null,null,null,0,
14250000,飛馳的攻擊三輪車,14250000,MACHINE_RIDE_4,1,1,1,0,0,1,1,1,1,1,1,1,1,1,320,0,0,450,49,49,STAB,43,43,37,26,18,10,43,24,13,28,15,14,21,4,120,1,150,130,1,0,0,0,0,0,0,0,150,0,50,0,150,0,50,0,150,41,100,0,0,0,0,0,0,0,0,0,0,41,100,0,0,0,0,0,0,0,0,0,0,0,0,0,0,0,0,0,0,0,0,0,0,0,0,0,null,null,null,null,null,null,null,0,
14255000,摩托車（青）,14250000,MACHINE_RIDE_4,1,1,1,0,0,1,1,1,1,1,1,1,1,1,320,0,0,450,49,49,STAB,43,43,37,26,18,10,43,24,13,28,15,14,21,4,120,1,150,130,1,0,0,0,0,0,0,0,150,0,50,0,150,0,50,0,150,41,100,0,0,0,0,0,0,0,0,0,0,41,100,0,0,0,0,0,0,0,0,0,0,0,0,0,0,0,0,0,0,0,0,0,0,0,0,0,null,null,null,null,null,null,null,0,
14255100,摩托車（赤）,14250000,MACHINE_RIDE_4,1,1,1,0,0,1,1,1,1,1,1,1,1,1,320,0,0,450,49,49,STAB,43,43,37,26,18,10,43,24,13,28,15,14,21,4,120,1,150,130,1,0,0,0,0,0,0,0,150,0,50,0,150,0,50,0,150,41,100,0,0,0,0,0,0,0,0,0,0,41,100,0,0,0,0,0,0,0,0,0,0,0,0,0,0,0,0,0,0,0,0,0,0,0,0,0,null,null,null,null,null,null,null,0,
14255200,摩托車（黒）,14250000,MACHINE_RIDE_4,1,1,1,0,0,1,1,1,1,1,1,1,1,1,320,0,0,450,49,49,STAB,43,43,37,26,18,10,43,24,13,28,15,14,21,4,120,1,150,130,1,0,0,0,0,0,0,0,150,0,50,0,150,0,50,0,150,41,100,0,0,0,0,0,0,0,0,0,0,41,100,0,0,0,0,0,0,0,0,0,0,0,0,0,0,0,0,0,0,0,0,0,0,0,0,0,null,null,null,null,null,null,null,0,
14255300,摩托車（白）,14250000,MACHINE_RIDE_4,1,1,1,0,0,1,1,1,1,1,1,1,1,1,320,0,0,450,49,49,STAB,43,43,37,26,18,10,43,24,13,28,15,14,21,4,120,1,150,130,1,0,0,0,0,0,0,0,150,0,50,0,150,0,50,0,150,41,100,0,0,0,0,0,0,0,0,0,0,41,100,0,0,0,0,0,0,0,0,0,0,0,0,0,0,0,0,0,0,0,0,0,0,0,0,0,null,null,null,null,null,null,null,0,
14255400,摩托車（緑）,14250000,MACHINE_RIDE_4,1,1,1,0,0,1,1,1,1,1,1,1,1,1,320,0,0,450,49,49,STAB,43,43,37,26,18,10,43,24,13,28,15,14,21,4,120,1,150,130,1,0,0,0,0,0,0,0,150,0,50,0,150,0,50,0,150,41,100,0,0,0,0,0,0,0,0,0,0,41,100,0,0,0,0,0,0,0,0,0,0,0,0,0,0,0,0,0,0,0,0,0,0,0,0,0,null,null,null,null,null,null,null,0,
14255500,摩托車（黄色）,14250000,MACHINE_RIDE_4,1,1,1,0,0,1,1,1,1,1,1,1,1,1,320,0,0,450,49,49,STAB,43,43,37,26,18,10,43,24,13,28,15,14,21,4,120,1,150,130,1,0,0,0,0,0,0,0,150,0,50,0,150,0,50,0,150,41,100,0,0,0,0,0,0,0,0,0,0,41,100,0,0,0,0,0,0,0,0,0,0,0,0,0,0,0,0,0,0,0,0,0,0,0,0,0,null,null,null,null,null,null,null,0,
14255600,摩托車（粉紅）,14250000,MACHINE_RIDE_4,1,1,1,0,0,1,1,1,1,1,1,1,1,1,320,0,0,450,49,49,STAB,43,43,37,26,18,10,43,24,13,28,15,14,21,4,120,1,150,130,1,0,0,0,0,0,0,0,150,0,50,0,150,0,50,0,150,41,100,0,0,0,0,0,0,0,0,0,0,41,100,0,0,0,0,0,0,0,0,0,0,0,0,0,0,0,0,0,0,0,0,0,0,0,0,0,null,null,null,null,null,null,null,0,
14255700,摩托車（橙色）,14250000,MACHINE_RIDE_4,1,1,1,0,0,1,1,1,1,1,1,1,1,1,320,0,0,450,49,49,STAB,43,43,37,26,18,10,43,24,13,28,15,14,21,4,120,1,150,130,1,0,0,0,0,0,0,0,150,0,50,0,150,0,50,0,150,41,100,0,0,0,0,0,0,0,0,0,0,41,100,0,0,0,0,0,0,0,0,0,0,0,0,0,0,0,0,0,0,0,0,0,0,0,0,0,null,null,null,null,null,null,null,0,
14256000,インペリアルバイク,14250000,MACHINE_RIDE_4,1,1,1,0,0,1,1,1,1,1,1,1,1,1,320,0,0,450,49,49,STAB,43,43,37,26,18,10,43,24,13,28,15,14,21,4,120,1,150,130,1,0,0,0,0,0,0,0,150,0,50,0,150,0,50,0,150,41,100,0,0,0,0,0,0,0,0,0,0,41,100,0,0,0,0,0,0,0,0,0,0,0,0,0,0,0,0,0,0,0,0,0,0,0,0,0,null,null,null,null,null,null,null,0,
14340000,圈圈茶杯,14340000,MACHINE_RIDE_4,1,1,1,0,0,1,1,1,1,1,1,1,1,1,320,0,0,450,49,49,STAB,43,43,37,26,18,10,43,24,13,28,15,14,21,4,120,1,150,130,1,0,0,0,0,0,0,0,150,0,50,0,150,0,50,0,150,41,100,0,0,0,0,0,0,0,0,0,0,41,100,0,0,0,0,0,0,0,0,0,0,0,0,0,0,0,0,0,0,0,0,0,0,0,0,0,null,null,null,null,null,null,null,0,
14350100,ピッグー,14350000,ANIMAL_52,1,1,1,0,0,1,1,1,1,1,1,1,1,1,450,0,0,350,46,46,STAB,12,12,26,17,15,10,30,10,35,20,25,20,15,5,100,1,80,200,1,0,0,0,0,0,0,0,150,0,50,0,150,0,50,0,150,41,100,0,0,0,0,0,0,0,0,0,0,41,100,0,0,0,0,0,0,0,0,0,0,0,0,0,0,0,0,0,0,0,0,0,0,0,0,0,null,null,null,null,null,null,null,0,
14360000,熊貓,14360000,ANIMAL_RIDE_4,1,1,1,0,0,1,1,1,1,1,1,1,1,1,320,0,0,450,49,49,STAB,43,43,37,26,18,10,43,24,13,28,15,14,21,4,120,1,150,130,1,0,0,0,0,0,0,0,150,0,50,0,150,0,50,0,150,41,100,0,0,0,0,0,0,0,0,0,0,41,100,0,0,0,0,0,0,0,0,0,0,0,0,0,0,0,0,0,0,0,0,0,0,0,0,0,null,null,null,null,null,null,null,0,
14370000,貓靈（黒）,14370000,MAGIC_CREATURE_48,1,1,1,1,0,1,1,1,1,1,1,1,1,1,240,0,0,400,10,10,BLOW,30,30,3,6,10,16,34,20,100,60,20,120,20,20,100,1,200,200,1,0,0,0,0,0,0,0,80,80,80,50,50,50,50,80,50,40,100,0,0,0,0,0,0,0,0,0,0,40,100,0,0,0,0,0,0,0,0,0,0,0,0,0,0,0,0,0,0,0,0,0,0,0,0,0,null,null,null,null,null,null,null,0,
14380000,貓靈（白）,14380000,MAGIC_CREATURE_47,1,1,1,1,0,1,1,1,1,1,1,1,1,1,240,0,0,400,10,10,BLOW,30,30,3,6,10,16,34,20,100,60,20,120,20,20,100,1,200,200,1,0,0,0,0,0,0,0,80,80,80,50,50,50,50,80,50,40,100,0,0,0,0,0,0,0,0,0,0,40,100,0,0,0,0,0,0,0,0,0,0,0,0,0,0,0,0,0,0,0,0,0,0,0,0,0,null,null,null,null,null,null,null,0,
14390000,童話王國的白馬,14390000,ANIMAL_RIDE_4,1,1,1,0,0,1,1,1,1,1,1,1,1,1,320,0,0,450,49,49,STAB,43,43,37,26,18,10,43,24,13,28,15,14,21,4,120,1,150,130,1,0,0,0,0,0,0,0,150,0,50,0,150,0,50,0,150,41,100,0,0,0,0,0,0,0,0,0,0,41,100,0,0,0,0,0,0,0,0,0,0,0,0,0,0,0,0,0,0,0,0,0,0,0,0,0,null,null,null,null,null,null,null,0,
14395000,騎士的愛馬,14395000,ANIMAL_RIDE_4,1,1,1,0,0,1,1,1,1,1,1,1,1,1,320,0,0,450,49,49,STAB,43,43,37,26,18,10,43,24,13,28,15,14,21,4,120,1,150,130,1,0,0,0,0,0,0,0,150,0,50,0,150,0,50,0,150,41,100,0,0,0,0,0,0,0,0,0,0,41,100,0,0,0,0,0,0,0,0,0,0,0,0,0,0,0,0,0,0,0,0,0,0,0,0,0,null,null,null,null,null,null,null,0,
14420000,大家的經理人,14420000,HUMAN_38,1,1,1,0,0,1,1,1,1,1,1,1,1,1,300,0,0,450,30,42,BLOW,30,44,33,12,30,15,32,20,35,20,10,21,15,5,120,1,130,200,1,0,0,0,0,0,0,0,70,70,70,70,70,70,70,70,70,41,100,0,0,0,0,0,0,0,0,0,0,41,100,0,0,0,0,0,0,0,0,0,0,6443,0,0,0,0,0,0,0,0,0,0,0,0,0,0,null,null,null,null,null,null,null,0,
14430000,路易莎,14430000,HUMAN_39,1,1,1,0,0,1,1,1,1,1,1,1,1,1,350,0,0,450,32,40,BLOW,45,55,20,12,30,15,32,20,35,20,10,21,15,5,100,1,100,200,1,0,0,0,0,0,0,0,70,70,70,70,70,70,70,70,70,41,100,0,0,0,0,0,0,0,0,0,0,41,100,0,0,0,0,0,0,0,0,0,0,0,0,0,0,0,0,0,0,0,0,0,0,0,0,0,null,null,null,null,null,null,null,0,
14440000,超絶合体電路機械,14440000,MACHINE_RIDE_4,1,1,1,0,0,1,1,1,1,1,1,1,1,1,320,0,0,450,49,49,STAB,43,43,37,26,18,10,43,24,13,28,15,14,21,4,120,1,150,130,1,0,0,0,0,0,0,0,150,0,50,0,150,0,50,0,150,41,100,0,0,0,0,0,0,0,0,0,0,41,100,0,0,0,0,0,0,0,0,0,0,0,0,0,0,0,0,0,0,0,0,0,0,0,0,0,null,null,null,null,null,null,null,0,
14490000,黎明白鰐丸,14490000,MACHINE_RIDE_4,1,1,1,0,0,1,1,1,1,1,1,1,1,1,320,0,0,450,49,49,STAB,43,43,37,26,18,10,43,24,13,28,15,14,21,4,120,1,150,130,1,0,0,0,0,0,0,0,150,0,50,0,150,0,50,0,150,41,100,0,0,0,0,0,0,0,0,0,0,41,100,0,0,0,0,0,0,0,0,0,0,0,0,0,0,0,0,0,0,0,0,0,0,0,0,0,null,null,null,null,null,null,null,0,
14500000,滑浪板,14500000,ANIMAL_RIDE_4,1,1,1,0,0,1,1,1,1,1,1,1,1,1,320,0,0,450,49,49,STAB,43,43,37,26,18,10,43,24,13,28,15,14,21,4,120,1,150,130,1,0,0,0,0,0,0,0,150,0,50,0,150,0,50,0,150,41,100,0,0,0,0,0,0,0,0,0,0,41,100,0,0,0,0,0,0,0,0,0,0,0,0,0,0,0,0,0,0,0,0,0,0,0,0,0,null,null,null,null,null,null,null,0,
14510000,骷髏電視,14510000,MACHINE_RIDE_40,1,1,1,1,0,1,1,1,1,1,1,1,1,1,400,0,0,500,28,28,STAB,45,45,30,20,25,15,35,15,35,45,20,20,25,6,100,1,200,200,1,0,0,0,0,0,0,0,50,80,80,80,50,50,50,50,80,40,100,0,0,0,0,0,0,0,0,0,0,40,100,0,0,0,0,0,0,0,0,0,0,0,0,0,0,0,0,0,0,0,0,0,0,0,0,0,null,null,null,null,null,null,null,0,
14610000,浪漫的人力車,14610000,HUMAN_RIDE_4,1,1,1,0,0,1,1,1,1,1,1,1,1,1,320,0,0,450,49,49,STAB,43,43,37,26,18,10,43,24,13,28,15,14,21,4,120,1,150,130,1,0,0,0,0,0,0,0,100,0,50,0,50,50,50,100,150,41,100,0,0,0,0,0,0,0,0,0,0,41,100,0,0,0,0,0,0,0,0,0,0,0,0,0,0,0,0,0,0,0,0,0,0,0,0,0,null,null,null,null,null,null,null,0,
14620000,戦車,14620000,MACHINE_RIDE_4,1,1,1,0,0,1,1,1,1,1,1,1,1,1,320,0,0,450,49,49,STAB,43,43,37,26,18,10,43,24,13,28,15,14,21,4,120,1,150,130,3,0,0,0,0,0,0,0,100,0,50,0,50,50,50,100,150,41,100,0,0,0,0,0,0,0,0,0,0,41,100,0,0,0,0,0,0,0,0,0,0,0,0,0,0,0,0,0,0,0,0,0,0,0,0,0,null,null,null,null,null,null,null,1,
14730000,オフロードバギー,14730000,MACHINE_RIDE_4,1,1,1,0,0,1,1,1,1,1,1,1,1,1,320,0,0,450,49,49,STAB,43,43,37,26,18,10,43,24,13,28,15,14,21,4,120,1,150,130,1,0,0,0,0,0,0,0,100,0,50,0,50,50,50,100,150,41,100,0,0,0,0,0,0,0,0,0,0,41,100,0,0,0,0,0,0,0,0,0,0,0,0,0,0,0,0,0,0,0,0,0,0,0,0,0,null,null,null,null,null,null,null,0,
14750000,夢見のイルカ,14750000,ANIMAL_RIDE_4,1,1,1,0,0,1,1,1,1,1,1,1,1,1,320,0,0,450,49,49,STAB,43,43,37,26,18,10,43,24,13,28,15,14,21,4,120,1,150,130,1,0,0,0,0,0,0,0,100,0,50,0,50,50,50,100,150,41,100,0,0,0,0,0,0,0,0,0,0,41,100,0,0,0,0,0,0,0,0,0,0,0,0,0,0,0,0,0,0,0,0,0,0,0,0,0,null,null,null,null,null,null,null,0,
14760000,貓靈（三毛）,14760000,MAGIC_CREATURE_49,1,1,1,1,0,1,1,1,1,1,1,1,1,1,240,0,0,400,10,10,BLOW,30,30,3,6,10,16,34,20,100,60,20,120,20,20,100,1,200,200,1,0,0,0,0,0,0,0,80,80,80,50,50,50,50,80,50,40,100,0,0,0,0,0,0,0,0,0,0,40,100,0,0,0,0,0,0,0,0,0,0,0,0,0,0,0,0,0,0,0,0,0,0,0,0,0,null,null,null,null,null,null,null,0,
14780000,召喚獣・銀狼,14780000,ANIMAL_RIDE_4,1,1,1,0,0,1,1,1,1,1,1,1,1,1,320,0,0,450,49,49,STAB,43,43,37,26,18,10,43,24,13,28,15,14,21,4,120,1,150,130,1,0,0,0,0,0,0,0,100,0,50,0,50,50,50,100,150,41,100,0,0,0,0,0,0,0,0,0,0,41,100,0,0,0,0,0,0,0,0,0,0,0,0,0,0,0,0,0,0,0,0,0,0,0,0,0,null,null,null,null,null,null,null,0,
14790000,確保ペット,14790000,MAGIC_CREATURE_51,1,1,0.8,1,0,1,1,1,1,1,1,1,1,1,240,0,0,400,10,10,BLOW,30,30,3,6,10,16,34,20,100,60,20,120,20,20,100,1,200,200,1,0,0,0,0,0,0,0,80,80,80,50,50,50,50,80,50,40,100,0,0,0,0,0,0,0,0,0,0,40,100,0,0,0,0,0,0,0,0,0,0,0,0,0,0,0,0,0,0,0,0,0,0,0,0,0,null,null,null,null,null,null,null,0,
14800000,コウモリブランコ,14800000,MAGIC_CREATURE_RIDE_4,1,1,1,0,0,1,1,1,1,1,1,1,1,1,320,0,0,450,49,49,STAB,43,43,37,26,18,10,30,25,20,28,15,14,30,4,120,1,150,130,1,0,0,0,0,0,0,0,150,0,50,0,150,0,50,0,150,41,100,0,0,0,0,0,0,0,0,0,0,41,100,0,0,0,0,0,0,0,0,0,0,0,0,0,0,0,0,0,0,0,0,0,0,0,0,0,null,null,null,null,null,null,null,0,
14810000,ネコマタ（トラ）,14810000,MAGIC_CREATURE_50,1,1,1,1,0,1,1,1,1,1,1,1,1,1,240,0,0,400,10,10,BLOW,30,30,3,6,10,16,34,20,100,60,20,120,20,20,100,1,200,200,1,0,0,0,0,0,0,0,80,80,80,50,50,50,50,80,50,40,100,0,0,0,0,0,0,0,0,0,0,40,100,0,0,0,0,0,0,0,0,0,0,0,0,0,0,0,0,0,0,0,0,0,0,0,0,0,null,null,null,null,null,null,null,0,
20000050,探索用電路機械·斬,20000050,MACHINE_RIDE_4,1,1,1,0,0,1,1,1,1,1,1,1,1,1,800,0,0,380,245,245,BLOW,50,50,80,39,64,10,172,172,20,86,86,42,50,20,200,1,350,130,1,0,0,0,0,0,0,0,150,0,50,0,150,0,50,0,150,41,100,0,0,0,0,0,0,0,0,0,0,41,100,0,0,0,0,0,0,0,0,0,0,0,0,0,0,0,0,0,0,0,0,0,0,0,0,0,null,null,null,null,null,null,null,1,
20000051,探索用電路機械·盾,20000051,MACHINE_RIDE_4,1,1,1,0,0,1,1,1,1,1,1,1,1,1,1000,0,0,380,48,52,BLOW,50,50,138,39,129,10,136,72,52,112,112,42,20,40,200,1,900,130,1,0,0,0,0,0,0,0,150,0,50,0,150,0,50,0,150,41,100,0,0,0,0,0,0,0,0,0,0,41,100,0,0,0,0,0,0,0,0,0,0,0,0,0,0,0,0,0,0,0,0,0,0,0,0,0,null,null,null,null,null,null,null,1,
20000052,探索用電路機械·砲,20000052,MACHINE_RIDE_4,1,1,1,0,0,1,1,1,1,1,1,1,1,1,800,0,0,350,92,92,BLOW,245,245,74,39,64,10,112,72,172,60,60,42,10,20,320,1,300,130,6,0,0,0,0,0,0,0,150,0,50,0,150,0,50,0,150,41,100,0,0,0,0,0,0,0,0,0,0,41,100,0,0,0,0,0,0,0,0,0,0,0,0,0,0,0,0,0,0,0,0,0,0,0,0,0,null,null,null,null,null,null,null,1,
20400000,探索用電路機械·特,20400000,MACHINE_RIDE_4,1,1,1,0,0,1,1,1,1,1,1,1,1,1,800,0,0,450,91,92,BLOW,80,80,74,39,64,10,136,72,102,60,112,42,35,20,120,1,700,130,1,0,0,0,0,0,0,0,150,0,50,0,150,0,50,0,150,41,100,0,0,0,0,0,0,0,0,0,0,41,100,0,0,0,0,0,0,0,0,0,0,0,0,0,0,0,0,0,0,0,0,0,0,0,0,0,null,null,null,null,null,null,null,1,
20410000,紳士泰迪,20410000,ANIMAL_34,1,1,1,0,0,1,1,1,1,1,1,1,1,1,300,0,0,350,40,40,BLOW,1,1,40,25,10,10,35,20,100,40,20,0,18,5,100,1,200,200,1,0,0,0,0,0,0,0,50,50,50,50,50,50,50,50,50,41,100,0,0,0,0,0,0,0,0,0,0,41,100,0,0,0,0,0,0,0,0,0,0,0,0,0,0,0,0,0,0,0,0,0,0,0,0,0,null,null,null,null,null,null,null,0,
20430000,偵探泰迪,20430000,ANIMAL_41,1,1,1,0,0,1,1,1,1,1,1,1,1,1,300,0,0,350,40,40,BLOW,1,1,40,25,10,10,35,20,100,40,20,0,18,5,100,1,200,200,1,0,0,0,0,0,0,0,50,50,50,50,50,50,50,50,50,41,100,0,0,0,0,0,0,0,0,0,0,41,100,0,0,0,0,0,0,0,0,0,0,0,0,0,0,0,0,0,0,0,0,0,0,0,0,0,null,null,null,null,null,null,null,0,
19010019,助手米露菲,19010019,HUMAN_33,1,1,1,0,0,1,1,1,1,1,1,1,1,1,400,0,0,350,72,72,STAB,45,45,36,13,30,15,28,10,35,20,10,21,15,5,100,1,80,200,1,0,0,0,0,0,0,0,80,80,80,30,80,30,30,50,80,41,100,0,0,0,0,0,0,0,0,0,0,41,100,0,0,0,0,0,0,0,0,0,0,0,0,0,0,0,0,0,0,0,0,0,0,0,0,0,null,null,null,null,null,null,null,0,
19010000,シツジ2（タイ）,19010020,HUMAN_11,1,1,1,0,0,1,1,1,1,1,1,1,1,1,200,0,0,500,13,13,BLOW,13,13,7,20,25,17,9,8,30,4,4,16,2,1,100,1,80,200,1,0,0,0,0,0,0,0,150,0,0,0,150,150,0,0,0,41,100,0,0,0,0,0,0,0,0,0,0,41,100,0,0,0,0,0,0,0,0,0,0,0,0,0,0,0,0,0,0,0,0,0,0,0,0,0,null,null,null,null,null,null,null,0,
19010001,シツジ3（タイ）,19010021,HUMAN_11,1,1,1,0,0,1,1,1,1,1,1,1,1,1,200,0,0,500,13,13,BLOW,13,13,7,20,25,17,9,8,30,4,4,16,2,1,100,1,80,200,1,0,0,0,0,0,0,0,150,0,0,0,150,150,0,0,0,41,100,0,0,0,0,0,0,0,0,0,0,41,100,0,0,0,0,0,0,0,0,0,0,0,0,0,0,0,0,0,0,0,0,0,0,0,0,0,null,null,null,null,null,null,null,0,
19010002,シツジ（タイ）,19010000,HUMAN_11,1,1,1,0,0,1,1,1,1,1,1,1,1,1,200,0,0,500,13,13,BLOW,13,13,7,20,25,17,9,8,30,4,4,16,2,1,100,1,80,200,1,0,0,0,0,0,0,0,150,0,0,0,150,150,0,0,0,41,100,0,0,0,0,0,0,0,0,0,0,41,100,0,0,0,0,0,0,0,0,0,0,0,0,0,0,0,0,0,0,0,0,0,0,0,0,0,null,null,null,null,null,null,null,0,
19000000,メイド2（タイ）,19000001,HUMAN_9,1,1,1,0,0,1,1,1,1,1,1,1,1,1,200,0,0,500,13,13,BLOW,13,13,7,20,25,17,9,8,30,4,4,16,2,1,100,1,80,200,1,0,0,0,0,0,0,0,150,0,0,0,150,150,0,0,0,41,100,0,0,0,0,0,0,0,0,0,0,41,100,0,0,0,0,0,0,0,0,0,0,0,0,0,0,0,0,0,0,0,0,0,0,0,0,0,null,null,null,null,null,null,null,0,
19000001,メイド3（タイ）,19000002,HUMAN_9,1,1,1,0,0,1,1,1,1,1,1,1,1,1,200,0,0,500,13,13,BLOW,13,13,7,20,25,17,9,8,30,4,4,16,2,1,100,1,80,200,1,0,0,0,0,0,0,0,150,0,0,0,150,150,0,0,0,41,100,0,0,0,0,0,0,0,0,0,0,41,100,0,0,0,0,0,0,0,0,0,0,0,0,0,0,0,0,0,0,0,0,0,0,0,0,0,null,null,null,null,null,null,null,0,
19000002,メイド（タイ）,19000000,HUMAN_9,1,1,1,0,0,1,1,1,1,1,1,1,1,1,200,0,0,500,13,13,BLOW,13,13,7,20,25,17,9,8,30,4,4,16,2,1,100,1,80,200,1,0,0,0,0,0,0,0,150,0,0,0,150,150,0,0,0,41,100,0,0,0,0,0,0,0,0,0,0,41,100,0,0,0,0,0,0,0,0,0,0,0,0,0,0,0,0,0,0,0,0,0,0,0,0,0,null,null,null,null,null,null,null,0,
19020000,Samba,19020000,ANIMAL_42,1,1,1,0,0,1,1,1,1,1,1,1,1,1,450,0,0,350,46,46,STAB,12,12,15,17,30,10,30,10,35,20,25,20,15,5,100,1,80,200,1,0,0,0,0,0,0,0,50,50,50,50,80,50,50,80,80,41,100,0,0,0,0,0,0,0,0,0,0,41,100,0,0,0,0,0,0,0,0,0,0,0,0,0,0,0,0,0,0,0,0,0,0,0,0,0,null,null,null,null,null,null,null,0,
19020001,SomSom,19020001,ANIMAL_43,1,1,1,0,0,1,1,1,1,1,1,1,1,1,450,0,0,350,46,46,STAB,12,12,15,17,30,10,30,10,35,20,25,20,15,5,100,1,80,200,1,0,0,0,0,0,0,0,50,50,50,50,80,50,50,80,80,41,100,0,0,0,0,0,0,0,0,0,0,41,100,0,0,0,0,0,0,0,0,0,0,0,0,0,0,0,0,0,0,0,0,0,0,0,0,0,null,null,null,null,null,null,null,0,
19030000,白馬花車,19030000,ANIMAL_RIDE_4,1,1,1,0,0,1,1,1,1,1,1,1,1,1,320,0,0,325,49,49,STAB,43,43,37,26,18,10,43,24,13,28,15,14,21,4,120,1,150,130,1,0,0,0,0,0,0,0,150,0,50,0,150,0,50,0,150,41,100,0,0,0,0,0,0,0,0,0,0,41,100,0,0,0,0,0,0,0,0,0,0,0,0,0,0,0,0,0,0,0,0,0,0,0,0,0,null,null,null,null,null,null,null,0,
19030100,德拉古(白),19030100,ANIMAL_RIDE_4,1,1,1,0,0,1,1,1,1,1,1,1,1,1,320,0,0,400,49,49,SLASH,43,43,37,26,18,10,43,24,13,28,15,14,21,4,120,1,150,130,1,0,0,0,0,0,0,0,150,0,50,0,150,0,50,0,150,41,100,0,0,0,0,0,0,0,0,0,0,41,100,0,0,0,0,0,0,0,0,0,0,0,0,0,0,0,0,0,0,0,0,0,0,0,0,0,null,null,null,null,null,null,null,0,
19030101,德拉古(緑),19030101,ANIMAL_RIDE_4,1,1,1,0,0,1,1,1,1,1,1,1,1,1,320,0,0,450,49,49,SLASH,43,43,37,26,18,10,43,24,13,28,15,14,21,4,120,1,150,130,1,0,0,0,0,0,0,0,150,0,50,0,150,0,50,0,150,41,100,0,0,0,0,0,0,0,0,0,0,41,100,0,0,0,0,0,0,0,0,0,0,0,0,0,0,0,0,0,0,0,0,0,0,0,0,0,null,null,null,null,null,null,null,0,
19030102,德拉古(粉紅),19030102,ANIMAL_RIDE_4,1,1,1,0,0,1,1,1,1,1,1,1,1,1,320,0,0,350,49,49,SLASH,43,43,37,26,18,10,43,24,13,28,15,14,21,4,120,1,150,130,1,0,0,0,0,0,0,0,150,0,50,0,150,0,50,0,150,41,100,0,0,0,0,0,0,0,0,0,0,41,100,0,0,0,0,0,0,0,0,0,0,0,0,0,0,0,0,0,0,0,0,0,0,0,0,0,null,null,null,null,null,null,null,0,
19030103,德拉古(紫),19030103,ANIMAL_RIDE_4,1,1,1,0,0,1,1,1,1,1,1,1,1,1,320,0,0,350,49,49,SLASH,43,43,37,26,18,10,43,24,13,28,15,14,21,4,120,1,150,130,1,0,0,0,0,0,0,0,150,0,50,0,150,0,50,0,150,41,100,0,0,0,0,0,0,0,0,0,0,41,100,0,0,0,0,0,0,0,0,0,0,0,0,0,0,0,0,0,0,0,0,0,0,0,0,0,null,null,null,null,null,null,null,0,
19030104,德拉古(橙色),19030104,ANIMAL_RIDE_4,1,1,1,0,0,1,1,1,1,1,1,1,1,1,320,0,0,290,49,49,SLASH,43,43,37,26,18,10,43,24,13,28,15,14,21,4,120,1,150,130,1,0,0,0,0,0,0,0,150,0,50,0,150,0,50,0,150,41,100,0,0,0,0,0,0,0,0,0,0,41,100,0,0,0,0,0,0,0,0,0,0,0,0,0,0,0,0,0,0,0,0,0,0,0,0,0,null,null,null,null,null,null,null,0,
14350000,小山豬,14350000,ANIMAL_12,1,1,1,0,0,1,1,1,1,1,1,1,1,1,450,0,0,350,46,46,STAB,12,12,26,17,15,10,30,10,35,20,25,20,15,5,100,1,80,200,1,0,0,0,0,0,0,0,50,50,50,50,80,50,50,80,80,41,100,0,0,0,0,0,0,0,0,0,0,41,100,0,0,0,0,0,0,0,0,0,0,0,0,0,0,0,0,0,0,0,0,0,0,0,0,0,null,null,null,null,null,null,null,0,
































