#パ`トナ`O定シ`ト,
#パ`トナ`情,,,,,,パ`トナ`基本情,,,,,,,,,,思考情,,パ`トナ`が代わりにk婴扦るスキルO定,,,,,,,,アクトキュ`ブ条件リスト,,,,,アクトキュ`ブ行鹰辚攻,,,,,アクトキュ`ブスキルリスト,,,,,,,,,,淇,
#パ`トナ`ID,パ`トナ`名,PICTID,スケ`ル,モ`ションセット番号,T\者非表示O定,NeID,系yID,w行,移铀俣,攻磨骏ぅ,h距xタイプ,射程,通常攻幕厥,通常攻磨昆岍`ジ％,初期レベル,通常r思考ID,l死r思考ID,スキルID1,スキルID2,スキルID3,スキルID4,スキルID5,スキルID6,スキルID7,スキルID8,キュ`ブID1,キュ`ブID2,キュ`ブID3,キュ`ブID4,キュ`ブID5,キュ`ブID1,キュ`ブID2,キュ`ブID3,キュ`ブID4,キュ`ブID5,キュ`ブID1,キュ`ブID2,キュ`ブID3,キュ`ブID4,キュ`ブID5,キュ`ブID6,キュ`ブID7,キュ`ブID8,キュ`ブID9,キュ`ブID10,
#パ`トナ`,
10000000,プルル,10000000,1,0,0,PLANT_139,6,0,430,BLOW,0,1,1,100,1,41,41,0,0,0,0,0,0,0,0,0,0,0,0,0,0,0,0,0,0,30068,30000,30013,30001,30007,30148,30149,0,0,0,
10010003,コッコ`,10010000,0.8,0,0,BIRD_20,4,0,500,STAB,0,1,1,100,1,41,41,6501,6503,6550,0,0,0,0,0,0,0,0,0,0,0,0,0,0,0,0,0,0,0,0,0,0,0,0,0,
10111300,シナモン,10111300,1,0,0,ANIMAL_82,7,0,500,BLOW,0,1,1,100,1,41,41,0,0,0,0,0,0,0,0,0,0,0,0,0,0,0,0,0,0,0,0,0,0,0,0,0,0,0,0,
10620002,ココッコ`,10620000,0.8,0,0,BIRD_21,4,0,500,STAB,0,1,1,100,1,41,41,6501,6503,6550,0,0,0,0,0,0,0,0,0,0,0,0,0,0,0,0,0,0,0,0,0,0,0,0,0,
10120100,バウバウ,10120100,1,0,0,ANIMAL_2,1,0,500,SLASH,0,1,1,100,1,41,41,6301,6303,6305,0,0,0,0,0,0,0,0,0,0,0,0,0,0,0,0,0,0,0,0,0,0,0,0,0,
10260000,ネコマタ,10260000,1,0,0,MAGIC_CREATURE_0,9,1,400,BLOW,0,1,1,100,1,40,40,0,0,0,0,0,0,0,0,0,0,0,0,0,0,0,0,0,0,30000,30068,30001,30007,30002,0,0,0,0,0,
10260003,ネコマタ（）,10260003,1,0,0,MAGIC_CREATURE_19,9,1,400,BLOW,0,1,1,100,1,40,40,0,0,0,0,0,0,0,0,0,0,0,0,0,0,0,0,0,0,30000,30068,30006,30007,30029,0,0,0,0,0,
10260004,ネコマタ（茜）,10260004,1,0,0,MAGIC_CREATURE_28,9,1,400,BLOW,0,1,1,100,1,40,40,0,0,0,0,0,0,0,0,0,0,0,0,0,0,0,0,0,0,30000,30006,30027,0,0,0,0,0,0,0,
10260005,ネコマタ（杏）,10260005,0.95,0,0,MAGIC_CREATURE_29,9,1,400,BLOW,0,1,1,100,1,40,40,0,0,0,0,0,0,0,0,0,0,0,0,0,0,0,0,0,0,30000,30008,30009,30010,0,0,0,0,0,0,
10260006,ネコマタ（空）,10260006,1,0,0,MAGIC_CREATURE_32,9,1,400,BLOW,0,1,1,100,1,40,40,0,0,0,0,0,0,0,0,0,0,0,0,0,0,0,0,0,0,30000,30068,30069,30031,30011,0,0,0,0,0,
10260008,ネコマタ（新v）,10260008,0.95,0,0,MAGIC_CREATURE_1,9,1,400,BLOW,0,1,1,100,1,40,40,0,0,0,0,0,0,0,0,0,0,0,0,0,0,0,0,0,0,0,0,0,0,0,0,0,0,0,0,
10260009,ネコマタ（醒新v）,10260008,0.95,0,0,MAGIC_CREATURE_37,9,1,400,BLOW,0,1,1,100,1,40,40,0,0,0,0,0,0,0,0,0,0,0,0,0,0,0,0,0,0,30000,30012,30032,30036,30009,30003,30045,0,0,0,
10260010,ネコマタ（醒v）,10260050,0.95,0,0,MAGIC_CREATURE_37,9,1,400,BLOW,0,1,1,100,1,40,40,0,0,0,0,0,0,0,0,0,0,0,0,0,0,0,0,0,0,30000,30012,30032,30036,30009,30003,30045,0,0,0,
10260050,ネコマタ（v）,10260050,0.95,0,0,MAGIC_CREATURE_1,9,1,400,BLOW,0,1,1,100,1,40,40,0,0,0,0,0,0,0,0,0,0,0,0,0,0,0,0,0,0,0,0,0,0,0,0,0,0,0,0,
10260051,ネコマタ（{）,10260051,1,0,0,MAGIC_CREATURE_13,9,1,400,BLOW,0,1,1,100,1,40,40,0,0,0,0,0,0,0,0,0,0,0,0,0,0,0,0,0,0,30036,30003,30030,0,0,0,0,0,0,0,
10260052,ネコマタ（山吹）,10260052,1,0,0,MAGIC_CREATURE_18,9,1,400,BLOW,0,1,1,100,1,40,40,0,0,0,0,0,0,0,0,0,0,0,0,0,0,0,0,0,0,30000,30004,30005,30029,0,0,0,0,0,0,
10440000,ペペン,10440000,1,0,0,BIRD_113,4,0,500,BLOW,0,1,1,100,1,41,41,6501,6503,6550,0,0,0,0,0,0,0,0,0,0,0,0,0,0,0,30000,30032,30004,30003,0,0,0,0,0,0,
10540000,虮,10540000,1.2,0,0,HUMAN_3,3,0,450,SLASH,0,1,1,100,1,41,41,6401,6403,6450,0,0,0,0,0,0,0,0,0,0,0,0,0,0,0,0,0,0,0,0,0,0,0,0,0,
10540003,青衣の虮,10540003,1.2,0,0,HUMAN_22,3,0,450,SLASH,0,1,1,100,1,41,41,6401,6403,6450,0,0,0,0,0,0,0,0,0,0,0,0,0,0,0,30002,0,0,0,0,0,0,0,0,0,
10540002,紫衣の虮,10540002,1.2,0,0,HUMAN_3,3,0,450,SLASH,0,1,1,100,1,41,41,6401,6403,6450,0,0,0,0,0,0,0,0,0,0,0,0,0,0,0,0,0,0,0,0,0,0,0,0,0,
10550000,ガトリングh,10550000,1,0,0,MACHINE_4,5,0,450,STAB,1,6,1,100,1,41,41,6101,6103,6105,0,0,0,0,0,0,0,0,0,0,0,0,0,0,0,30125,30126,0,0,0,0,0,0,0,0,
10550016,青いガトリングh,10550016,1,0,0,MACHINE_23,5,0,450,STAB,1,6,1,100,1,41,41,6101,6103,6105,0,0,0,0,0,0,0,0,0,0,0,0,0,0,0,30125,30126,30002,0,0,0,0,0,0,0,
10550017,黄金のガトリングh,10550017,1,0,0,MACHINE_4,5,0,450,STAB,1,6,1,100,1,41,41,6101,6103,6105,0,0,0,0,0,0,0,0,0,0,0,0,0,0,0,30125,30126,0,0,0,0,0,0,0,0,
10560000,キャリア`,10560000,1,0,0,INSECT_5,2,0,500,BLOW,0,1,1,100,1,41,41,0,0,0,0,0,0,0,0,0,0,0,0,0,0,0,0,0,0,0,0,0,0,0,0,0,0,0,0,
10560100,キャリア`,10560100,1,0,0,INSECT_5,2,0,500,BLOW,0,1,1,100,1,41,41,0,0,0,0,0,0,0,0,0,0,0,0,0,0,0,0,0,0,0,0,0,0,0,0,0,0,0,0,
10560200,キャリア`,10560200,1,0,0,INSECT_5,2,0,500,BLOW,0,1,1,100,1,41,41,0,0,0,0,0,0,0,0,0,0,0,0,0,0,0,0,0,0,0,0,0,0,0,0,0,0,0,0,
10560400,キャリア`,10560400,1,0,0,INSECT_5,2,0,500,BLOW,0,1,1,100,1,41,41,0,0,0,0,0,0,0,0,0,0,0,0,0,0,0,0,0,0,0,0,0,0,0,0,0,0,0,0,
10560800,キャリア`,10560800,1,0,0,INSECT_5,2,0,500,BLOW,0,1,1,100,1,41,41,0,0,0,0,0,0,0,0,0,0,0,0,0,0,0,0,0,0,0,0,0,0,0,0,0,0,0,0,
10566000,キャリア`,10566000,1,0,0,INSECT_5,2,0,500,BLOW,0,1,1,100,1,41,41,0,0,0,0,0,0,0,0,0,0,0,0,0,0,0,0,0,0,0,0,0,0,0,0,0,0,0,0,
10300002,キャリア`,10300002,1,0,0,INSECT_5,2,0,500,BLOW,0,1,1,100,1,41,41,0,0,0,0,0,0,0,0,0,0,0,0,0,0,0,0,0,0,0,0,0,0,0,0,0,0,0,0,
10565000,キャリア`,10565000,1,0,0,INSECT_5,2,0,500,BLOW,0,1,1,100,1,41,41,0,0,0,0,0,0,0,0,0,0,0,0,0,0,0,0,0,0,0,0,0,0,0,0,0,0,0,0,
10560001,ミニキャリア`,10560001,0.8,0,0,INSECT_5,2,0,500,BLOW,0,1,1,100,1,41,41,0,0,0,0,0,0,0,0,0,0,0,0,0,0,0,0,0,0,0,0,0,0,0,0,0,0,0,0,
10560101,ミニキャリア`,10560101,0.8,0,0,INSECT_5,2,0,500,BLOW,0,1,1,100,1,41,41,0,0,0,0,0,0,0,0,0,0,0,0,0,0,0,0,0,0,0,0,0,0,0,0,0,0,0,0,
10560201,ミニキャリア`,10560201,0.8,0,0,INSECT_5,2,0,500,BLOW,0,1,1,100,1,41,41,0,0,0,0,0,0,0,0,0,0,0,0,0,0,0,0,0,0,0,0,0,0,0,0,0,0,0,0,
10560401,ミニキャリア`,10560401,0.8,0,0,INSECT_5,2,0,500,BLOW,0,1,1,100,1,41,41,0,0,0,0,0,0,0,0,0,0,0,0,0,0,0,0,0,0,0,0,0,0,0,0,0,0,0,0,
10560801,ミニキャリア`,10560801,0.8,0,0,INSECT_5,2,0,500,BLOW,0,1,1,100,1,41,41,0,0,0,0,0,0,0,0,0,0,0,0,0,0,0,0,0,0,0,0,0,0,0,0,0,0,0,0,
10566001,ミニキャリア`,10566001,0.8,0,0,INSECT_5,2,0,500,BLOW,0,1,1,100,1,41,41,0,0,0,0,0,0,0,0,0,0,0,0,0,0,0,0,0,0,0,0,0,0,0,0,0,0,0,0,
10300003,ミニキャリア`,10300003,0.8,0,0,INSECT_5,2,0,500,BLOW,0,1,1,100,1,41,41,0,0,0,0,0,0,0,0,0,0,0,0,0,0,0,0,0,0,0,0,0,0,0,0,0,0,0,0,
10565001,ミニキャリア`,10565001,0.8,0,0,INSECT_5,2,0,500,BLOW,0,1,1,100,1,41,41,0,0,0,0,0,0,0,0,0,0,0,0,0,0,0,0,0,0,0,0,0,0,0,0,0,0,0,0,
10560002,プチクロ`ラ`,10560002,0.5,0,0,INSECT_5,2,0,400,BLOW,0,1,1,100,1,41,41,0,0,0,0,0,0,0,0,0,0,0,0,0,0,0,0,0,0,0,0,0,0,0,0,0,0,0,0,
10570000,わんわん,10570000,1,0,0,ANIMAL_6,1,0,500,SLASH,0,1,1,100,1,41,41,6301,6303,6305,0,0,0,0,0,0,0,0,0,0,0,0,0,0,0,0,0,0,0,0,0,0,0,0,0,
10570020,おめかしわんわん,10570020,1,0,0,ANIMAL_26,1,0,500,SLASH,0,1,1,100,1,41,41,6301,6303,6305,0,0,0,0,0,0,0,0,0,0,0,0,0,0,0,30002,30096,30097,0,0,0,0,0,0,0,
10570021,バトルわんわん,10570021,1,0,0,ANIMAL_6,1,0,500,SLASH,0,1,1,100,1,41,41,6301,6303,6305,0,0,0,0,0,0,0,0,0,0,0,0,0,0,0,0,0,0,0,0,0,0,0,0,0,
10570003,韦迫バウ,10120000,1,0,0,ANIMAL_6,1,0,500,SLASH,0,1,1,100,1,41,77,6301,6303,6305,0,0,0,0,0,0,0,0,0,0,0,0,0,0,0,0,0,0,0,0,0,0,0,0,0,
10570050,ブラックタン,10570050,1,0,0,ANIMAL_6,1,0,500,SLASH,0,1,1,100,1,41,41,6301,6303,6305,0,0,0,0,0,0,0,0,0,0,0,0,0,0,0,0,0,0,0,0,0,0,0,0,0,
10570010,おめかしブラックタン,10570010,1,0,0,ANIMAL_26,1,0,500,SLASH,0,1,1,100,1,41,41,6301,6303,6305,0,0,0,0,0,0,0,0,0,0,0,0,0,0,0,30096,30097,0,0,0,0,0,0,0,0,
10570014,バトルブラックタン,10570014,1,0,0,ANIMAL_6,1,0,500,SLASH,0,1,1,100,1,41,41,6301,6303,6305,0,0,0,0,0,0,0,0,0,0,0,0,0,0,0,0,0,0,0,0,0,0,0,0,0,
10580000,マンドラニンジン,10580000,1,0,0,PLANT_7,6,0,400,STAB,0,1,1,100,1,41,41,6201,6203,6205,6207,0,0,0,0,0,0,0,0,0,0,0,0,0,0,0,0,0,0,0,0,0,0,0,0,
10580500,マンドラワサビ,10580500,1,0,0,PLANT_7,6,0,400,STAB,0,1,1,100,1,41,41,6201,6203,6205,6207,0,0,0,0,0,0,0,0,0,0,0,0,0,0,0,0,0,0,0,0,0,0,0,0,
10581400,マンドラダイコン,10580002,1,0,0,PLANT_27,6,0,400,STAB,0,1,1,100,1,41,41,6201,6203,6205,6207,0,0,0,0,0,0,0,0,0,0,0,0,0,0,30107,30108,30109,0,0,0,0,0,0,0,
10581401,マンドラダイコン,10580003,1,0,0,PLANT_7,6,0,400,STAB,0,1,1,100,1,41,41,6201,6203,6205,6207,0,0,0,0,0,0,0,0,0,0,0,0,0,0,0,0,0,0,0,0,0,0,0,0,
10585000,マンドラハバネロ,10585000,1,0,0,PLANT_143,6,0,400,STAB,0,1,1,100,1,41,41,6201,6203,6205,6207,0,0,0,0,0,0,0,0,0,0,0,0,0,0,30152,0,0,0,0,0,0,0,0,0,
10660000,モ`モ`,10660000,0.5,0,0,ANIMAL_15,7,0,350,STAB,0,1,1,100,1,41,41,0,0,0,0,0,0,0,0,0,0,0,0,0,0,0,0,0,0,30023,30020,0,0,0,0,0,0,0,0,
10660001,マッスルモ`モ`,10660001,0.5,0,0,ANIMAL_44,7,0,350,STAB,0,1,1,100,1,41,41,0,0,0,0,0,0,0,0,0,0,0,0,0,0,0,0,0,0,30003,30023,30020,0,0,0,0,0,0,0,
10660002,L魂モ`モ`,10660002,0.5,0,0,ANIMAL_15,7,0,350,STAB,0,1,1,100,1,41,41,0,0,0,0,0,0,0,0,0,0,0,0,0,0,0,0,0,0,30023,30020,0,0,0,0,0,0,0,0,
10730000,ペガサス,10730000,0.8,0,0,ANIMAL_16,7,0,500,STAB,0,1,1,100,1,41,41,0,0,0,0,0,0,0,0,0,0,0,0,0,0,0,0,0,0,30071,30018,30070,0,0,0,0,0,0,0,
10730001,ム`ンペガサス,10730007,0.9,0,0,ANIMAL_45,7,0,500,STAB,0,1,1,100,1,41,41,0,0,0,0,0,0,0,0,0,0,0,0,0,0,0,0,0,0,30071,30018,30000,30070,30068,0,0,0,0,0,
10730002,スタ`ペガサス,10730008,0.8,0,0,ANIMAL_16,7,0,500,STAB,0,1,1,100,1,41,41,0,0,0,0,0,0,0,0,0,0,0,0,0,0,0,0,0,0,30071,30018,30070,0,0,0,0,0,0,0,
10610000,ココア,10610000,1,0,0,ANIMAL_6,1,0,500,SLASH,0,1,1,100,1,41,41,6301,6303,6305,0,0,0,0,0,0,0,0,0,0,0,0,0,0,0,0,0,0,0,0,0,0,0,0,0,
10610500,ミント,10610500,1,0,0,ANIMAL_6,1,0,500,SLASH,0,1,1,100,1,41,41,6301,6303,6305,0,0,0,0,0,0,0,0,0,0,0,0,0,0,0,0,0,0,0,0,0,0,0,0,0,
10611100,ぶち,10611100,1,0,0,ANIMAL_6,1,0,500,SLASH,0,1,1,100,1,41,41,6301,6303,6305,0,0,0,0,0,0,0,0,0,0,0,0,0,0,0,0,0,0,0,0,0,0,0,0,0,
10611400,ミルキ`,10611400,1,0,0,ANIMAL_6,1,0,500,SLASH,0,1,1,100,1,41,41,6301,6303,6305,0,0,0,0,0,0,0,0,0,0,0,0,0,0,0,0,0,0,0,0,0,0,0,0,0,
10136000,白狼,10136000,0.7,0,0,ANIMAL_4,1,0,400,SLASH,0,1,1,100,1,41,41,6307,6309,6350,6311,0,0,0,0,0,0,0,0,0,0,0,0,0,0,0,0,0,0,0,0,0,0,0,0,
10136010,金狼,10136010,0.8,0,0,ANIMAL_24,1,0,400,SLASH,0,1,1,100,1,41,41,6307,6309,6350,6311,0,0,0,0,0,0,0,0,0,0,0,0,0,0,30098,30099,30100,0,0,0,0,0,0,0,
10136009,\狼,10136009,0.9,0,0,ANIMAL_4,1,0,400,SLASH,0,1,1,100,1,41,41,6307,6309,6350,6311,0,0,0,0,0,0,0,0,0,0,0,0,0,0,0,0,0,0,0,0,0,0,0,0,
10146000,ロックB,10146000,0.6,0,0,BIRD_4,4,1,500,SLASH,0,1,1,100,1,41,41,6501,6503,6550,0,0,0,0,0,0,0,0,0,0,0,0,0,0,0,0,0,0,0,0,0,0,0,0,0,
10146010,ロックB（ヘヴィ）,10146010,0.7,0,0,BIRD_25,4,1,500,SLASH,0,1,1,100,1,41,41,6501,6503,6550,0,0,0,0,0,0,0,0,0,0,0,0,0,0,0,30128,30129,30002,0,0,0,0,0,0,0,
10146014,ロックB（グレ`ト）,10146014,0.8,0,0,BIRD_4,4,1,500,SLASH,0,1,1,100,1,41,41,6501,6503,6550,0,0,0,0,0,0,0,0,0,0,0,0,0,0,0,30128,30129,0,0,0,0,0,0,0,0,
10740000,スリ`ピ`,10740000,0.8,0,0,ANIMAL_14,7,0,350,BLOW,0,1,1,100,1,41,41,0,0,0,0,0,0,0,0,0,0,0,0,0,0,0,0,0,0,30000,30064,0,0,0,0,0,0,0,0,
10780000,モモンガ,10780000,1.15,0,0,ANIMAL_17,7,0,500,STAB,0,1,1,100,1,41,41,0,0,0,0,0,0,0,0,0,0,0,0,0,0,0,0,0,0,30036,0,0,0,0,0,0,0,0,0,
10780002,ポイズンモモンガ,10780014,1.15,0,0,ANIMAL_46,7,0,500,STAB,0,1,1,100,1,41,41,0,0,0,0,0,0,0,0,0,0,0,0,0,0,0,0,0,0,30036,30078,0,0,0,0,0,0,0,0,
10780003,ポイズンモモンガ,10780015,1.15,0,0,ANIMAL_17,7,0,500,STAB,0,1,1,100,1,41,41,0,0,0,0,0,0,0,0,0,0,0,0,0,0,0,0,0,0,30036,0,0,0,0,0,0,0,0,0,
#10780050,白蛇,10780015,1.15,0,0,ANIMAL_17,7,0,500,STAB,0,1,1,100,1,41,41,0,0,0,0,0,0,0,0,0,0,0,0,0,0,0,0,0,0,30036,0,0,0,0,0,0,0,0,0,
10850600,世界征服用ロボ,10850600,0.7,0,0,MACHINE_76,5,0,450,STAB,0,1,1,100,1,41,41,0,0,0,0,0,0,0,0,0,0,0,0,0,0,0,0,0,0,30023,30024,0,0,0,0,0,0,0,0,
10960050,ベビ`ドラゴ,10960050,0.4,0,0,ANIMAL_57,7,0,400,BLOW,0,1,1,100,1,41,41,0,0,0,0,0,0,0,0,0,0,0,0,0,0,0,0,0,0,30071,0,0,0,0,0,0,0,0,0,
11003462,プルル?アルマ,11003462,1,0,0,HUMAN_138,13,0,450,BLOW,0,1,1,100,1,41,41,0,0,0,0,0,0,0,0,0,0,0,0,0,0,0,0,0,0,30068,30000,30013,30001,30007,30148,30149,0,0,0,
14060000,タチコマ,14060000,1,0,0,MACHINE_31,5,0,450,STAB,1,6,1,100,1,41,41,6101,6103,6105,0,0,0,0,0,0,0,0,0,0,0,0,0,0,0,30125,30126,0,0,0,0,0,0,0,0,
14100000,おてつだいタイニ`,14100000,1,0,0,ANIMAL_8,8,0,350,BLOW,0,1,1,100,1,41,41,0,0,0,0,0,0,0,0,0,0,0,0,0,0,0,0,0,0,30000,30095,30068,30007,0,0,0,0,0,0,
14230000,ニンジンJ,14230000,1,0,0,PLANT_7,6,0,450,BLOW,0,1,1,100,1,41,41,6201,6203,6205,6207,0,0,0,0,0,0,0,0,0,0,0,0,0,0,0,0,0,0,0,0,0,0,0,0,
14240000,ネコマタ(胡桃?若菜),14240000,1,0,0,MAGIC_CREATURE_35,9,1,400,BLOW,0,1,1,100,1,40,40,0,0,0,0,0,0,0,0,0,0,0,0,0,0,0,0,0,0,30000,30052,30040,30042,30043,0,0,0,0,0,
14350100,ピッグ`,14350000,1,0,0,ANIMAL_52,7,0,350,STAB,0,1,1,100,1,41,41,0,0,0,0,0,0,0,0,0,0,0,0,0,0,0,0,0,0,0,0,0,0,0,0,0,0,0,0,
14370000,ネコマタ（\）,14370000,1,0,0,MAGIC_CREATURE_48,9,1,400,BLOW,0,1,1,100,1,40,40,0,0,0,0,0,0,0,0,0,0,0,0,0,0,0,0,0,0,30000,30033,30001,30002,30015,30044,0,0,0,0,
14380000,ネコマタ（白）,14380000,1,0,0,MAGIC_CREATURE_47,9,1,400,BLOW,0,1,1,100,1,40,40,0,0,0,0,0,0,0,0,0,0,0,0,0,0,0,0,0,0,30013,30068,30006,30025,30014,0,0,0,0,0,
14420000,みんなのマネ`ジャ`,14420000,1,0,0,HUMAN_38,3,0,450,BLOW,0,1,1,100,1,41,41,6443,0,0,0,0,0,0,0,0,0,0,0,0,0,0,0,0,0,30074,0,0,0,0,0,0,0,0,0,
14430000,ルイ`ザ,14430000,1,0,0,HUMAN_39,3,0,450,BLOW,0,1,1,100,1,41,41,0,0,0,0,0,0,0,0,0,0,0,0,0,0,0,0,0,0,0,0,0,0,0,0,0,0,0,0,
14510000,ドクロベェさま,14510000,1,0,0,MACHINE_RIDE_40,7,1,500,STAB,0,1,0,0,1,40,40,0,0,0,0,0,0,0,0,0,0,0,0,0,0,0,0,0,0,30000,30127,0,0,0,0,0,0,0,0,
14760000,ネコマタ（ミケ）,14760000,1,0,0,MAGIC_CREATURE_49,9,1,400,BLOW,0,1,1,100,1,40,40,0,0,0,0,0,0,0,0,0,0,0,0,0,0,0,0,0,0,30000,0,0,0,0,0,0,0,0,0,
14790000,しゅごキャラヨル,14790000,0.8,0,0,MAGIC_CREATURE_51,7,1,400,BLOW,0,1,1,100,1,40,40,0,0,0,0,0,0,0,0,0,0,0,0,0,0,0,0,0,0,30000,0,0,0,0,0,0,0,0,0,
14810000,ネコマタ（トラ）,14810000,1,0,0,MAGIC_CREATURE_50,9,1,400,BLOW,0,1,1,100,1,40,40,0,0,0,0,0,0,0,0,0,0,0,0,0,0,0,0,0,0,30000,0,0,0,0,0,0,0,0,0,
14900000,オ`トマタ（アメジスト）,14900000,1,0,0,MAGIC_CREATURE_53,14,1,400,BLOW,1,3,1,100,1,40,40,0,0,0,0,0,0,0,0,0,0,0,0,0,0,0,0,0,0,30062,30061,30002,30001,30007,30006,0,0,0,0,
14920000,くろみつさぶろう,14920000,1,0,0,ANIMAL_6,1,0,500,SLASH,0,1,1,100,1,41,41,6301,6303,6305,0,0,0,0,0,0,0,0,0,0,0,0,0,0,0,0,0,0,0,0,0,0,0,0,0,
14940000,オ`トマタ（ルビ`）,14940000,1,0,0,MAGIC_CREATURE_54,14,1,400,BLOW,0,1,1,100,1,40,40,0,0,0,0,0,0,0,0,0,0,0,0,0,0,0,0,0,0,30062,30061,30036,30001,30003,30014,30009,30023,30071,0,
14950000,みんなのナ`ス,14950000,1,0,0,HUMAN_55,3,0,450,BLOW,0,1,1,100,1,41,41,0,0,0,0,0,0,0,0,0,0,0,0,0,0,0,0,0,0,30000,30012,0,0,0,0,0,0,0,0,
14950050,みんなの新米ナ`ス,14950050,1,0,0,HUMAN_55,3,0,450,BLOW,0,1,1,100,1,41,41,0,0,0,0,0,0,0,0,0,0,0,0,0,0,0,0,0,0,30000,30012,0,0,0,0,0,0,0,0,
14960000,オ`トマタ（トパ`ズ）,14960000,1,0,0,MAGIC_CREATURE_56,14,1,400,BLOW,0,1,1,100,1,40,40,0,0,0,0,0,0,0,0,0,0,0,0,0,0,0,0,0,0,30062,30061,30027,30018,30006,30066,30067,0,0,0,
15010000,カムイ,15010000,1,0,0,HUMAN_58,10,0,420,SLASH,0,1,1,100,110,41,41,0,0,0,0,0,0,0,0,0,0,0,0,0,0,0,0,0,0,30014,30016,30041,30017,30001,30007,30002,30003,30056,0,
15020000,リゼル,15020000,1,0,0,HUMAN_59,10,0,420,STAB,0,1,1,100,110,41,41,0,0,0,0,0,0,0,0,0,0,0,0,0,0,0,0,0,0,30000,30033,30018,30015,30002,30048,30053,0,0,0,
15030000,テリア,15030000,1,0,0,HUMAN_60,10,0,420,SLASH,0,1,1,100,110,41,41,0,0,0,0,0,0,0,0,0,0,0,0,0,0,0,0,0,0,30036,30003,30009,30020,30042,30032,30054,30046,0,0,
15040000,キ`ノ,15040000,1,0,0,HUMAN_61,10,0,420,STAB,0,1,1,100,110,41,41,0,0,0,0,0,0,0,0,0,0,0,0,0,0,0,0,0,0,30009,30014,30060,30036,30001,30021,30003,30053,0,0,
15050000,ツバキ,15050000,1,0,0,HUMAN_62,10,0,420,BLOW,0,1,1,100,110,41,41,0,0,0,0,0,0,0,0,0,0,0,0,0,0,0,0,0,0,30003,30034,30042,30023,30049,30000,0,0,0,0,
15060000,カノン,15060000,1,0,0,HUMAN_63,10,0,420,BLOW,0,1,1,100,110,41,41,0,0,0,0,0,0,0,0,0,0,0,0,0,0,0,0,0,0,30000,30003,30027,30041,30039,30038,0,0,0,0,
15070000,ヨシュア,15070000,1,0,0,HUMAN_64,10,0,420,STAB,1,2,1,100,110,41,41,0,0,0,0,0,0,0,0,0,0,0,0,0,0,0,0,0,0,30000,30033,30007,30019,30002,30048,30053,0,0,0,
15080000,レネット,15080000,1,0,0,HUMAN_65,10,0,420,BLOW,0,1,1,100,110,41,41,0,0,0,0,0,0,0,0,0,0,0,0,0,0,0,0,0,0,30000,30011,30069,30044,30022,30050,30052,30055,0,0,
15090000,ソレイユ,15090000,1,0,0,HUMAN_66,10,0,420,STAB,1,5,1,100,110,41,41,0,0,0,0,0,0,0,0,0,0,0,0,0,0,0,0,0,0,30057,30058,30006,30036,30002,30000,30059,0,0,0,
15100000,グリヴァ`,15100000,1,0,0,HUMAN_67,10,0,420,STAB,1,5,1,100,110,41,41,0,0,0,0,0,0,0,0,0,0,0,0,0,0,0,0,0,0,30026,30035,30024,30002,30036,30006,0,0,0,0,
15110000,プリ`シュ,15110000,1,0,0,HUMAN_68,10,0,420,BLOW,1,2,1,100,110,41,41,0,0,0,0,0,0,0,0,0,0,0,0,0,0,0,0,0,0,30027,30036,30000,30045,30047,30051,0,0,0,0,
15120000,フロ`ル,15120000,1,0,0,HUMAN_69,10,0,420,BLOW,1,2,1,100,110,41,41,0,0,0,0,0,0,0,0,0,0,0,0,0,0,0,0,0,0,30028,30037,30006,30013,30027,30025,30068,30070,0,0,
15240000,オ`トマタ（サファイア）,15240000,1,0,0,MAGIC_CREATURE_73,14,1,400,BLOW,1,3,1,100,1,40,40,0,0,0,0,0,0,0,0,0,0,0,0,0,0,0,0,0,0,30062,30061,30063,30064,30065,30006,30031,0,0,0,
15250000,狐狸招来,15250000,1,0,0,MAGIC_CREATURE_72,7,0,400,BLOW,0,1,1,100,1,40,40,0,0,0,0,0,0,0,0,0,0,0,0,0,0,0,0,0,0,30000,0,0,0,0,0,0,0,0,0,
15270000,エミリ`のメイドさん,15270000,1,0,0,HUMAN_74,3,0,450,BLOW,0,1,1,100,1,41,41,0,0,0,0,0,0,0,0,0,0,0,0,0,0,0,0,0,0,30000,0,0,0,0,0,0,0,0,0,
15280000,ネコマタ（アリス）,15280000,1,0,0,MAGIC_CREATURE_75,9,1,400,BLOW,0,1,1,100,1,40,40,0,0,0,0,0,0,0,0,0,0,0,0,0,0,0,0,0,0,30013,30006,30025,30014,30068,0,0,0,0,0,
15310000,オ`トマタ（ダイヤモンド）,15310000,1,0,0,MAGIC_CREATURE_77,14,1,400,BLOW,1,5,1,100,1,40,40,0,0,0,0,0,0,0,0,0,0,0,0,0,0,0,0,0,0,30062,30061,30064,30015,30006,30022,0,0,0,0,
15360000,子パンダ,15360000,1,0,0,ANIMAL_78,7,0,450,STAB,0,1,1,100,1,41,41,0,0,0,0,0,0,0,0,0,0,0,0,0,0,0,0,0,0,30013,30006,30025,30014,0,0,0,0,0,0,
15390000,守o魔?ムツキ,15390000,1,0,0,HUMAN_80,11,0,450,BLOW,0,1,1,100,1,40,41,0,0,0,0,0,0,0,0,0,0,0,0,0,0,0,0,0,0,30013,30006,30014,30064,0,0,0,0,0,0,
15410000,守o魔?キサラギ,15410000,1,0,0,HUMAN_83,11,0,450,BLOW,0,1,1,100,1,40,41,0,0,0,0,0,0,0,0,0,0,0,0,0,0,0,0,0,0,30022,30052,30044,30023,30029,30011,0,0,0,0,
15470000,シャボタン,15470000,1,0,0,PLANT_93,6,0,450,BLOW,0,1,1,100,1,41,41,6201,6203,6205,6207,0,0,0,0,0,0,0,0,0,0,0,0,0,0,30000,30004,30076,30007,30001,30078,0,0,0,0,
15470100,シャボタン（青）,15470100,1,0,0,PLANT_93,6,0,450,BLOW,0,1,1,100,1,41,41,6201,6203,6205,6207,0,0,0,0,0,0,0,0,0,0,0,0,0,0,30000,30004,30076,30007,30001,30078,0,0,0,0,
15470200,シャボタン（黄v）,15470200,1,0,0,PLANT_93,6,0,450,BLOW,0,1,1,100,1,41,41,6201,6203,6205,6207,0,0,0,0,0,0,0,0,0,0,0,0,0,0,30000,30004,30076,30007,30001,30078,0,0,0,0,
15470300,シャボタン（深v）,15470300,1,0,0,PLANT_93,6,0,450,BLOW,0,1,1,100,1,41,41,6201,6203,6205,6207,0,0,0,0,0,0,0,0,0,0,0,0,0,0,30000,30004,30076,30007,30001,30078,0,0,0,0,
15470400,シャボタン（\）,15470400,1,0,0,PLANT_93,6,0,450,BLOW,0,1,1,100,1,41,41,6201,6203,6205,6207,0,0,0,0,0,0,0,0,0,0,0,0,0,0,30000,30004,30076,30007,30001,30078,0,0,0,0,
15530000,ボクサ`パンダ,15530000,1,0,0,ANIMAL_141,7,0,400,BLOW,0,1,1,100,1,41,41,0,0,0,0,0,0,0,0,0,0,0,0,0,0,0,0,0,0,30023,30010,30001,30007,30002,30003,0,0,0,0,
15550000,サボッテン,15550000,1.2,0,0,PLANT_142,6,0,450,BLOW,0,1,1,100,1,41,41,6201,6203,6205,6207,0,0,0,0,0,0,0,0,0,0,0,0,0,0,30095,30028,30102,30103,0,0,0,0,0,0,
15560000,守o魔?ヤヨイ,15560000,1,0,0,HUMAN_85,11,0,450,BLOW,0,1,1,100,1,40,41,0,0,0,0,0,0,0,0,0,0,0,0,0,0,0,0,0,0,30041,30023,30003,30029,30030,30000,0,0,0,0,
15590000,守o魔?ウヅキ,15590000,1,0,0,HUMAN_87,11,0,475,BLOW,0,1,1,100,1,40,41,0,0,0,0,0,0,0,0,0,0,0,0,0,0,0,0,0,0,30079,30038,30016,30029,30030,30004,0,0,0,0,
15600000,守o魔?サツキ,15600000,1.1,0,0,HUMAN_89,11,0,475,BLOW,0,1,1,100,1,40,41,0,0,0,0,0,0,0,0,0,0,0,0,0,0,0,0,0,0,30022,30075,30069,30076,30036,30004,0,0,0,0,
15680000,守o魔?ミナヅキ,15680000,1,0,0,HUMAN_91,11,0,475,BLOW,0,1,1,100,1,40,41,0,0,0,0,0,0,0,0,0,0,0,0,0,0,0,0,0,0,30033,30005,30006,30000,30007,30004,0,0,0,0,
15690000,守o魔?ウル,15690000,1,0,0,HUMAN_108,11,0,475,BLOW,0,1,1,100,1,40,41,0,0,0,0,0,0,0,0,0,0,0,0,0,0,0,0,0,0,30046,30038,30025,30064,30003,30001,30068,0,0,0,
15690100,守o魔?ルゥ,15690100,1,0,0,HUMAN_109,11,0,475,BLOW,0,1,1,100,1,40,41,0,0,0,0,0,0,0,0,0,0,0,0,0,0,0,0,0,0,30040,30030,30027,30007,30015,30068,30012,0,0,0,
20015000,カルティ`,20015000,1,0,0,HUMAN_92,7,0,350,BLOW,0,1,1,100,1,41,41,0,0,0,0,0,0,0,0,0,0,0,0,0,0,0,0,0,0,30007,30000,0,0,0,0,0,0,0,0,
15710000,守o魔?フミツキ,15710000,1,0,0,HUMAN_95,11,0,475,BLOW,0,1,1,100,1,40,41,0,0,0,0,0,0,0,0,0,0,0,0,0,0,0,0,0,0,30038,30046,30023,30069,30019,30004,0,0,0,0,
15730000,キュゥべえ,15730000,1,0,0,ANIMAL_101,7,0,450,BLOW,0,1,1,100,1,41,41,0,0,0,0,0,0,0,0,0,0,0,0,0,0,0,0,0,0,30006,30031,30000,0,0,0,0,0,0,0,
15760000,守o魔?ハヅキ,15760000,1,0,0,HUMAN_96,11,0,475,BLOW,1,3,1,100,1,40,41,0,0,0,0,0,0,0,0,0,0,0,0,0,0,0,0,0,0,30026,30024,30062,30009,30019,0,0,0,0,0,
15780000,守o魔?キクヅキ,15780000,1,0,0,HUMAN_98,11,0,475,BLOW,0,1,1,100,1,40,41,0,0,0,0,0,0,0,0,0,0,0,0,0,0,0,0,0,0,30047,30051,30077,30000,30004,0,0,0,0,0,
15790000,守o魔?カミア?カンナ,15790000,1,0,0,HUMAN_102,11,0,475,BLOW,0,1,1,100,1,40,41,0,0,0,0,0,0,0,0,0,0,0,0,0,0,0,0,0,0,30070,30044,30052,30027,30000,30033,30068,30004,0,0,
15800000,けるべろす,15800000,1,0,0,ANIMAL_103,1,0,450,STAB,0,1,1,100,1,41,41,6301,6303,6305,0,0,0,0,0,0,0,0,0,0,0,0,0,0,0,30002,30003,30096,30097,0,0,0,0,0,0,
15860000,守o魔?ウルゥ,15860000,1.1,0,0,HUMAN_110,11,0,475,BLOW,0,1,1,100,1,40,41,0,0,0,0,0,0,0,0,0,0,0,0,0,0,0,0,0,0,0,0,0,0,0,0,0,0,0,0,
15870000,ネコマタ（フリル）,15870000,1,0,0,MAGIC_CREATURE_107,9,1,400,BLOW,0,1,1,100,1,40,40,0,0,0,0,0,0,0,0,0,0,0,0,0,0,0,0,0,0,30000,30004,30005,30006,30011,30068,0,0,0,0,
15880000,守o魔?シモツキ,15880000,1,0,0,HUMAN_105,11,0,475,BLOW,0,1,1,100,1,40,41,0,0,0,0,0,0,0,0,0,0,0,0,0,0,0,0,0,0,30065,30038,30063,30078,30000,30004,0,0,0,0,
15900000,守o魔?ロウゲツ,15900000,1,0,0,HUMAN_111,11,0,475,BLOW,0,1,1,100,1,40,41,0,0,0,0,0,0,0,0,0,0,0,0,0,0,0,0,0,0,30041,30079,30044,30052,30033,30004,0,0,0,0,
15910000,ダ`クフェザ`?アルマ,15910000,1,0,0,HUMAN_115,13,0,475,BLOW,0,1,1,100,1,41,41,0,0,0,0,0,0,0,0,0,0,0,0,0,0,0,0,0,0,30090,30021,30091,30023,30092,30001,30002,30089,0,0,
15930000,守o魔?カナデ,15930000,1,0,0,HUMAN_114,11,0,450,BLOW,0,1,1,100,1,40,41,0,0,0,0,0,0,0,0,0,0,0,0,0,0,0,0,0,0,30006,30037,30025,30064,30013,30004,0,0,0,0,
15950000,バウ?アルマ,15950000,1,0,0,HUMAN_116,13,0,450,BLOW,0,1,1,100,1,41,41,6301,6303,6305,0,0,0,0,0,0,0,0,0,0,0,0,0,0,0,30010,30038,30093,30020,30009,30004,30094,0,0,0,
15960000,シャボタン?アルマ,15960000,1,0,0,HUMAN_117,13,0,450,BLOW,0,1,1,100,1,41,41,6201,6203,6205,6207,0,0,0,0,0,0,0,0,0,0,0,0,0,0,30000,30004,30076,30007,30001,30078,30101,30102,30103,0,
16030000,ファ`,16030000,1,0,0,MAGIC_CREATURE_124,7,0,500,BLOW,0,1,1,100,1,41,41,0,0,0,0,0,0,0,0,0,0,0,0,0,0,0,0,0,0,30116,30117,30118,30075,30106,0,0,0,0,0,
16050000,デリバリタイニ`,16050000,1,0,0,ANIMAL_118,8,0,350,BLOW,0,1,1,100,1,41,41,0,0,0,0,0,0,0,0,0,0,0,0,0,0,0,0,0,0,30000,30095,0,0,0,0,0,0,0,0,
16060000,ロ`キ`?アルマ,16060000,1,0,0,HUMAN_119,13,0,430,BLOW,0,1,1,100,1,41,41,6311,6307,6309,0,0,0,0,0,0,0,0,0,0,0,0,0,0,0,30010,30000,30001,30007,30100,30098,30099,30104,30004,0,
16090000,バルル?アルマ,16090000,1,0,0,HUMAN_120,13,0,430,BLOW,0,1,1,100,1,41,41,0,0,0,0,0,0,0,0,0,0,0,0,0,0,0,0,0,0,30105,30106,30036,30001,30104,0,0,0,0,0,
16110000,タイニ`（北海道?|北）,16110000,1,0,0,ANIMAL_123,8,0,350,BLOW,0,1,1,100,1,41,41,0,0,0,0,0,0,0,0,0,0,0,0,0,0,0,0,0,0,30000,30095,30068,30007,30001,30036,30013,0,0,0,
16120000,タイニ`（v|）,16120000,1,0,0,ANIMAL_125,8,0,350,BLOW,0,1,1,100,1,41,41,0,0,0,0,0,0,0,0,0,0,0,0,0,0,0,0,0,0,30000,30095,30068,30007,30001,30023,30013,0,0,0,
16130000,タイニ`（中部）,16130000,1,0,0,ANIMAL_128,8,0,350,BLOW,0,1,1,100,1,41,41,0,0,0,0,0,0,0,0,0,0,0,0,0,0,0,0,0,0,30000,30095,30071,30007,30001,30013,0,0,0,0,
16140000,タイニ`（近畿）,16140000,1,0,0,ANIMAL_131,8,0,350,BLOW,0,1,1,100,1,41,41,0,0,0,0,0,0,0,0,0,0,0,0,0,0,0,0,0,0,30000,30095,30021,30007,30001,30013,0,0,0,0,
16150000,タイニ`（中国?四国）,16150000,1,0,0,ANIMAL_134,8,0,350,BLOW,0,1,1,100,1,41,41,0,0,0,0,0,0,0,0,0,0,0,0,0,0,0,0,0,0,30000,30095,30007,30001,30013,30103,0,0,0,0,
16160000,タイニ`（九州?_I）,16160000,1,0,0,ANIMAL_140,8,0,350,BLOW,0,1,1,100,1,41,41,0,0,0,0,0,0,0,0,0,0,0,0,0,0,0,0,0,0,30000,30013,30095,30001,30007,30025,0,0,0,0,
16170000,７ｔｈアニバタイニ`,16170000,1,0,0,ANIMAL_147,8,0,350,STAB,1,3,1,100,1,41,41,0,0,0,0,0,0,0,0,0,0,0,0,0,0,0,0,0,0,30024,30000,30001,30007,30026,0,0,0,0,0,
16180000,シ`ホ`ス?アルマ,16180000,1,0,0,HUMAN_121,13,0,430,STAB,1,2,1,100,1,41,41,0,0,0,0,0,0,0,0,0,0,0,0,0,0,0,0,0,0,30110,30112,30018,30111,0,0,0,0,0,0,
16200000,ペペン?アルマ,16200000,1,0,0,HUMAN_122,13,0,500,BLOW,0,1,1,100,1,41,41,6501,6503,6550,0,0,0,0,0,0,0,0,0,0,0,0,0,0,0,30000,30011,30069,30113,30114,30115,30119,0,0,0,
16220000,精?オリオン,16220000,1,0,0,MAGIC_CREATURE_132,7,1,400,BLOW,0,1,1,100,1,40,40,0,0,0,0,0,0,0,0,0,0,0,0,0,0,0,0,0,0,30133,30134,30135,30136,30137,30138,30139,30140,0,0,
16230000,サラマンダ`?アルマ,16230000,1,0,0,HUMAN_126,13,0,500,BLOW,1,2,1,100,1,41,41,0,0,0,0,0,0,0,0,0,0,0,0,0,0,0,0,0,0,30120,30121,30122,30123,30124,0,0,0,0,0,
16290000,ミニ`?ドゥ?アルマ,16290000,0.98,0,0,HUMAN_129,13,0,400,BLOW,1,2,1,100,1,41,41,0,0,0,0,0,0,0,0,0,0,0,0,0,0,0,0,0,0,30006,30013,30000,30027,30031,30070,0,0,0,0,
16340000,白い使い魔?アルマ,16340000,1,0,0,HUMAN_133,13,0,450,BLOW,0,1,1,100,1,41,41,0,0,0,0,0,0,0,0,0,0,0,0,0,0,0,0,0,0,30006,30013,30123,30103,30070,30130,30131,30132,0,0,
16360000,オ`トメディック?アルマ,16360000,1,0,0,HUMAN_135,13,0,475,STAB,0,1,1,100,1,41,41,0,0,0,0,0,0,0,0,0,0,0,0,0,0,0,0,0,0,30006,30013,30141,30142,30143,30144,0,0,0,0,
16370000,デス?アルマ,16370000,1,0,0,HUMAN_137,13,0,500,SLASH,0,1,1,100,1,41,41,0,0,0,0,0,0,0,0,0,0,0,0,0,0,0,0,0,0,30017,30044,30089,30145,30146,30147,0,0,0,0,
16400000,ネコマタハ`ト（フリル）,16400000,1,0,0,HUMAN_136,12,0,450,BLOW,0,1,1,100,1,41,41,0,0,0,0,0,0,0,0,0,0,0,0,0,0,0,0,0,0,30095,30068,30013,30050,30150,30151,0,0,0,0,
16420000,アルカ`ド?ロア,16420000,1,0,0,HUMAN_148,16,0,440,BLOW,0,1,1,100,1,41,41,0,0,0,0,0,0,0,0,0,0,0,0,0,0,0,0,0,0,30083,30091,30153,30154,30155,30156,0,0,0,0,
16440000,エンジェルフェザ`?アルマ,16440000,1,0,0,HUMAN_149,13,0,440,BLOW,0,1,1,100,1,41,41,0,0,0,0,0,0,0,0,0,0,0,0,0,0,0,0,0,0,30070,30068,30014,30157,30158,30159,0,0,0,0,
16450000,タイニ`?アルマ,16450000,1,0,0,HUMAN_145,13,0,350,BLOW,0,1,1,100,1,41,41,0,0,0,0,0,0,0,0,0,0,0,0,0,0,0,0,0,0,30000,30013,30095,30001,30007,30038,0,0,0,0,
16460000,ダンプティ`?アルマ,16460000,1,0,0,HUMAN_146,13,0,350,BLOW,0,1,1,100,1,41,41,0,0,0,0,0,0,0,0,0,0,0,0,0,0,0,0,0,0,30000,30013,30095,30001,30007,30104,0,0,0,0,
16470000,清?ロア,16470000,0.98,0,0,HUMAN_150,16,0,500,BLOW,0,1,1,100,1,41,41,0,0,0,0,0,0,0,0,0,0,0,0,0,0,0,0,0,0,30160,30161,30162,30000,0,0,0,0,0,0,
16480000,モ`モ`?アルマ,16480000,1,0,0,HUMAN_151,13,0,500,STAB,0,1,1,100,1,41,41,0,0,0,0,0,0,0,0,0,0,0,0,0,0,0,0,0,0,30023,30020,30003,30021,30000,30034,0,0,0,0,
16500000,まきばのポニ`,16490000,1,0,0,ANIMAL_152,7,0,450,BLOW,0,1,1,100,1,41,41,0,0,0,0,0,0,0,0,0,0,0,0,0,0,0,0,0,0,30071,30023,30001,30007,0,0,0,0,0,0,
16550000,ル?フェイ?ロア,16550000,1,0,0,HUMAN_153,16,0,500,BLOW,1,3,1,100,1,41,41,0,0,0,0,0,0,0,0,0,0,0,0,0,0,0,0,0,0,30163,30164,30165,30068,30166,0,0,0,0,0,
16560000,ネクロア`マ`?アルマ,16560000,1,0,0,HUMAN_154,13,0,500,SLASH,0,1,1,100,1,41,41,0,0,0,0,0,0,0,0,0,0,0,0,0,0,0,0,0,0,30167,30168,30169,30105,30017,30019,0,0,0,0,
16580000,芝居屋アイリス,16580000,1,0,0,HUMAN_192,16,0,450,BLOW,0,1,1,100,1,41,41,0,0,0,0,0,0,0,0,0,0,0,0,0,0,0,0,0,0,30255,30256,30021,30022,30052,0,0,0,0,0,
16580001,アイリス?ロア,16580001,1,0,0,HUMAN_192,16,0,450,BLOW,0,1,1,100,1,41,41,0,0,0,0,0,0,0,0,0,0,0,0,0,0,0,0,0,0,30255,30256,30021,30022,30052,0,0,0,0,0,
16580002,イリス?ロア,16580002,1,0,0,HUMAN_192,16,0,450,BLOW,0,1,1,100,1,41,41,0,0,0,0,0,0,0,0,0,0,0,0,0,0,0,0,0,0,30255,30256,30021,30022,30052,0,0,0,0,0,
16590000,バステト?ロア,16590000,1,0,0,HUMAN_159,16,0,480,BLOW,0,1,1,100,1,41,41,0,0,0,0,0,0,0,0,0,0,0,0,0,0,0,0,0,0,30028,30050,30175,30171,30172,0,0,0,0,0,
16610000,アンブレラ?アルマ,16610000,1,0,0,HUMAN_161,13,0,500,BLOW,0,1,1,100,1,41,41,0,0,0,0,0,0,0,0,0,0,0,0,0,0,0,0,0,0,30000,30170,30018,30064,30173,30174,0,0,0,0,
16630000,傀儡のスフィンクス,16600000,1,0,0,MAGIC_CREATURE_160,7,0,450,BLOW,0,1,1,100,1,41,41,0,0,0,0,0,0,0,0,0,0,0,0,0,0,0,0,0,0,30018,30071,30000,30001,0,0,0,0,0,0,
16650000,キャプテンキッド?ロア,16650000,1,0,0,HUMAN_162,16,0,500,STAB,1,3,1,100,1,41,41,0,0,0,0,0,0,0,0,0,0,0,0,0,0,0,0,0,0,30176,30177,30178,30179,30001,0,0,0,0,0,
16670000,ココッコ`?アルマ,16670000,1,0,0,HUMAN_163,13,0,475,BLOW,0,1,1,100,1,41,41,0,0,0,0,0,0,0,0,0,0,0,0,0,0,0,0,0,0,30180,30181,30182,30183,30004,0,0,0,0,0,
16690000,ホノりん,16690000,1,0,0,ELEMENT_164,7,0,450,BLOW,0,1,1,100,1,41,41,0,0,0,0,0,0,0,0,0,0,0,0,0,0,0,0,0,0,30000,30141,30120,0,0,0,0,0,0,0,
16700000,アワりん,16700000,1,0,0,ELEMENT_165,7,0,450,BLOW,0,1,1,100,1,41,41,0,0,0,0,0,0,0,0,0,0,0,0,0,0,0,0,0,0,30000,30007,30184,0,0,0,0,0,0,0,
16710000,モリりん,16710000,1,0,0,ELEMENT_166,7,0,450,BLOW,0,1,1,100,1,41,41,0,0,0,0,0,0,0,0,0,0,0,0,0,0,0,0,0,0,30000,30032,30107,0,0,0,0,0,0,0,
16720000,ヒカりん,16720000,1,0,0,ELEMENT_167,7,0,450,BLOW,0,1,1,100,1,41,41,0,0,0,0,0,0,0,0,0,0,0,0,0,0,0,0,0,0,30000,30185,30068,0,0,0,0,0,0,0,
16730000,ワルりん,16730000,1,0,0,ELEMENT_168,7,0,450,BLOW,0,1,1,100,1,41,41,0,0,0,0,0,0,0,0,0,0,0,0,0,0,0,0,0,0,30000,30092,30033,0,0,0,0,0,0,0,
16740000,ス`パ`アイドル?デイジ`,16740000,1.01,0,0,HUMAN_174,3,0,450,BLOW,0,1,1,100,1,41,41,0,0,0,0,0,0,0,0,0,0,0,0,0,0,0,0,0,0,30195,30196,30197,30198,30000,30013,0,0,0,0,
16750000,トップアイドル?リリ`,16750000,1.07,0,0,HUMAN_175,3,0,450,BLOW,0,1,1,100,1,41,41,0,0,0,0,0,0,0,0,0,0,0,0,0,0,0,0,0,0,30195,30196,30197,30198,30000,30013,0,0,0,0,
16810000,スフィンクス,16810000,1,0,0,ANIMAL_180,7,0,500,BLOW,0,1,1,100,1,41,41,0,0,0,0,0,0,0,0,0,0,0,0,0,0,0,0,0,0,30001,30018,30076,30000,0,0,0,0,0,0,
16810200,ワイズ?スフィンクス,16810200,1,0,0,ANIMAL_181,7,0,500,BLOW,0,1,1,100,1,41,41,0,0,0,0,0,0,0,0,0,0,0,0,0,0,0,0,0,0,30001,30018,30076,30000,30143,30031,30022,0,0,0,
16860000,玉藻?ロア,16860000,0.99,0,0,HUMAN_169,16,0,450,BLOW,0,1,1,100,1,41,41,0,0,0,0,0,0,0,0,0,0,0,0,0,0,0,0,0,0,30191,30192,30193,30194,30068,0,0,0,0,0,
16880000,タランチュラ?アルマ,16880000,1,0,0,HUMAN_171,13,0,450,STAB,1,2,1,100,1,41,41,0,0,0,0,0,0,0,0,0,0,0,0,0,0,0,0,0,0,30186,30187,30188,30189,30190,0,0,0,0,0,
16900000,白面金毛九尾ノ狐,16870000,0.8,0,0,ANIMAL_170,7,0,450,BLOW,0,1,1,100,1,41,41,0,0,0,0,0,0,0,0,0,0,0,0,0,0,0,0,0,0,30076,30018,30078,30102,30071,0,0,0,0,0,
16910000,ドモヴォイ,16910000,1,0,0,ANIMAL_182,7,0,450,BLOW,0,1,1,100,1,41,41,0,0,0,0,0,0,0,0,0,0,0,0,0,0,0,0,0,0,30013,30112,30185,30004,30095,0,0,0,0,0,
16920000,ロ`レライ?ロア,16920000,1,0,0,HUMAN_172,16,0,450,BLOW,0,1,1,100,1,41,41,0,0,0,0,0,0,0,0,0,0,0,0,0,0,0,0,0,0,30000,30199,30200,30201,30202,0,0,0,0,0,
16940000,ベア?アルマ,16940000,0.95,0,0,HUMAN_173,13,0,450,BLOW,0,1,1,100,1,41,41,0,0,0,0,0,0,0,0,0,0,0,0,0,0,0,0,0,0,30105,30203,30204,30205,30206,0,0,0,0,0,
16960000,にしこくん,16960000,0.55,0,0,ELEMENT_178,7,0,450,BLOW,0,1,1,100,1,41,41,0,0,0,0,0,0,0,0,0,0,0,0,0,0,0,0,0,0,30216,30217,30218,30219,30220,0,0,0,0,0,
16970000,小B[慧のＭＩＮＤ,16970000,1,0,0,ELEMENT_179,7,0,450,BLOW,0,1,1,100,1,41,41,0,0,0,0,0,0,0,0,0,0,0,0,0,0,0,0,0,0,30008,30009,30041,30019,30006,30207,0,0,0,0,
16980000,パラケルスス?ロア,16980000,1,0,0,HUMAN_176,16,0,450,SLASH,0,1,1,100,1,41,41,0,0,0,0,0,0,0,0,0,0,0,0,0,0,0,0,0,0,30000,30015,30213,30214,30215,0,0,0,0,0,
16990000,フライフィッシュ?アルマ,16990000,1,0,0,HUMAN_177,13,0,450,BLOW,0,1,1,100,1,41,41,0,0,0,0,0,0,0,0,0,0,0,0,0,0,0,0,0,0,30013,30014,30208,30209,30210,30211,30212,0,0,0,
17000000,ワ`ウルフ?ロア,17000000,1,0,0,HUMAN_183,16,0,500,SLASH,0,1,1,100,1,41,41,0,0,0,0,0,0,0,0,0,0,0,0,0,0,0,0,0,0,30221,30222,30223,30224,0,0,0,0,0,0,
17010000,テンタクル?アルマ,17010000,1,0,0,HUMAN_184,13,0,450,STAB,0,1,1,100,1,41,41,0,0,0,0,0,0,0,0,0,0,0,0,0,0,0,0,0,0,30225,30226,30227,30228,30229,0,0,0,0,0,
17040000,メフィストフェレス?ロア,17040000,1,0,0,HUMAN_185,16,0,440,BLOW,0,1,1,100,1,41,41,0,0,0,0,0,0,0,0,0,0,0,0,0,0,0,0,0,0,30230,30231,30232,0,0,0,0,0,0,0,
17060000,マミ`?アルマ,17060000,1,0,0,HUMAN_186,13,0,450,BLOW,0,1,1,100,1,41,41,0,0,0,0,0,0,0,0,0,0,0,0,0,0,0,0,0,0,30233,30234,30235,30236,30237,0,0,0,0,0,
17090000,ルチフェロ?ロア,17090000,1,0,0,HUMAN_187,16,0,450,SLASH,0,1,1,100,1,41,41,0,0,0,0,0,0,0,0,0,0,0,0,0,0,0,0,0,0,30238,30239,30240,30001,30092,0,0,0,0,0,
17110000,ドラッキ`?アルマ,17110000,1.07,0,0,HUMAN_188,13,0,500,SLASH,0,1,1,100,1,41,41,0,0,0,0,0,0,0,0,0,0,0,0,0,0,0,0,0,0,30241,30242,30243,30016,30106,0,0,0,0,0,
17180000,ステラ?ロア,17180000,1,0,0,HUMAN_190,16,0,470,BLOW,0,1,1,100,1,41,41,0,0,0,0,0,0,0,0,0,0,0,0,0,0,0,0,0,0,30244,30245,30246,30247,30248,30249,0,0,0,0,
17190000,ブ`フ?アルマ,17190000,1,0,0,HUMAN_191,13,0,450,BLOW,0,1,1,100,1,41,41,0,0,0,0,0,0,0,0,0,0,0,0,0,0,0,0,0,0,30250,30251,30252,30253,30254,0,0,0,0,0,
17210000,カナデのメモリ`ハ`ト,17210000,1,0,0,HUMAN_114,15,0,450,BLOW,0,1,1,100,1,41,41,0,0,0,0,0,0,0,0,0,0,0,0,0,0,0,0,0,0,30006,30037,30025,30064,30013,30004,0,0,0,0,
17220000,ダ`クフェザ`（BABY）,17220000,1,0,0,HUMAN_189,13,0,475,BLOW,0,1,1,100,1,41,41,0,0,0,0,0,0,0,0,0,0,0,0,0,0,0,0,0,0,30090,30021,30091,30027,30092,30013,30002,30089,0,0,
17240000,北国の吸血アルカ`ド,17240000,1,0,0,HUMAN_194,16,0,440,BLOW,0,1,1,100,1,40,40,0,0,0,0,0,0,0,0,0,0,0,0,0,0,0,0,0,0,30262,30263,30264,30265,30033,0,0,0,0,0,
17260000,御魂?ミコト,17260000,1,0,0,HUMAN_193,17,0,450,SLASH,0,1,1,100,1,41,41,0,0,0,0,0,0,0,0,0,0,0,0,0,0,0,0,0,0,30257,30258,30259,30260,30261,30004,0,0,0,0,
17270000,いっしょにこもたん,17270000,1,0,0,ANIMAL_195,7,0,450,BLOW,0,1,1,100,1,41,41,0,0,0,0,0,0,0,0,0,0,0,0,0,0,0,0,0,0,30266,30267,30268,30269,30270,0,0,0,0,0,
17290000,御魂?メイ,17290000,1,0,0,HUMAN_196,17,0,450,BLOW,0,1,1,100,1,41,41,0,0,0,0,0,0,0,0,0,0,0,0,0,0,0,0,0,0,30271,30272,30273,30000,30075,0,0,0,0,0,
17300000,フォックスブラザ`ズ,17300000,1,0,0,ANIMAL_197,7,0,450,BLOW,0,1,1,100,1,41,41,0,0,0,0,0,0,0,0,0,0,0,0,0,0,0,0,0,0,30076,30015,30075,30102,30010,0,0,0,0,0,
17310000,火の女学生?清,17310000,1,0,0,HUMAN_198,16,0,500,BLOW,0,1,1,100,1,40,40,0,0,0,0,0,0,0,0,0,0,0,0,0,0,0,0,0,0,30274,30275,30276,30277,30168,0,0,0,0,0,
17330000,御魂?ライ,17330000,1,0,0,HUMAN_199,17,0,450,STAB,0,1,1,100,1,41,41,0,0,0,0,0,0,0,0,0,0,0,0,0,0,0,0,0,0,30278,30279,30280,30281,0,0,0,0,0,0,
17350000,怀肖我鬟[人?ル?フェイ,17350000,1,0,0,HUMAN_200,16,0,450,BLOW,1,3,1,100,1,40,40,0,0,0,0,0,0,0,0,0,0,0,0,0,0,0,0,0,0,30282,30283,30284,30285,0,0,0,0,0,0,
17360000,御魂?キリエ,17360000,1,0,0,HUMAN_201,17,0,450,SLASH,0,1,1,100,1,41,41,0,0,0,0,0,0,0,0,0,0,0,0,0,0,0,0,0,0,30286,30287,30288,30289,0,0,0,0,0,0,
17380000,子猫少女?バステト,17380000,1,0,0,HUMAN_202,16,0,450,BLOW,0,1,1,100,1,40,40,0,0,0,0,0,0,0,0,0,0,0,0,0,0,0,0,0,0,30290,30291,30292,30293,0,0,0,0,0,0,
17400000,御魂?セレス,17400000,1,0,0,HUMAN_203,17,0,450,SLASH,0,1,1,100,1,41,41,0,0,0,0,0,0,0,0,0,0,0,0,0,0,0,0,0,0,30294,30295,30296,30297,0,0,0,0,0,0,
17410000,大空\?キャプテンキッド,17410000,1,0,0,HUMAN_204,16,0,450,STAB,1,5,1,100,1,40,40,0,0,0,0,0,0,0,0,0,0,0,0,0,0,0,0,0,0,30298,30299,30300,30301,0,0,0,0,0,0,
17470000,御魂?ルリ,17470000,1,0,0,HUMAN_207,17,0,450,SLASH,0,1,1,100,1,41,41,0,0,0,0,0,0,0,0,0,0,0,0,0,0,0,0,0,0,30302,30303,30304,30305,30306,0,0,0,0,0,
17480000,\衣の天使?玉藻,17480000,1,0,0,HUMAN_208,16,0,450,BLOW,0,1,1,100,1,40,40,0,0,0,0,0,0,0,0,0,0,0,0,0,0,0,0,0,0,30307,30308,30309,30310,0,0,0,0,0,0,
17530000,ヘビメタイニ`?アルマ,17530000,1,0,0,HUMAN_217,13,0,350,BLOW,0,1,1,100,1,41,41,0,0,0,0,0,0,0,0,0,0,0,0,0,0,0,0,0,0,30350,30351,30352,30353,30028,30196,0,0,0,0,
20410000,ジェントルタイニ`,20410000,1,0,0,ANIMAL_34,8,0,350,BLOW,0,1,1,100,1,41,41,0,0,0,0,0,0,0,0,0,0,0,0,0,0,0,0,0,0,30000,30095,30068,30007,30001,0,0,0,0,0,
20410050,ノ`ブルタイニ`,20410050,1,0,0,ANIMAL_79,8,0,350,BLOW,0,1,1,100,1,41,41,0,0,0,0,0,0,0,0,0,0,0,0,0,0,0,0,0,0,30000,30095,0,0,0,0,0,0,0,0,
20430000,探丧骏ぅ拴`,20430000,1,0,0,ANIMAL_41,8,0,350,BLOW,0,1,1,100,1,41,41,0,0,0,0,0,0,0,0,0,0,0,0,0,0,0,0,0,0,30000,30095,0,0,0,0,0,0,0,0,
20450000,ケット?シ`,20450000,1,0,0,ANIMAL_70,7,0,350,BLOW,0,1,1,100,1,41,41,0,0,0,0,0,0,0,0,0,0,0,0,0,0,0,0,0,0,0,0,0,0,0,0,0,0,0,0,
20460000,\猫,20460000,1,0,0,ANIMAL_71,7,0,350,BLOW,0,1,1,100,1,41,41,0,0,0,0,0,0,0,0,0,0,0,0,0,0,0,0,0,0,0,0,0,0,0,0,0,0,0,0,
19010019,おてつだいミルフィ,19010019,1,0,0,HUMAN_33,3,0,350,STAB,0,1,1,100,1,41,41,0,0,0,0,0,0,0,0,0,0,0,0,0,0,0,0,0,0,30004,30072,30073,0,0,0,0,0,0,0,
19010075,エミルの狩人ハ`ト,19010075,1,13,0,HUMAN_81,12,0,450,STAB,1,5,1,100,1,41,41,0,0,0,0,0,0,0,0,0,0,0,0,0,0,0,0,0,0,30059,30057,30058,30013,30036,0,0,0,0,0,
19010076,ルルイエのあまえんぼハ`ト,19010076,0.8,0,0,HUMAN_84,12,0,450,STAB,0,1,1,100,1,41,41,0,0,0,0,0,0,0,0,0,0,0,0,0,0,0,0,0,0,30069,30013,30006,30014,0,0,0,0,0,0,
19010077,マ`シャのくのいちハ`ト,19010077,1,7,0,HUMAN_86,12,0,450,SLASH,0,1,1,100,1,41,41,0,0,0,0,0,0,0,0,0,0,0,0,0,0,0,0,0,0,30046,30021,30060,30009,30032,30030,30036,0,0,0,
19010078,タイタスのなごやかハ`ト,19010078,1,5,0,HUMAN_88,12,0,450,SLASH,0,1,1,100,1,41,41,0,0,0,0,0,0,0,0,0,0,0,0,0,0,0,0,0,0,30070,30023,30000,30001,30007,30018,0,0,0,0,
19010079,ティタの冒ハ`ト,19010079,1,4,0,HUMAN_90,12,0,450,SLASH,0,1,1,100,1,41,41,0,0,0,0,0,0,0,0,0,0,0,0,0,0,0,0,0,0,30038,30080,30016,30095,30000,30001,0,0,0,0,
19010080,ベリアルの守oハ`ト,19010080,1.1,3,0,HUMAN_94,12,0,450,SLASH,0,1,1,100,1,41,41,0,0,0,0,0,0,0,0,0,0,0,0,0,0,0,0,0,0,30041,30079,30034,30080,30081,30000,30007,0,0,0,
19010081,ルクスのエスコ`トハ`ト,19010081,1,3,0,HUMAN_97,12,0,450,SLASH,0,1,1,100,1,41,41,0,0,0,0,0,0,0,0,0,0,0,0,0,0,0,0,0,0,30082,30080,30021,30039,30061,30062,30019,0,0,0,
19010085,みんなのアシスタント,19010085,0.77,0,0,HUMAN_99,3,0,450,BLOW,0,1,1,100,1,41,41,0,0,0,0,0,0,0,0,0,0,0,0,0,0,0,0,0,0,30000,30004,30032,30003,0,0,0,0,0,0,
19010086,リリのワルキュ`レハ`ト,19010086,1,10,0,HUMAN_100,12,0,450,STAB,1,2,1,100,1,41,41,0,0,0,0,0,0,0,0,0,0,0,0,0,0,0,0,0,0,30053,30083,30084,30061,30062,30000,30019,0,0,0,
19010087,ルルイエの魔女っ子ハ`ト,19010087,0.85,20,0,HUMAN_104,12,0,450,BLOW,0,1,1,100,1,41,41,0,0,0,0,0,0,0,0,0,0,0,0,0,0,0,0,0,0,30085,30086,30075,30000,30087,30088,0,0,0,0,
19010088,ティタのおさまハ`ト,19010088,0.85,152,0,HUMAN_106,12,0,450,BLOW,0,1,1,100,1,41,41,0,0,0,0,0,0,0,0,0,0,0,0,0,0,0,0,0,0,30028,30025,30000,30013,30005,30007,30004,0,0,0,
19010089,マ`シャのマ`チングハ`ト,19010089,0.85,153,0,HUMAN_112,12,0,450,SLASH,0,1,1,100,1,41,41,0,0,0,0,0,0,0,0,0,0,0,0,0,0,0,0,0,0,30000,30013,30033,30014,30027,30019,30004,0,0,0,
19010090,ムツキのシャ`マンハ`ト,19010090,1,16,0,HUMAN_80,15,0,450,BLOW,0,1,1,100,1,41,41,0,0,0,0,0,0,0,0,0,0,0,0,0,0,0,0,0,0,30013,30006,30014,30064,0,0,0,0,0,0,
19010092,キサラギの盗\ハ`ト,19010092,1,21,0,HUMAN_83,15,0,450,STAB,0,1,1,100,1,41,41,0,0,0,0,0,0,0,0,0,0,0,0,0,0,0,0,0,0,30022,30052,30044,30023,30029,30011,0,0,0,0,
19010094,ヤヨイのカンフ`ハ`ト,19010094,0.95,161,0,HUMAN_85,15,0,450,BLOW,0,1,1,100,1,41,41,0,0,0,0,0,0,0,0,0,0,0,0,0,0,0,0,0,0,30041,30023,30003,30029,30030,30000,0,0,0,0,
19010096,ウヅキのチルドレンハ`ト,19010096,1.04,3,0,HUMAN_87,15,0,475,BLOW,0,1,1,100,1,41,41,0,0,0,0,0,0,0,0,0,0,0,0,0,0,0,0,0,0,30079,30038,30016,30029,30030,30004,0,0,0,0,
19010099,サツキのフェアリ`ハ`ト,19010099,0.9,27,0,HUMAN_89,15,0,475,BLOW,0,1,1,100,1,41,41,0,0,0,0,0,0,0,0,0,0,0,0,0,0,0,0,0,0,30022,30075,30069,30076,30036,30004,0,0,0,0,
19010101,ミナヅキのエレガントハ`ト ,19010101,0.98,165,0,HUMAN_91,15,0,475,STAB,0,1,1,100,1,41,41,0,0,0,0,0,0,0,0,0,0,0,0,0,0,0,0,0,0,30033,30005,30006,30000,30007,30004,0,0,0,0,
19010103,フミツキのぷりてぃハ`ト,19010103,0.85,11,0,HUMAN_95,15,0,475,BLOW,0,1,1,100,1,41,41,0,0,0,0,0,0,0,0,0,0,0,0,0,0,0,0,0,0,30038,30046,30023,30069,30019,30004,0,0,0,0,
19010105,ハヅキのサイバ`ハ`ト,19010105,0.79,168,0,HUMAN_96,15,0,475,STAB,1,2,1,100,1,41,41,0,0,0,0,0,0,0,0,0,0,0,0,0,0,0,0,0,0,30026,30024,30062,30009,30019,0,0,0,0,0,
19010107,ちなつの追Eハ`ト,19010107,1,61,0,HUMAN_127,3,0,450,BLOW,0,1,1,100,1,41,41,0,0,0,0,0,0,0,0,0,0,0,0,0,0,0,0,0,0,30072,30020,30046,30038,0,0,0,0,0,0,
19010108,キクヅキの守o魔ハ`ト,19010108,0.86,170,0,HUMAN_98,15,0,475,STAB,0,1,1,100,1,41,41,0,0,0,0,0,0,0,0,0,0,0,0,0,0,0,0,0,0,30047,30051,30077,30000,30004,0,0,0,0,0,
19010109,ナガツキの守o神ハ`ト,19010109,1.1,171,0,HUMAN_130,15,0,450,BLOW,0,1,1,100,1,41,41,0,0,0,0,0,0,0,0,0,0,0,0,0,0,0,0,0,0,30004,30056,30040,30077,30003,30023,30034,30000,0,0,
19010110,カミアのエクソシストハ`ト,19010110,0.88,0,0,HUMAN_102,15,0,475,BLOW,0,1,1,100,1,41,41,0,0,0,0,0,0,0,0,0,0,0,0,0,0,0,0,0,0,30070,30044,30052,30027,30000,30033,30068,30004,0,0,
19010111,カンナのエクソシストハ`ト,19010111,0.88,0,0,HUMAN_102,15,0,475,BLOW,0,1,1,100,1,41,41,0,0,0,0,0,0,0,0,0,0,0,0,0,0,0,0,0,0,30070,30044,30052,30027,30000,30033,30068,30004,0,0,
19010112,シモツキのフェイブルハ`ト,19010112,0.82,174,0,HUMAN_105,15,0,475,BLOW,0,1,1,100,1,41,41,0,0,0,0,0,0,0,0,0,0,0,0,0,0,0,0,0,0,30065,30038,30063,30078,30000,30004,0,0,0,0,
19010114,ロウゲツのフェンサ`ハ`ト,19010114,1,181,0,HUMAN_111,15,0,475,STAB,0,1,1,100,1,41,41,0,0,0,0,0,0,0,0,0,0,0,0,0,0,0,0,0,0,30041,30079,30044,30052,30033,30004,0,0,0,0,
19010131,イ`タ,19010131,0.98,187,0,HUMAN_155,3,0,475,STAB,1,5,1,100,1,41,41,0,0,0,0,0,0,0,0,0,0,0,0,0,0,0,0,0,0,30036,30002,30004,30008,30059,30057,30058,0,0,0,
19010132,ランスィ,19010132,1.08,188,0,HUMAN_156,3,0,475,SLASH,0,1,1,100,1,41,41,0,0,0,0,0,0,0,0,0,0,0,0,0,0,0,0,0,0,30009,30054,30036,30003,30116,30170,0,0,0,0,
19010133,ユ`ク,19010133,1.04,189,0,HUMAN_157,3,0,475,SLASH,0,1,1,100,1,41,41,0,0,0,0,0,0,0,0,0,0,0,0,0,0,0,0,0,0,30001,30002,30003,30016,30017,30008,30041,0,0,0,
19010134,ノ`ル,19010134,0.92,190,0,HUMAN_158,3,0,475,BLOW,0,1,1,100,1,41,41,0,0,0,0,0,0,0,0,0,0,0,0,0,0,0,0,0,0,30027,30011,30123,30018,30055,30069,0,0,0,0,
19010000,シツジ2（タイ）,19010020,1,0,0,HUMAN_11,3,0,500,BLOW,0,1,1,100,1,41,41,0,0,0,0,0,0,0,0,0,0,0,0,0,0,0,0,0,0,0,0,0,0,0,0,0,0,0,0,
19010001,シツジ3（タイ）,19010021,1,0,0,HUMAN_11,3,0,500,BLOW,0,1,1,100,1,41,41,0,0,0,0,0,0,0,0,0,0,0,0,0,0,0,0,0,0,0,0,0,0,0,0,0,0,0,0,
19010002,シツジ（タイ）,19010000,1,0,0,HUMAN_11,3,0,500,BLOW,0,1,1,100,1,41,41,0,0,0,0,0,0,0,0,0,0,0,0,0,0,0,0,0,0,0,0,0,0,0,0,0,0,0,0,
19000001,メイド3（タイ）,19000002,1,0,0,HUMAN_9,3,0,500,BLOW,0,1,1,100,1,41,41,0,0,0,0,0,0,0,0,0,0,0,0,0,0,0,0,0,0,0,0,0,0,0,0,0,0,0,0,
19000002,メイド（タイ）,19000000,1,0,0,HUMAN_9,3,0,500,BLOW,0,1,1,100,1,41,41,0,0,0,0,0,0,0,0,0,0,0,0,0,0,0,0,0,0,0,0,0,0,0,0,0,0,0,0,
19020000,Samba,19020000,1,0,0,ANIMAL_42,1,0,350,STAB,0,1,1,100,1,41,41,0,0,0,0,0,0,0,0,0,0,0,0,0,0,0,0,0,0,0,0,0,0,0,0,0,0,0,0,
19020001,SomSom,19020001,1,0,0,ANIMAL_43,1,0,350,STAB,0,1,1,100,1,41,41,0,0,0,0,0,0,0,0,0,0,0,0,0,0,0,0,0,0,0,0,0,0,0,0,0,0,0,0,
#ライドパ`トナ`,
10750000,ライドクロ`ラ`（v）,10750000,1,0,0,INSECT_RIDE_5,18,0,210,BLOW,0,1,0,0,1,41,41,0,0,0,0,0,0,0,0,0,0,0,0,0,0,0,0,0,0,0,0,0,0,0,0,0,0,0,0,
10750100,ライドクロ`ラ`（赤）,10750100,1,0,0,INSECT_RIDE_5,18,0,210,BLOW,0,1,0,0,1,41,41,0,0,0,0,0,0,0,0,0,0,0,0,0,0,0,0,0,0,0,0,0,0,0,0,0,0,0,0,
10750200,ライドクロ`ラ`（紫）,10750200,1,0,0,INSECT_RIDE_5,18,0,210,BLOW,0,1,0,0,1,41,41,0,0,0,0,0,0,0,0,0,0,0,0,0,0,0,0,0,0,0,0,0,0,0,0,0,0,0,0,
10750400,ライドクロ`ラ`（青）,10750400,1,0,0,INSECT_RIDE_5,18,0,210,BLOW,0,1,0,0,1,41,41,0,0,0,0,0,0,0,0,0,0,0,0,0,0,0,0,0,0,0,0,0,0,0,0,0,0,0,0,
10750800,ライドクロ`ラ`（黄）,10750800,1,0,0,INSECT_RIDE_5,18,0,210,BLOW,0,1,0,0,1,41,41,0,0,0,0,0,0,0,0,0,0,0,0,0,0,0,0,0,0,0,0,0,0,0,0,0,0,0,0,
10756000,ライドクロ`ラ`（岩）,10756000,1,0,0,INSECT_RIDE_5,18,0,210,BLOW,0,1,0,0,1,41,41,0,0,0,0,0,0,0,0,0,0,0,0,0,0,0,0,0,0,0,0,0,0,0,0,0,0,0,0,
10751200,ライドクロ`ラ`（毛）,10751200,1,0,0,INSECT_RIDE_5,18,0,210,BLOW,0,1,0,0,1,41,41,0,0,0,0,0,0,0,0,0,0,0,0,0,0,0,0,0,0,0,0,0,0,0,0,0,0,0,0,
10753000,ライドクロ`ラ`（白）,10753000,1,0,0,INSECT_RIDE_5,18,0,210,BLOW,0,1,0,0,1,41,41,0,0,0,0,0,0,0,0,0,0,0,0,0,0,0,0,0,0,0,0,0,0,0,0,0,0,0,0,
10760100,ファイア`ドラゴ,10760100,1,0,0,ANIMAL_RIDE_4,18,0,450,SLASH,0,1,0,0,1,41,41,0,0,0,0,0,0,0,0,0,0,0,0,0,0,0,0,0,0,0,0,0,0,0,0,0,0,0,0,
10760200,ス`パ`ドラゴ?パ`プル,10760200,1,0,0,ANIMAL_RIDE_4,18,0,350,SLASH,0,1,0,0,1,41,41,0,0,0,0,0,0,0,0,0,0,0,0,0,0,0,0,0,0,0,0,0,0,0,0,0,0,0,0,
10760300,ブル`ドラゴ,10760300,1,0,0,ANIMAL_RIDE_4,18,0,430,SLASH,0,1,0,0,1,41,41,0,0,0,0,0,0,0,0,0,0,0,0,0,0,0,0,0,0,0,0,0,0,0,0,0,0,0,0,
10760600,ス`パ`ドラゴ?グリ`ン,10760600,1,0,0,ANIMAL_RIDE_4,18,0,480,SLASH,0,1,0,0,1,41,41,0,0,0,0,0,0,0,0,0,0,0,0,0,0,0,0,0,0,0,0,0,0,0,0,0,0,0,0,
10760700,ス`パ`ドラゴ?オレンジ,10760700,1,0,0,ANIMAL_RIDE_4,18,0,290,SLASH,0,1,0,0,1,41,41,0,0,0,0,0,0,0,0,0,0,0,0,0,0,0,0,0,0,0,0,0,0,0,0,0,0,0,0,
10760900,ダ`クドラゴ,10760900,1,0,0,ANIMAL_RIDE_BREEDER_4,18,0,450,SLASH,0,1,0,0,1,41,41,0,0,0,0,0,0,0,0,0,0,0,0,0,0,0,0,0,0,0,0,0,0,0,0,0,0,0,0,
10761400,ス`パ`ドラゴ?ホワイト,10761400,1,0,0,ANIMAL_RIDE_4,18,0,450,SLASH,0,1,0,0,1,41,41,0,0,0,0,0,0,0,0,0,0,0,0,0,0,0,0,0,0,0,0,0,0,0,0,0,0,0,0,
10761500,ス`パ`ドラゴ?ピンク,10761500,1,0,0,ANIMAL_RIDE_4,18,0,400,SLASH,0,1,0,0,1,41,41,0,0,0,0,0,0,0,0,0,0,0,0,0,0,0,0,0,0,0,0,0,0,0,0,0,0,0,0,
10760102,エレキテル（,10760100,1,0,0,ANIMAL_RIDE_4,18,0,450,SLASH,0,1,0,0,1,41,41,0,0,0,0,0,0,0,0,0,0,0,0,0,0,0,0,0,0,0,0,0,0,0,0,0,0,0,0,
10890000,Cvタイニ`,10890000,1,0,0,MACHINE_RIDE_4,18,0,450,STAB,0,1,0,0,1,41,41,0,0,0,0,0,0,0,0,0,0,0,0,0,0,0,0,0,0,0,0,0,0,0,0,0,0,0,0,
10890060,Cvダンプティ`,10890060,1,0,0,MACHINE_RIDE_4,18,0,450,STAB,0,1,0,0,1,41,41,0,0,0,0,0,0,0,0,0,0,0,0,0,0,0,0,0,0,0,0,0,0,0,0,0,0,0,0,
10900000,犬ぞり（クリスマス）,10900000,1,0,0,ANIMAL_RIDE_4,18,0,450,STAB,0,1,0,0,1,41,41,0,0,0,0,0,0,0,0,0,0,0,0,0,0,0,0,0,0,0,0,0,0,0,0,0,0,0,0,
10900001,二人\りのそり,10900001,1,0,0,ANIMAL_RIDE_4,18,0,275,STAB,0,1,0,0,1,41,41,0,0,0,0,0,0,0,0,0,0,0,0,0,0,0,0,0,0,0,0,0,0,0,0,0,0,0,0,
14000000,空wぶじゅうたん,14000000,1,0,0,MAGIC_CREATURE_RIDE_4,18,0,450,STAB,0,1,0,0,1,41,41,0,0,0,0,0,0,0,0,0,0,0,0,0,0,0,0,0,0,0,0,0,0,0,0,0,0,0,0,
14000001,空wぶじゅうたん（@）,14000001,1,0,0,MAGIC_CREATURE_RIDE_4,18,0,450,STAB,0,1,0,0,1,41,41,0,0,0,0,0,0,0,0,0,0,0,0,0,0,0,0,0,0,0,0,0,0,0,0,0,0,0,0,
14010000,人力（金のインスマウス）,14010000,1,0,0,WATER_ANIMAL_RIDE_4,18,0,450,STAB,0,1,0,0,1,41,41,0,0,0,0,0,0,0,0,0,0,0,0,0,0,0,0,0,0,0,0,0,0,0,0,0,0,0,0,
14020000,空wぶコウモリ,14020000,1,0,0,MAGIC_CREATURE_RIDE_4,18,0,500,STAB,0,1,0,0,1,41,41,0,0,0,0,0,0,0,0,0,0,0,0,0,0,0,0,0,0,0,0,0,0,0,0,0,0,0,0,
14020001,空wぶコウモリ悖ē豫螗）,14020001,1,0,0,MAGIC_CREATURE_RIDE_4,18,0,500,STAB,0,1,0,0,1,41,41,0,0,0,0,0,0,0,0,0,0,0,0,0,0,0,0,0,0,0,0,0,0,0,0,0,0,0,0,
14020002,空wぶコウモリ悖ǔ啵,14020002,1,0,0,MAGIC_CREATURE_RIDE_4,18,0,500,STAB,0,1,0,0,1,41,41,0,0,0,0,0,0,0,0,0,0,0,0,0,0,0,0,0,0,0,0,0,0,0,0,0,0,0,0,
14020003,たんぽぽのd毛,14020003,1,0,0,MAGIC_CREATURE_RIDE_4,18,0,500,STAB,0,1,0,0,1,41,41,0,0,0,0,0,0,0,0,0,0,0,0,0,0,0,0,0,0,0,0,0,0,0,0,0,0,0,0,
14020004,空wぶコウモリ悖ò祝,14020004,1,0,0,MAGIC_CREATURE_RIDE_4,18,0,500,STAB,0,1,0,0,1,41,41,0,0,0,0,0,0,0,0,0,0,0,0,0,0,0,0,0,0,0,0,0,0,0,0,0,0,0,0,
14040000,L船ブランコ,14040000,1,0,0,MAGIC_CREATURE_RIDE_4,18,0,450,STAB,0,1,0,0,1,41,41,0,0,0,0,0,0,0,0,0,0,0,0,0,0,0,0,0,0,0,0,0,0,0,0,0,0,0,0,
14050000,スリ`ピ`カ`,14050000,1,0,0,MACHINE_RIDE_4,18,0,450,STAB,0,1,0,0,1,41,41,0,0,0,0,0,0,0,0,0,0,0,0,0,0,0,0,0,0,0,0,0,0,0,0,0,0,0,0,
14070000,キラキラほうき星,14070000,1,0,0,MAGIC_CREATURE_RIDE_4,18,0,450,SLASH,0,1,0,0,1,41,41,0,0,0,0,0,0,0,0,0,0,0,0,0,0,0,0,0,0,0,0,0,0,0,0,0,0,0,0,
14070001,キラキラほうき星☆,14070001,1,0,0,MAGIC_CREATURE_RIDE_4,18,0,450,SLASH,0,1,0,0,1,41,41,0,0,0,0,0,0,0,0,0,0,0,0,0,0,0,0,0,0,0,0,0,0,0,0,0,0,0,0,
14080000,インス神,14080000,1,0,0,WATER_ANIMAL_RIDE_4,18,0,450,STAB,0,1,0,0,1,41,41,0,0,0,0,0,0,0,0,0,0,0,0,0,0,0,0,0,0,0,0,0,0,0,0,0,0,0,0,
14080001,インス神（金）,14080001,1,0,0,WATER_ANIMAL_RIDE_4,18,0,450,STAB,0,1,0,0,1,41,41,0,0,0,0,0,0,0,0,0,0,0,0,0,0,0,0,0,0,0,0,0,0,0,0,0,0,0,0,
14080002,インス神（\）,14080002,1,0,0,WATER_ANIMAL_RIDE_4,18,0,450,STAB,0,1,0,0,1,41,41,0,0,0,0,0,0,0,0,0,0,0,0,0,0,0,0,0,0,0,0,0,0,0,0,0,0,0,0,
14080003,インス神（レインボ`）,14080003,1,0,0,WATER_ANIMAL_RIDE_4,18,0,450,STAB,0,1,0,0,1,41,41,0,0,0,0,0,0,0,0,0,0,0,0,0,0,0,0,0,0,0,0,0,0,0,0,0,0,0,0,
14090000,インスライダ`,14090000,1,0,0,WATER_ANIMAL_RIDE_4,18,0,450,STAB,0,1,0,0,1,41,41,0,0,0,0,0,0,0,0,0,0,0,0,0,0,0,0,0,0,0,0,0,0,0,0,0,0,0,0,
14090001,ゴ`ルドライダ`,14090001,1,0,0,WATER_ANIMAL_RIDE_4,18,0,450,STAB,0,1,0,0,1,41,41,0,0,0,0,0,0,0,0,0,0,0,0,0,0,0,0,0,0,0,0,0,0,0,0,0,0,0,0,
14090002,インスライダ`（\）,14090002,1,0,0,WATER_ANIMAL_RIDE_4,18,0,450,STAB,0,1,0,0,1,41,41,0,0,0,0,0,0,0,0,0,0,0,0,0,0,0,0,0,0,0,0,0,0,0,0,0,0,0,0,
14090003,インスライダ`（クリスマス）,14090003,1,0,0,WATER_ANIMAL_RIDE_4,18,0,450,STAB,0,1,0,0,1,41,41,0,0,0,0,0,0,0,0,0,0,0,0,0,0,0,0,0,0,0,0,0,0,0,0,0,0,0,0,
14180000,ゴロ付ス`ツケ`ス,14180000,1,0,0,MAGIC_CREATURE_RIDE_4,18,0,450,BLOW,0,1,0,0,1,41,41,0,0,0,0,0,0,0,0,0,0,0,0,0,0,0,0,0,0,0,0,0,0,0,0,0,0,0,0,
14190000,救急わんわん,14190000,1,0,0,MAGIC_CREATURE_RIDE_4,18,0,450,STAB,0,1,0,0,1,41,41,0,0,0,0,0,0,0,0,0,0,0,0,0,0,0,0,0,0,0,0,0,0,0,0,0,0,0,0,
14200000,ジニアの花R,14200000,1,0,0,MAGIC_CREATURE_RIDE_4,18,0,450,BLOW,0,1,0,0,1,41,41,0,0,0,0,0,0,0,0,0,0,0,0,0,0,0,0,0,0,0,0,0,0,0,0,0,0,0,0,
14210000,やさしい象,14210000,1,0,0,MAGIC_CREATURE_RIDE_4,18,0,450,BLOW,0,1,0,0,1,41,41,0,0,0,0,0,0,0,0,0,0,0,0,0,0,0,0,0,0,0,0,0,0,0,0,0,0,0,0,
14250000,サイドカ`バイク,14250000,1,0,0,MACHINE_RIDE_4,18,0,450,STAB,0,1,0,0,1,41,41,0,0,0,0,0,0,0,0,0,0,0,0,0,0,0,0,0,0,0,0,0,0,0,0,0,0,0,0,
14255000,バイク（青）,14255000,1,0,0,MACHINE_RIDE_4,18,0,450,STAB,0,1,0,0,1,41,41,0,0,0,0,0,0,0,0,0,0,0,0,0,0,0,0,0,0,0,0,0,0,0,0,0,0,0,0,
14255100,バイク（赤）,14255100,1,0,0,MACHINE_RIDE_4,18,0,450,STAB,0,1,0,0,1,41,41,0,0,0,0,0,0,0,0,0,0,0,0,0,0,0,0,0,0,0,0,0,0,0,0,0,0,0,0,
14255200,バイク（\）,14255200,1,0,0,MACHINE_RIDE_4,18,0,450,STAB,0,1,0,0,1,41,41,0,0,0,0,0,0,0,0,0,0,0,0,0,0,0,0,0,0,0,0,0,0,0,0,0,0,0,0,
14255300,バイク（白）,14255300,1,0,0,MACHINE_RIDE_4,18,0,450,STAB,0,1,0,0,1,41,41,0,0,0,0,0,0,0,0,0,0,0,0,0,0,0,0,0,0,0,0,0,0,0,0,0,0,0,0,
14255400,バイク（v）,14255400,1,0,0,MACHINE_RIDE_4,18,0,450,STAB,0,1,0,0,1,41,41,0,0,0,0,0,0,0,0,0,0,0,0,0,0,0,0,0,0,0,0,0,0,0,0,0,0,0,0,
14255500,バイク（黄色）,14255500,1,0,0,MACHINE_RIDE_4,18,0,450,STAB,0,1,0,0,1,41,41,0,0,0,0,0,0,0,0,0,0,0,0,0,0,0,0,0,0,0,0,0,0,0,0,0,0,0,0,
14255600,バイク（ピンク）,14255600,1,0,0,MACHINE_RIDE_4,18,0,450,STAB,0,1,0,0,1,41,41,0,0,0,0,0,0,0,0,0,0,0,0,0,0,0,0,0,0,0,0,0,0,0,0,0,0,0,0,
14255700,バイク（オレンジ）,14255700,1,0,0,MACHINE_RIDE_4,18,0,450,STAB,0,1,0,0,1,41,41,0,0,0,0,0,0,0,0,0,0,0,0,0,0,0,0,0,0,0,0,0,0,0,0,0,0,0,0,
14256000,インペリアルバイク,14256000,1,0,0,MACHINE_RIDE_4,18,0,450,STAB,0,1,0,0,1,41,41,0,0,0,0,0,0,0,0,0,0,0,0,0,0,0,0,0,0,0,0,0,0,0,0,0,0,0,0,
14256001,インペリアルバイク（赤）,14256001,1,0,0,MACHINE_RIDE_4,18,0,500,STAB,0,1,0,0,1,41,41,0,0,0,0,0,0,0,0,0,0,0,0,0,0,0,0,0,0,0,0,0,0,0,0,0,0,0,0,
14340000,くるくるティ`タイム,14340000,1,0,0,MACHINE_RIDE_4,18,0,450,STAB,0,1,0,0,1,41,41,0,0,0,0,0,0,0,0,0,0,0,0,0,0,0,0,0,0,0,0,0,0,0,0,0,0,0,0,
14360000,パンダ,14360000,1,0,0,ANIMAL_RIDE_4,18,0,450,STAB,0,1,0,0,1,41,41,0,0,0,0,0,0,0,0,0,0,0,0,0,0,0,0,0,0,0,0,0,0,0,0,0,0,0,0,
14390000,おとぎの国の白R,14390000,1,0,0,ANIMAL_RIDE_4,18,0,450,STAB,0,1,0,0,1,41,41,0,0,0,0,0,0,0,0,0,0,0,0,0,0,0,0,0,0,0,0,0,0,0,0,0,0,0,0,
14395000,T士の垴R,14395000,1,0,0,ANIMAL_RIDE_4,18,0,450,STAB,0,1,0,0,1,41,41,0,0,0,0,0,0,0,0,0,0,0,0,0,0,0,0,0,0,0,0,0,0,0,0,0,0,0,0,
14440000,超~合体エレキテル,14440000,1,0,0,MACHINE_RIDE_4,18,0,450,STAB,0,1,0,0,1,41,41,0,0,0,0,0,0,0,0,0,0,0,0,0,0,0,0,0,0,0,0,0,0,0,0,0,0,0,0,
14490000,の白t丸,14490000,1,0,0,MACHINE_RIDE_4,18,0,450,STAB,0,1,0,0,1,41,41,0,0,0,0,0,0,0,0,0,0,0,0,0,0,0,0,0,0,0,0,0,0,0,0,0,0,0,0,
14500000,波\りサ`フボ`ド,14500000,1,0,0,ANIMAL_RIDE_4,18,0,450,STAB,0,1,0,0,1,41,41,0,0,0,0,0,0,0,0,0,0,0,0,0,0,0,0,0,0,0,0,0,0,0,0,0,0,0,0,
14500050,波\りサ`フボ`ド☆,14500050,1,0,0,ANIMAL_RIDE_4,18,0,450,STAB,0,1,0,0,1,41,41,0,0,0,0,0,0,0,0,0,0,0,0,0,0,0,0,0,0,0,0,0,0,0,0,0,0,0,0,
14590100,ユニコ`ンのR,14590100,1,0,0,HUMAN_RIDE_4,18,0,450,STAB,0,1,0,0,1,41,41,0,0,0,0,0,0,0,0,0,0,0,0,0,0,0,0,0,0,0,0,0,0,0,0,0,0,0,0,
14610000,浪漫の人力,14610000,1,0,0,HUMAN_RIDE_4,18,0,450,STAB,0,1,0,0,1,41,41,0,0,0,0,0,0,0,0,0,0,0,0,0,0,0,0,0,0,0,0,0,0,0,0,0,0,0,0,
14610001,浪漫の人力☆,14610001,1,0,0,HUMAN_RIDE_4,18,0,450,STAB,0,1,0,0,1,41,41,0,0,0,0,0,0,0,0,0,0,0,0,0,0,0,0,0,0,0,0,0,0,0,0,0,0,0,0,
14610100,田h道の手,14610100,1,0,0,HUMAN_RIDE_4,18,0,450,STAB,0,1,0,0,1,41,41,0,0,0,0,0,0,0,0,0,0,0,0,0,0,0,0,0,0,0,0,0,0,0,0,0,0,0,0,
14620000,檐,14620000,1,0,1,MACHINE_RIDE_4,18,0,450,STAB,1,3,0,0,1,41,41,0,0,0,0,0,0,0,0,0,0,0,0,0,0,0,0,0,0,0,0,0,0,0,0,0,0,0,0,
14730000,オフロ`ドバギ`,14730000,1,0,0,MACHINE_RIDE_4,18,0,450,STAB,0,1,0,0,1,41,41,0,0,0,0,0,0,0,0,0,0,0,0,0,0,0,0,0,0,0,0,0,0,0,0,0,0,0,0,
14750000,粢のイルカ,14750000,1,0,0,ANIMAL_RIDE_4,18,0,450,STAB,0,1,0,0,1,41,41,0,0,0,0,0,0,0,0,0,0,0,0,0,0,0,0,0,0,0,0,0,0,0,0,0,0,0,0,
14755000,粢のイルカ（\）,14755000,1,0,0,ANIMAL_RIDE_4,18,0,450,STAB,0,1,0,0,1,41,41,0,0,0,0,0,0,0,0,0,0,0,0,0,0,0,0,0,0,0,0,0,0,0,0,0,0,0,0,
14756000,シャチフロ`ト,14756000,1,0,0,ANIMAL_RIDE_4,18,0,450,STAB,0,1,0,0,1,41,41,0,0,0,0,0,0,0,0,0,0,0,0,0,0,0,0,0,0,0,0,0,0,0,0,0,0,0,0,
14780000,召惊?y狼,14780000,1,0,0,ANIMAL_RIDE_4,18,0,450,STAB,0,1,0,0,1,41,41,0,0,0,0,0,0,0,0,0,0,0,0,0,0,0,0,0,0,0,0,0,0,0,0,0,0,0,0,
14800000,コウモリブランコ,14800000,1,0,0,MAGIC_CREATURE_RIDE_4,18,0,450,STAB,0,1,0,0,1,41,41,0,0,0,0,0,0,0,0,0,0,0,0,0,0,0,0,0,0,0,0,0,0,0,0,0,0,0,0,
14820000,ウィングトラック,14820000,1,0,0,MACHINE_RIDE_4,18,0,450,STAB,1,4,0,0,1,41,41,0,0,0,0,0,0,0,0,0,0,0,0,0,0,0,0,0,0,0,0,0,0,0,0,0,0,0,0,
14830000,艟长违触螗丧,14830000,1,0,0,MAGIC_CREATURE_RIDE_4,18,0,450,SLASH,0,1,0,0,1,41,41,0,0,0,0,0,0,0,0,0,0,0,0,0,0,0,0,0,0,0,0,0,0,0,0,0,0,0,0,
14910000,宙wぶ南京V,14910000,1,0,0,MAGIC_CREATURE_RIDE_4,18,0,450,STAB,0,1,0,0,1,41,41,0,0,0,0,0,0,0,0,0,0,0,0,0,0,0,0,0,0,0,0,0,0,0,0,0,0,0,0,
14930000,青春☆自,14930000,1,0,0,MACHINE_RIDE_4,18,0,450,STAB,0,1,0,0,1,41,41,0,0,0,0,0,0,0,0,0,0,0,0,0,0,0,0,0,0,0,0,0,0,0,0,0,0,0,0,
14930001,Fの自,14930001,1,0,0,MACHINE_RIDE_4,18,0,450,STAB,0,1,0,0,1,41,41,0,0,0,0,0,0,0,0,0,0,0,0,0,0,0,0,0,0,0,0,0,0,0,0,0,0,0,0,
14970000,ナイトのTR,14970000,1,0,0,ANIMAL_RIDE_4,18,0,450,STAB,0,1,0,0,1,41,41,0,0,0,0,0,0,0,0,0,0,0,0,0,0,0,0,0,0,0,0,0,0,0,0,0,0,0,0,
14990001,倮のボ`ル,14990001,1,0,0,HUMAN_4,18,0,390,BLOW,0,1,1,100,1,41,41,0,0,0,0,0,0,0,0,0,0,0,0,0,0,0,0,0,0,0,0,0,0,0,0,0,0,0,0,
15000000,ケット?シ`,15000000,1,0,0,ANIMAL_RIDE_4,18,0,450,STAB,0,1,0,0,1,41,41,0,0,0,0,0,0,0,0,0,0,0,0,0,0,0,0,0,0,0,0,0,0,0,0,0,0,0,0,
15200000,ハネム`ン萸,15200000,1,0,0,MAGIC_CREATURE_RIDE_4,18,0,475,STAB,0,1,0,0,1,41,41,0,0,0,0,0,0,0,0,0,0,0,0,0,0,0,0,0,0,0,0,0,0,0,0,0,0,0,0,
15200001,サ`クルＫサンクス萸,15200001,1,0,0,MAGIC_CREATURE_RIDE_4,18,0,475,STAB,0,1,0,0,1,41,41,0,0,0,0,0,0,0,0,0,0,0,0,0,0,0,0,0,0,0,0,0,0,0,0,0,0,0,0,
15210000,きらめく流星群,15210000,1,0,0,MAGIC_CREATURE_RIDE_4,18,0,475,STAB,0,1,0,0,1,41,41,0,0,0,0,0,0,0,0,0,0,0,0,0,0,0,0,0,0,0,0,0,0,0,0,0,0,0,0,
15220000,夜子のハングライダ`,15220000,1,0,0,MAGIC_CREATURE_RIDE_4,18,0,475,STAB,0,1,0,0,1,41,41,0,0,0,0,0,0,0,0,0,0,0,0,0,0,0,0,0,0,0,0,0,0,0,0,0,0,0,0,
15260000,フライング?パンプキン,15260000,1,0,0,MAGIC_CREATURE_RIDE_4,18,0,475,STAB,0,1,0,0,1,41,41,0,0,0,0,0,0,0,0,0,0,0,0,0,0,0,0,0,0,0,0,0,0,0,0,0,0,0,0,
15290000,年代物の圮,15290000,1,0,0,MACHINE_RIDE_4,18,0,475,STAB,0,1,0,0,1,41,41,0,0,0,0,0,0,0,0,0,0,0,0,0,0,0,0,0,0,0,0,0,0,0,0,0,0,0,0,
15320000,あけましタイニ`,15320000,1,0,0,MAGIC_CREATURE_RIDE_4,18,0,475,STAB,0,1,0,0,1,41,41,0,0,0,0,0,0,0,0,0,0,0,0,0,0,0,0,0,0,0,0,0,0,0,0,0,0,0,0,
15325000,おでかけタイニ`（抹茶）,15325000,1,0,0,MAGIC_CREATURE_RIDE_4,18,0,475,STAB,0,1,0,0,1,41,41,0,0,0,0,0,0,0,0,0,0,0,0,0,0,0,0,0,0,0,0,0,0,0,0,0,0,0,0,
15330000,スノ`ボ`ド,15330000,1,0,0,MAGIC_CREATURE_RIDE_4,18,0,475,STAB,0,1,0,0,1,41,41,0,0,0,0,0,0,0,0,0,0,0,0,0,0,0,0,0,0,0,0,0,0,0,0,0,0,0,0,
15340000,ロイヤルガ`ドグリフォン,15340000,1,0,0,ANIMAL_RIDE_4,18,0,480,STAB,0,1,0,0,1,41,41,0,0,0,0,0,0,0,0,0,0,0,0,0,0,0,0,0,0,0,0,0,0,0,0,0,0,0,0,
15400000,アザラシ,15400000,1,0,0,ANIMAL_RIDE_4,18,0,475,STAB,0,1,0,0,1,41,41,0,0,0,0,0,0,0,0,0,0,0,0,0,0,0,0,0,0,0,0,0,0,0,0,0,0,0,0,
15420000,魔法のス`ツケ`ス,15420000,1,0,0,MAGIC_CREATURE_RIDE_4,18,0,450,BLOW,0,1,0,0,1,41,41,0,0,0,0,0,0,0,0,0,0,0,0,0,0,0,0,0,0,0,0,0,0,0,0,0,0,0,0,
15420100,魔法のス`ツケ`ス（白）,15420100,1,0,0,MAGIC_CREATURE_RIDE_4,18,0,450,BLOW,0,1,0,0,1,41,41,0,0,0,0,0,0,0,0,0,0,0,0,0,0,0,0,0,0,0,0,0,0,0,0,0,0,0,0,
15570000,忍びの大がま,15570000,1,0,0,ANIMAL_RIDE_4,18,0,475,BLOW,0,1,0,0,1,41,41,0,0,0,0,0,0,0,0,0,0,0,0,0,0,0,0,0,0,0,0,0,0,0,0,0,0,0,0,
15700000,天R,15700000,1,0,0,ANIMAL_RIDE_4,18,0,450,STAB,0,1,0,0,1,41,41,0,0,0,0,0,0,0,0,0,0,0,0,0,0,0,0,0,0,0,0,0,0,0,0,0,0,0,0,
15700003,\天R,15700003,1,0,0,ANIMAL_RIDE_4,18,0,450,STAB,0,1,0,0,1,41,41,0,0,0,0,0,0,0,0,0,0,0,0,0,0,0,0,0,0,0,0,0,0,0,0,0,0,0,0,
15720000,リビングうさ子,15720000,1,0,0,ANIMAL_RIDE_4,18,0,450,STAB,0,1,0,0,1,41,41,0,0,0,0,0,0,0,0,0,0,0,0,0,0,0,0,0,0,0,0,0,0,0,0,0,0,0,0,
15770000,おやすみム`ン,15770000,1,0,0,MAGIC_CREATURE_RIDE_4,18,0,450,STAB,0,1,0,0,1,41,41,0,0,0,0,0,0,0,0,0,0,0,0,0,0,0,0,0,0,0,0,0,0,0,0,0,0,0,0,
15850000,マジカルステッキ,15850000,1,0,0,MAGIC_CREATURE_RIDE_4,18,0,500,STAB,0,1,0,0,1,41,41,0,0,0,0,0,0,0,0,0,0,0,0,0,0,0,0,0,0,0,0,0,0,0,0,0,0,0,0,
15890000,カ`ニバルのw行船,15890000,1,0,0,MACHINE_RIDE_4,18,0,475,STAB,0,1,0,0,1,41,41,0,0,0,0,0,0,0,0,0,0,0,0,0,0,0,0,0,0,0,0,0,0,0,0,0,0,0,0,
15970000,|方青,15970000,1,0,0,ANIMAL_RIDE_4,18,0,450,BLOW,0,1,0,0,1,41,41,0,0,0,0,0,0,0,0,0,0,0,0,0,0,0,0,0,0,0,0,0,0,0,0,0,0,0,0,
16070000,みやびな牛,16070000,1,0,0,MACHINE_RIDE_4,18,0,450,STAB,0,1,0,0,1,41,41,0,0,0,0,0,0,0,0,0,0,0,0,0,0,0,0,0,0,0,0,0,0,0,0,0,0,0,0,
16080000,炎のスケ`トボ`ド,16080000,1,0,0,ANIMAL_RIDE_4,18,0,450,STAB,0,1,0,0,1,41,41,0,0,0,0,0,0,0,0,0,0,0,0,0,0,0,0,0,0,0,0,0,0,0,0,0,0,0,0,
16100000,肝っ玉母ちゃん,16100000,1,0,0,ANIMAL_RIDE_4,18,0,450,STAB,0,1,0,0,1,41,41,0,0,0,0,0,0,0,0,0,0,0,0,0,0,0,0,0,0,0,0,0,0,0,0,0,0,0,0,
16190000,ミナヅキの日,16190000,1,0,0,MAGIC_CREATURE_RIDE_4,18,0,480,STAB,0,1,0,0,1,41,41,0,0,0,0,0,0,0,0,0,0,0,0,0,0,0,0,0,0,0,0,0,0,0,0,0,0,0,0,
16210000,[泳のガラス球,16210000,1,0,0,MAGIC_CREATURE_RIDE_4,18,0,480,STAB,0,1,0,0,1,41,41,0,0,0,0,0,0,0,0,0,0,0,0,0,0,0,0,0,0,0,0,0,0,0,0,0,0,0,0,
16240000,西方白虎,16240000,1,0,0,ANIMAL_RIDE_4,18,0,450,BLOW,0,1,0,0,1,41,41,0,0,0,0,0,0,0,0,0,0,0,0,0,0,0,0,0,0,0,0,0,0,0,0,0,0,0,0,
16300000,ジャグラ`?ドゥ,16300000,1,0,0,ANIMAL_RIDE_4,18,0,450,STAB,0,1,0,0,1,41,41,0,0,0,0,0,0,0,0,0,0,0,0,0,0,0,0,0,0,0,0,0,0,0,0,0,0,0,0,
16310000,ティラ,16310000,1,0,0,ANIMAL_RIDE_4,18,0,430,SLASH,0,1,0,0,1,41,41,0,0,0,0,0,0,0,0,0,0,0,0,0,0,0,0,0,0,0,0,0,0,0,0,0,0,0,0,
16320000,ウィッカ?グレイル,16320000,1,0,0,MACHINE_RIDE_4,18,0,450,BLOW,0,1,0,0,1,41,41,0,0,0,0,0,0,0,0,0,0,0,0,0,0,0,0,0,0,0,0,0,0,0,0,0,0,0,0,
16330000,ワ`ムドラゴン,16330000,1,0,0,WATER_ANIMAL_RIDE_4,18,0,450,SLASH,0,1,0,0,1,41,41,0,0,0,0,0,0,0,0,0,0,0,0,0,0,0,0,0,0,0,0,0,0,0,0,0,0,0,0,
16350000,ゴシックLR,16350000,1,0,0,MAGIC_CREATURE_RIDE_4,18,0,450,STAB,0,1,0,0,1,41,41,0,0,0,0,0,0,0,0,0,0,0,0,0,0,0,0,0,0,0,0,0,0,0,0,0,0,0,0,
16380000,\魔gの,16380000,1,0,0,MAGIC_CREATURE_RIDE_4,18,0,475,STAB,0,1,0,0,1,41,41,0,0,0,0,0,0,0,0,0,0,0,0,0,0,0,0,0,0,0,0,0,0,0,0,0,0,0,0,
16390000,カ`ズド?チェア,16390000,1,0,0,MAGIC_CREATURE_RIDE_4,18,0,475,STAB,0,1,0,0,1,41,41,0,0,0,0,0,0,0,0,0,0,0,0,0,0,0,0,0,0,0,0,0,0,0,0,0,0,0,0,
16430000,コウモリぶらんこ（アルカ`ド）,16430000,1,0,0,MACHINE_RIDE_4,18,0,475,STAB,0,1,0,0,1,41,41,0,0,0,0,0,0,0,0,0,0,0,0,0,0,0,0,0,0,0,0,0,0,0,0,0,0,0,0,
16490000,まきばのポニ`（T\）,16490000,1,0,0,ANIMAL_RIDE_4,18,0,450,BLOW,0,1,0,0,1,41,41,0,0,0,0,0,0,0,0,0,0,0,0,0,0,0,0,0,0,0,0,0,0,0,0,0,0,0,0,
16570000,M膜违隶悭辚ット,16570000,1,0,0,MAGIC_CREATURE_RIDE_4,18,0,475,STAB,0,1,0,0,1,41,41,0,0,0,0,0,0,0,0,0,0,0,0,0,0,0,0,0,0,0,0,0,0,0,0,0,0,0,0,
16600000,傀儡のスフィンクス（T\）,16600000,1,0,0,MAGIC_CREATURE_RIDE_4,18,0,450,BLOW,0,1,0,0,1,41,41,0,0,0,0,0,0,0,0,0,0,0,0,0,0,0,0,0,0,0,0,0,0,0,0,0,0,0,0,
16620000,クラシック?カ`,16620000,1,0,0,MACHINE_RIDE_4,18,0,450,STAB,0,1,0,0,1,41,41,0,0,0,0,0,0,0,0,0,0,0,0,0,0,0,0,0,0,0,0,0,0,0,0,0,0,0,0,
16660000,海\船?マ`チャント号,16660000,1,0,0,MACHINE_RIDE_4,18,0,475,BLOW,0,1,0,0,1,41,41,0,0,0,0,0,0,0,0,0,0,0,0,0,0,0,0,0,0,0,0,0,0,0,0,0,0,0,0,
16680000,ココッコ`おさんぽ,16680000,1,0,0,BIRD_RIDE_4,18,0,450,BLOW,0,1,0,0,1,41,41,0,0,0,0,0,0,0,0,0,0,0,0,0,0,0,0,0,0,0,0,0,0,0,0,0,0,0,0,
16850000,カッカラン,16850000,1,0,0,ANIMAL_RIDE_4,18,0,440,BLOW,0,1,0,0,1,41,41,0,0,0,0,0,0,0,0,0,0,0,0,0,0,0,0,0,0,0,0,0,0,0,0,0,0,0,0,
16850001,ホワイトカッカラン,16850001,1,0,0,ANIMAL_RIDE_4,18,0,470,BLOW,0,1,0,0,1,41,41,0,0,0,0,0,0,0,0,0,0,0,0,0,0,0,0,0,0,0,0,0,0,0,0,0,0,0,0,
16870000,白面金毛九尾ノ狐（T\）,16870000,1,0,0,ANIMAL_RIDE_4,18,0,450,BLOW,0,1,0,0,1,41,41,0,0,0,0,0,0,0,0,0,0,0,0,0,0,0,0,0,0,0,0,0,0,0,0,0,0,0,0,
16890000,パンキッシュロックステ`ジ,16890000,1,0,0,MACHINE_RIDE_4,18,0,450,BLOW,0,1,0,0,1,41,41,0,0,0,0,0,0,0,0,0,0,0,0,0,0,0,0,0,0,0,0,0,0,0,0,0,0,0,0,
16930000,プリンセスジェリ`フィッシュ,16930000,1,0,0,WATER_ANIMAL_RIDE_4,18,0,450,BLOW,0,1,0,0,1,41,41,0,0,0,0,0,0,0,0,0,0,0,0,0,0,0,0,0,0,0,0,0,0,0,0,0,0,0,0,
16950000,メリ`ゴ`ランド,16950000,1,0,0,MACHINE_RIDE_4,18,0,475,BLOW,0,1,0,0,1,41,41,0,0,0,0,0,0,0,0,0,0,0,0,0,0,0,0,0,0,0,0,0,0,0,0,0,0,0,0,
17020000,みんなの,17020000,1,0,0,MAGIC_CREATURE_RIDE_4,18,0,475,BLOW,0,1,0,0,1,41,41,0,0,0,0,0,0,0,0,0,0,0,0,0,0,0,0,0,0,0,0,0,0,0,0,0,0,0,0,
17030000,アヒルボ`ト,17030000,1,0,0,MAGIC_CREATURE_RIDE_4,18,0,450,SLASH,0,1,0,0,1,41,41,0,0,0,0,0,0,0,0,0,0,0,0,0,0,0,0,0,0,0,0,0,0,0,0,0,0,0,0,
17050000,魔C甲ファウスト,17050000,1,0,0,MACHINE_RIDE_4,18,0,420,BLOW,0,1,0,0,1,41,41,0,0,0,0,0,0,0,0,0,0,0,0,0,0,0,0,0,0,0,0,0,0,0,0,0,0,0,0,
17070000,N薇杖,17070000,1,0,0,MAGIC_CREATURE_RIDE_4,18,0,450,BLOW,0,1,0,0,1,41,41,0,0,0,0,0,0,0,0,0,0,0,0,0,0,0,0,0,0,0,0,0,0,0,0,0,0,0,0,
17080000,アクロニア?イ`グル,17080000,1,0,0,MACHINE_RIDE_4,18,0,450,STAB,0,1,0,0,1,41,41,0,0,0,0,0,0,0,0,0,0,0,0,0,0,0,0,0,0,0,0,0,0,0,0,0,0,0,0,
17100000,暗\,17100000,1,0,0,MACHINE_RIDE_4,18,0,450,BLOW,0,1,0,0,1,41,41,0,0,0,0,0,0,0,0,0,0,0,0,0,0,0,0,0,0,0,0,0,0,0,0,0,0,0,0,
17120000,でかでかオオコウモリ,17120000,1,0,0,ANIMAL_RIDE_4,18,0,450,BLOW,0,1,0,0,1,41,41,0,0,0,0,0,0,0,0,0,0,0,0,0,0,0,0,0,0,0,0,0,0,0,0,0,0,0,0,
17130000,刻印の宝玉,17130000,1,0,0,MAGIC_CREATURE_RIDE_4,18,0,450,BLOW,0,1,0,0,1,41,41,0,0,0,0,0,0,0,0,0,0,0,0,0,0,0,0,0,0,0,0,0,0,0,0,0,0,0,0,
17170000,キシリト`ル（ライムミント）,17170000,1,0,0,MAGIC_CREATURE_RIDE_4,18,0,450,BLOW,0,1,0,0,1,41,41,0,0,0,0,0,0,0,0,0,0,0,0,0,0,0,0,0,0,0,0,0,0,0,0,0,0,0,0,
17200000,ファンタジア?ビブリオ,17200000,1,0,0,MAGIC_CREATURE_RIDE_4,18,0,475,STAB,0,1,0,0,1,41,41,0,0,0,0,0,0,0,0,0,0,0,0,0,0,0,0,0,0,0,0,0,0,0,0,0,0,0,0,
17230000,妖怪?ライジュウ,17230000,1,0,0,ANIMAL_RIDE_4,18,0,450,BLOW,0,1,0,0,1,41,41,0,0,0,0,0,0,0,0,0,0,0,0,0,0,0,0,0,0,0,0,0,0,0,0,0,0,0,0,
17250000,コンバット?タンク,17250000,1,0,1,MACHINE_RIDE_4,18,0,450,STAB,1,3,0,0,1,41,41,0,0,0,0,0,0,0,0,0,0,0,0,0,0,0,0,0,0,0,0,0,0,0,0,0,0,0,0,
17280000,弁天丸,17280000,1,0,0,MACHINE_RIDE_4,18,0,450,STAB,0,1,0,0,1,41,41,0,0,0,0,0,0,0,0,0,0,0,0,0,0,0,0,0,0,0,0,0,0,0,0,0,0,0,0,
17320000,通学用幼佣,17320000,1,0,0,MACHINE_RIDE_4,18,0,450,STAB,0,1,0,0,1,41,41,0,0,0,0,0,0,0,0,0,0,0,0,0,0,0,0,0,0,0,0,0,0,0,0,0,0,0,0,
17340000,南方朱雀,17340000,1,0,0,ANIMAL_RIDE_4,18,0,450,BLOW,0,1,0,0,1,41,41,0,0,0,0,0,0,0,0,0,0,0,0,0,0,0,0,0,0,0,0,0,0,0,0,0,0,0,0,
17370000,}なるアルパカ,17370000,1,0,0,ANIMAL_RIDE_4,18,0,450,BLOW,0,1,0,0,1,41,41,0,0,0,0,0,0,0,0,0,0,0,0,0,0,0,0,0,0,0,0,0,0,0,0,0,0,0,0,
17390000,ネコスク`タ`,17390000,1,0,0,MACHINE_RIDE_4,18,0,450,STAB,0,1,0,0,1,41,41,0,0,0,0,0,0,0,0,0,0,0,0,0,0,0,0,0,0,0,0,0,0,0,0,0,0,0,0,
17420000,蒸Cvw行船,17420000,1,0,0,MACHINE_RIDE_4,18,0,475,BLOW,0,1,0,0,1,41,41,0,0,0,0,0,0,0,0,0,0,0,0,0,0,0,0,0,0,0,0,0,0,0,0,0,0,0,0,
17490000,看守Lの椅子,17490000,1,0,0,MAGIC_CREATURE_RIDE_4,18,0,475,STAB,0,1,0,0,1,41,41,0,0,0,0,0,0,0,0,0,0,0,0,0,0,0,0,0,0,0,0,0,0,0,0,0,0,0,0,
19030000,Wedding Carriage,19030000,1,0,0,ANIMAL_RIDE_4,18,0,325,STAB,0,1,0,0,1,41,41,0,0,0,0,0,0,0,0,0,0,0,0,0,0,0,0,0,0,0,0,0,0,0,0,0,0,0,0,
19030100,ドラゴ(白),19030100,1,0,0,ANIMAL_RIDE_4,18,0,400,SLASH,0,1,0,0,1,41,41,0,0,0,0,0,0,0,0,0,0,0,0,0,0,0,0,0,0,0,0,0,0,0,0,0,0,0,0,
19030101,ドラゴ(v),19030101,1,0,0,ANIMAL_RIDE_4,18,0,450,SLASH,0,1,0,0,1,41,41,0,0,0,0,0,0,0,0,0,0,0,0,0,0,0,0,0,0,0,0,0,0,0,0,0,0,0,0,
19030102,ドラゴ(ピンク),19030102,1,0,0,ANIMAL_RIDE_4,18,0,350,SLASH,0,1,0,0,1,41,41,0,0,0,0,0,0,0,0,0,0,0,0,0,0,0,0,0,0,0,0,0,0,0,0,0,0,0,0,
19030103,ドラゴ(紫),19030103,1,0,0,ANIMAL_RIDE_4,18,0,350,SLASH,0,1,0,0,1,41,41,0,0,0,0,0,0,0,0,0,0,0,0,0,0,0,0,0,0,0,0,0,0,0,0,0,0,0,0,
19030104,ドラゴ(橙色),19030104,1,0,0,ANIMAL_RIDE_4,18,0,290,SLASH,0,1,0,0,1,41,41,0,0,0,0,0,0,0,0,0,0,0,0,0,0,0,0,0,0,0,0,0,0,0,0,0,0,0,0,
#7月くじ,
17500000,御魂?フォルテ,17500000,1,0,0,HUMAN_210,17,0,450,BLOW,0,1,1,100,1,41,41,0,0,0,0,0,0,0,0,0,0,0,0,0,0,0,0,0,0,30319,30320,30321,30322,0,0,0,0,0,0,
17510000,きらめく人~?ロ`レライ,17510000,1,0,0,HUMAN_211,16,0,450,BLOW,0,1,1,100,1,40,40,0,0,0,0,0,0,0,0,0,0,0,0,0,0,0,0,0,0,30323,30324,30325,30326,0,0,0,0,0,0,
17520000,神秘の,17520000,1,0,0,MAGIC_CREATURE_RIDE_4,18,0,450,BLOW,0,1,1,100,1,41,41,0,0,0,0,0,0,0,0,0,0,0,0,0,0,0,0,0,0,0,0,0,0,0,0,0,0,0,0,
#波教,
17430000,荒木光太郎,17430000,1,0,0,HUMAN_209,3,0,450,BLOW,0,1,1,100,1,41,41,0,0,0,0,0,0,0,0,0,0,0,0,0,0,0,0,0,0,30314,30315,30316,30317,30318,0,0,0,0,0,
#パズドラ,
17440000,フェアリオン,17440000,1,0,0,MAGIC_CREATURE_205,7,1,450,BLOW,0,1,1,100,1,40,40,0,0,0,0,0,0,0,0,0,0,0,0,0,0,0,0,0,0,30311,30312,30068,30130,30313,0,0,0,0,0,
17450000,プリンセスヴァルキリ`,17450000,1,0,0,HUMAN_206,3,0,450,SLASH,0,1,1,100,1,41,41,0,0,0,0,0,0,0,0,0,0,0,0,0,0,0,0,0,0,30337,30338,30339,30340,30341,30027,30068,0,0,0,
#タイニ`vB,
20250000,タイニ`ゼロ,20250000,1,0,0,MAGIC_CREATURE_212,8,0,400,BLOW,0,1,1,100,1,41,41,0,0,0,0,0,0,0,0,0,0,0,0,0,0,0,0,0,0,30330,30331,30332,30333,30334,30335,0,0,0,0,
17460000,タイニ`ゼロ?アルマ,17460000,1,0,0,HUMAN_213,13,0,400,BLOW,0,1,1,100,1,41,41,0,0,0,0,0,0,0,0,0,0,0,0,0,0,0,0,0,0,30330,30331,30332,30333,30334,30335,0,0,0,0,
17460001,タイニ`ゼロ?アルマ＋,17460001,1,0,0,HUMAN_214,13,0,400,BLOW,0,1,1,100,1,41,41,0,0,0,0,0,0,0,0,0,0,0,0,0,0,0,0,0,0,30330,30331,30332,30333,30334,30335,0,0,0,0,
17790000,タイニ`ゼロ（Mary）,17790000,1,0,0,HUMAN_231,13,0,400,BLOW,0,1,1,100,1,41,41,0,0,0,0,0,0,0,0,0,0,0,0,0,0,0,0,0,0,30330,30331,30332,30333,30334,30335,30407,30408,0,0,
#8月くじ,
17540000,御魂?エリ`ゼ,17540000,1,208,0,HUMAN_215,17,0,450,STAB,0,1,2,80,1,41,41,0,0,0,0,0,0,0,0,0,0,0,0,0,0,0,0,0,0,30342,30343,30344,30345,0,0,0,0,0,0,
17550000,ハンプティ?ダンプティ,17550000,1,0,0,MAGIC_CREATURE_RIDE_4,18,0,450,BLOW,0,1,1,100,1,41,41,0,0,0,0,0,0,0,0,0,0,0,0,0,0,0,0,0,0,0,0,0,0,0,0,0,0,0,0,
17560000,r空の迷子?パラケルスス,17560000,1,0,0,HUMAN_216,16,0,450,SLASH,0,1,1,100,1,40,40,0,0,0,0,0,0,0,0,0,0,0,0,0,0,0,0,0,0,30346,30347,30348,30349,0,0,0,0,0,0,
#ドミニオン世界,
17580000,リ`ン,17580000,1,0,0,MACHINE_226,5,0,450,STAB,0,1,1,100,1,41,41,0,0,0,0,0,0,0,0,0,0,0,0,0,0,0,0,0,0,30354,30355,30356,30357,0,0,0,0,0,0,
#9月くじ,
17600000,御魂?アリア,17600000,1,0,0,HUMAN_218,17,0,450,STAB,1,6,1,100,1,41,41,0,0,0,0,0,0,0,0,0,0,0,0,0,0,0,0,0,0,30359,30360,30361,30362,30363,0,0,0,0,0,
17610000,搭\型パワ`ドス`ツ,17610000,1,0,0,MACHINE_RIDE_4,18,0,450,BLOW,0,1,1,100,1,41,41,0,0,0,0,0,0,0,0,0,0,0,0,0,0,0,0,0,0,0,0,0,0,0,0,0,0,0,0,
17620000,礼装の士?ワ`ウルフ,17620000,1,0,0,HUMAN_219,16,0,450,SLASH,0,1,1,100,1,40,40,0,0,0,0,0,0,0,0,0,0,0,0,0,0,0,0,0,0,30358,30364,30222,30365,30223,0,0,0,0,0,
17630000,舞踏会のR,17630000,1,0,0,MAGIC_CREATURE_RIDE_4,18,0,450,BLOW,0,1,1,100,1,41,41,0,0,0,0,0,0,0,0,0,0,0,0,0,0,0,0,0,0,0,0,0,0,0,0,0,0,0,0,
#10月くじ,
17640000,御魂?ナナイ,17640000,0.99,0,0,HUMAN_220,17,0,450,STAB,1,2,1,100,1,41,41,0,0,0,0,0,0,0,0,0,0,0,0,0,0,0,0,0,0,30366,30367,30368,30369,30370,30371,0,0,0,0,
17650000,レイミ,17650000,1,0,0,ANIMAL_221,7,0,450,BLOW,0,1,1,100,1,41,41,0,0,0,0,0,0,0,0,0,0,0,0,0,0,0,0,0,0,30376,30377,30378,30379,30380,0,0,0,0,0,
17660000,小魔少女?メフィスト,17660000,1,0,0,HUMAN_222,16,0,450,BLOW,0,1,1,100,1,40,40,0,0,0,0,0,0,0,0,0,0,0,0,0,0,0,0,0,0,30232,30372,30373,30374,30375,0,0,0,0,0,
17670000,小魔バル`ン,17670000,1,0,0,MAGIC_CREATURE_RIDE_4,18,0,450,BLOW,0,1,1,100,1,41,41,0,0,0,0,0,0,0,0,0,0,0,0,0,0,0,0,0,0,0,0,0,0,0,0,0,0,0,0,
#,
17680000,い冒者?アルティ,17680000,1,0,0,HUMAN_223,17,0,450,BLOW,0,1,1,100,1,41,41,0,0,0,0,0,0,0,0,0,0,0,0,0,0,0,0,0,0,30397,30398,30399,30400,30401,0,0,0,0,0,
17680001,みんなの冶屋?アルティ,17680001,1,0,0,HUMAN_223,17,0,450,BLOW,0,1,1,100,1,41,41,0,0,0,0,0,0,0,0,0,0,0,0,0,0,0,0,0,0,30397,30398,30399,30400,30401,0,0,0,0,0,
17680002,メルティ,17680002,1,0,0,HUMAN_224,3,0,450,BLOW,0,1,1,100,1,41,41,0,0,0,0,0,0,0,0,0,0,0,0,0,0,0,0,0,0,30402,30403,30404,30405,30406,0,0,0,0,0,
17690000,ファントム?アルマ,17690000,1,0,0,HUMAN_225,13,0,400,BLOW,0,1,1,100,1,41,41,0,0,0,0,0,0,0,0,0,0,0,0,0,0,0,0,0,0,30392,30393,30394,30395,30396,0,0,0,0,0,
#11月くじ,
17710000,御魂?リ`リエ,17710000,1,0,0,HUMAN_227,17,0,450,STAB,1,5,1,100,1,41,41,0,0,0,0,0,0,0,0,0,0,0,0,0,0,0,0,0,0,30381,30382,30383,30384,30385,30386,0,0,0,0,
17720000,ユニコ`ン,17720000,1,0,0,ANIMAL_RIDE_4,18,0,450,BLOW,0,1,0,0,1,41,41,0,0,0,0,0,0,0,0,0,0,0,0,0,0,0,0,0,0,0,0,0,0,0,0,0,0,0,0,
17730000,小さな魔王?ルチフェロ,17730000,1,0,0,HUMAN_228,16,0,450,SLASH,0,1,1,100,1,40,40,0,0,0,0,0,0,0,0,0,0,0,0,0,0,0,0,0,0,30387,30388,30389,30390,30391,0,0,0,0,0,
#12月くじ,
17750000,御魂?ヒスイ,17750000,1,0,0,HUMAN_229,17,0,450,BLOW,0,1,1,100,1,41,41,0,0,0,0,0,0,0,0,0,0,0,0,0,0,0,0,0,0,30409,30410,30411,30412,30413,30414,0,0,0,0,
17760000,路面,17760000,1,0,0,MACHINE_RIDE_4,18,0,450,BLOW,0,1,0,0,1,41,41,0,0,0,0,0,0,0,0,0,0,0,0,0,0,0,0,0,0,0,0,0,0,0,0,0,0,0,0,
17770000,}夜の天使?ステラ,17770000,1,0,0,HUMAN_230,16,0,450,BLOW,0,1,1,100,1,40,40,0,0,0,0,0,0,0,0,0,0,0,0,0,0,0,0,0,0,30415,30416,30417,30418,30419,30420,0,0,0,0,
17780000,イルミネ`ショントラック,17780000,1,0,0,MACHINE_RIDE_4,18,0,450,BLOW,0,1,0,0,1,41,41,0,0,0,0,0,0,0,0,0,0,0,0,0,0,0,0,0,0,0,0,0,0,0,0,0,0,0,0,
#2015年1月くじ,
17800000,ブリキングＲＸ１?アルマ,17800000,1,0,0,HUMAN_232,13,0,450,BLOW,0,1,1,100,1,41,41,0,0,0,0,0,0,0,0,0,0,0,0,0,0,0,0,0,0,30421,30422,30423,30424,30425,30426,0,0,0,0,
17810000,ブリキングＲＸ１,17810000,1,0,0,MACHINE_RIDE_4,18,0,450,BLOW,0,1,0,0,1,41,41,0,0,0,0,0,0,0,0,0,0,0,0,0,0,0,0,0,0,30421,30422,30423,30424,30425,30426,0,0,0,0,
17820000,ス`パ`ブリキングＲＸ１,17820000,1,0,0,MACHINE_RIDE_4,18,0,450,BLOW,0,1,0,0,1,41,41,0,0,0,0,0,0,0,0,0,0,0,0,0,0,0,0,0,0,0,0,0,0,0,0,0,0,0,0,
