#ITEMID,NAME,PICTID,??? X,??? Y,scale,ＥＶＥＮＴＩＤ,? ???,?? ID,??,??,??,??? ??,??,??? ??,??,??,??,??,??,??,??,??,??,??,??,??,??,??,??,??,???(0~255) ? ?? 0 ??? ?? ?????? ??? ???,

#20000100,0,0,0,0,0,0,0,0,0,0,0,0,0,0,0,0,0,0,0,0,0,0,0,0,0,0,0,0,0,0,0,
#20000200,0,0,0,0,0,0,0,0,0,0,0,0,0,0,0,0,0,0,0,0,0,0,0,0,0,0,0,0,0,0,0,
#20000300,0,0,0,0,0,0,0,0,0,0,0,0,0,0,0,0,0,0,0,0,0,0,0,0,0,0,0,0,0,0,0,
30000000,阿高普路斯小屋,40000000,0,0,0,30000000,0,75000000,0,0,0,0,0,0,0,0,0,0,0,0,0,0,0,0,0,0,0,0,0,0,0,
30000100,冷冻小屋,40000100,0,0,0,30000100,0,75000000,0,0,0,0,0,0,0,0,0,0,0,0,0,0,0,0,0,0,0,0,0,0,0,
30000200,摩根小屋,40000200,0,0,0,30000200,0,75000000,0,0,0,0,0,0,0,0,0,0,0,0,0,0,0,0,0,0,0,0,0,0,0,
30000300,阿伊恩萨乌斯小屋,40000300,0,0,0,30000300,0,75000000,0,0,0,0,0,0,0,0,0,0,0,0,0,0,0,0,0,0,0,0,0,0,0,
30000400,诺顿小屋,40000400,0,0,0,30000400,0,75000000,0,0,0,0,0,0,0,0,0,0,0,0,0,0,0,0,0,0,0,0,0,0,0,
30000500,东洋小屋,40000500,0,0,0,30000500,0,75000000,0,0,0,0,0,0,0,0,0,0,0,0,0,0,0,0,0,0,0,0,0,0,0,
30000600,泰迪小屋,40000600,0,0,0,30000600,0,75000000,0,0,0,0,0,0,0,0,0,0,0,0,0,0,0,0,0,0,0,0,0,0,0,
30000700,伊戈路小屋,40000700,0,0,0,30000700,0,75000000,0,0,0,0,0,0,0,0,0,0,0,0,0,0,0,0,0,0,0,0,0,0,0,
30000800,宝石小屋,40000800,0,0,0,30000800,0,75000000,0,0,0,0,0,0,0,0,0,0,0,0,0,0,0,0,0,0,0,0,0,0,0,
30000900,城堡,40000900,0,0,0,30000900,0,75000000,0,0,0,0,0,0,0,0,0,0,0,0,0,0,0,0,0,0,0,0,0,0,0,
30001000,魔法小屋,40001000,0,0,0,30001000,0,75000000,0,0,0,0,0,0,0,0,0,0,0,0,0,0,0,0,0,0,0,0,0,0,0,
30001100,旅行者小屋,40001100,0,0,0,30001100,0,75000000,0,0,0,0,0,0,0,0,0,0,0,0,0,0,0,0,0,0,0,0,0,0,0,
30001200,小屋,40001200,0,0,0,30001200,0,75100000,0,0,0,0,0,0,0,0,0,0,0,0,0,0,0,0,0,0,0,0,0,0,0,
30001300,思丽羊小屋,40001300,0,0,0,30001300,0,75000000,0,0,0,0,0,0,0,0,0,0,0,0,0,0,0,0,0,0,0,0,0,0,0,
30010050,飞空庭基本甲板,40010050,1,1,1,30010050,0,0,0,0,0,1,1,0,0,0,0,0,0,0,0,0,0,0,0,0,0,0,0,0,0,
30010051,柚木板子黏合,40010051,1,1,1,30010051,0,0,0,0,0,1,1,0,0,0,0,0,0,0,0,0,0,0,0,0,0,0,0,0,0,
30010052,柚木凑合物,40010052,1,1,1,30010052,0,0,0,0,0,1,1,0,0,0,0,0,0,0,0,0,0,0,0,0,0,0,0,0,0,
30010053,土地,40010053,1,1,1,30010053,0,0,0,0,0,1,1,0,0,0,0,0,0,0,0,0,0,0,0,0,0,0,0,0,0,
30010054,草皮块,40010054,1,1,1,30010054,0,0,0,0,0,1,1,0,0,0,0,0,0,0,0,0,0,0,0,0,0,0,0,0,0,
30010055,石砖,40010055,1,1,1,30010055,0,0,0,0,0,1,1,0,0,0,0,0,0,0,0,0,0,0,0,0,0,0,0,0,0,
30010056,混凝土,40010056,1,1,1,30010056,0,0,0,0,0,1,1,0,0,0,0,0,0,0,0,0,0,0,0,0,0,0,0,0,0,
30010057,亚麻油地毡,40010057,1,1,1,30010057,0,0,0,0,0,1,1,0,0,0,0,0,0,0,0,0,0,0,0,0,0,0,0,0,0,
30010058,雪田地板,40010058,1,1,1,30010058,0,0,0,0,0,1,1,0,0,0,0,0,0,0,0,0,0,0,0,0,0,0,0,0,0,
30040000,古典风壁纸,40040000,1,1,1,30040000,0,0,0,0,0,1,1,0,0,0,0,0,0,0,0,0,0,0,0,0,0,0,0,0,0,
30040001,乡村风壁纸,40040001,1,1,1,30040001,0,0,0,0,0,1,1,0,0,0,0,0,0,0,0,0,0,0,0,0,0,0,0,0,0,
30040002,诺尔曼风格壁纸,40040002,1,1,1,30040002,0,0,0,0,0,1,1,0,0,0,0,0,0,0,0,0,0,0,0,0,0,0,0,0,0,
30040003,美娜墙纸,40040003,1,1,1,30040003,0,0,0,0,0,1,1,0,0,0,0,0,0,0,0,0,0,0,0,0,0,0,0,0,0,
30040004,帅气的壁纸,40040004,1,1,1,30040004,0,0,0,0,0,1,1,0,0,0,0,0,0,0,0,0,0,0,0,0,0,0,0,0,0,
30040005,可爱的壁纸,40040005,1,1,1,30040005,0,0,0,0,0,1,1,0,0,0,0,0,0,0,0,0,0,0,0,0,0,0,0,0,0,
30040006,抽象风格壁纸,40040006,1,1,1,30040006,0,0,0,0,0,1,1,0,0,0,0,0,0,0,0,0,0,0,0,0,0,0,0,0,0,
30040007,砖纹墙纸,40040007,1,1,1,30040007,0,0,0,0,0,1,1,0,0,0,0,0,0,0,0,0,0,0,0,0,0,0,0,0,0,
30040008,木纹墙纸,40040008,1,1,1,30040008,0,0,0,0,0,1,1,0,0,0,0,0,0,0,0,0,0,0,0,0,0,0,0,0,0,
30040010,高级和风墙纸,40040010,1,1,1,30040010,0,0,0,0,0,1,1,0,0,0,0,0,0,0,0,0,0,0,0,0,0,0,0,0,0,
30040011,飘雪墙纸,40040011,1,1,1,30040011,0,0,0,0,0,1,1,0,0,0,0,0,0,0,0,0,0,0,0,0,0,0,0,0,0,
30050100,古典风地板,40050100,1,1,1,30050000,0,0,0,0,0,1,1,1,0,0,0,0,0,0,0,0,0,0,0,0,0,0,0,0,0,
30050101,乡村风地板,40050101,1,1,1,30050001,0,0,0,0,0,1,1,1,0,0,0,0,0,0,0,0,0,0,0,0,0,0,0,0,0,
30050102,普通地板,40050102,1,1,1,30050002,0,0,0,0,0,1,1,1,0,0,0,0,0,0,0,0,0,0,0,0,0,0,0,0,0,
30050103,金属风格地板,40050103,1,1,1,30050003,0,0,0,0,0,1,1,1,0,0,0,0,0,0,0,0,0,0,0,0,0,0,0,0,0,
30050104,酷酷的地板,40050104,1,1,1,30050004,0,0,0,0,0,1,1,1,0,0,0,0,0,0,0,0,0,0,0,0,0,0,0,0,0,
30050105,可爱的砖纹地板,40050105,1,1,1,30050005,0,0,0,0,0,1,1,1,0,0,0,0,0,0,0,0,0,0,0,0,0,0,0,0,0,
30050106,别致的地板,40050106,1,1,1,30050006,0,0,0,0,0,1,1,1,0,0,0,0,0,0,0,0,0,0,0,0,0,0,0,0,0,
30050107,大理石地板,40050107,1,1,1,30050007,0,0,0,0,0,1,1,1,0,0,0,0,0,0,0,0,0,0,0,0,0,0,0,0,0,
30050108,木纹地板,40050108,1,1,1,30050008,0,0,0,0,0,1,1,1,0,0,0,0,0,0,0,0,0,0,0,0,0,0,0,0,0,
30050110,高级和风地板,40050110,1,1,1,30050110,0,0,0,0,0,1,1,1,0,0,0,0,0,0,0,0,0,0,0,0,0,0,0,0,0,
30050111,圣诞夜地板,40050111,1,1,1,30050111,0,0,0,0,0,1,1,1,0,0,0,0,0,0,0,0,0,0,0,0,0,0,0,0,0,
30050112,雪地板,40050112,1,1,1,30050112,0,0,0,0,0,1,1,1,0,0,0,0,0,0,0,0,0,0,0,0,0,0,0,0,0,
30060000,飞翔帆推进器,40060000,1,1,1,30060000,0,0,0,0,0,1,1,0,0,0,0,0,0,0,0,0,0,0,0,0,0,0,0,0,0,
30060100,火箭飞翔帆,40060100,1,1,1,30060100,0,0,0,0,0,1,1,0,0,0,0,0,0,0,0,0,0,0,0,0,0,0,0,0,0,
30060200,翅膀飞翔帆,40060200,1,1,1,30060200,0,0,0,0,0,1,1,0,0,0,0,0,0,0,0,0,0,0,0,0,0,0,0,0,0,
31070000,营火,41070000,1,1,1,31070000,0,0,0,0,0,1,1,1,0,0,0,0,0,0,0,0,0,0,0,0,0,0,0,0,0,
31070001,灰色营火,41070001,1,1,1,31070000,0,0,0,0,0,1,1,1,0,0,0,0,0,0,0,0,0,0,0,0,0,0,0,0,0,
31070002,绿色营火,41070002,1,1,1,31070000,0,0,0,0,0,1,1,1,0,0,0,0,0,0,0,0,0,0,0,0,0,0,0,0,0,
31070100,瓦斯灯,41070100,1,1,1,31070000,0,0,0,0,0,1,1,0,0,0,0,0,0,0,0,0,0,0,0,0,0,0,0,0,0,
31070101,红色瓦斯灯,41070101,1,1,1,31070000,0,0,0,0,0,1,1,0,0,0,0,0,0,0,0,0,0,0,0,0,0,0,0,0,0,
31070102,黑色瓦斯灯,41070102,1,1,1,31070000,0,0,0,0,0,1,1,0,0,0,0,0,0,0,0,0,0,0,0,0,0,0,0,0,0,
31070200,华丽的煤油灯,41070200,1,1,1,31070000,0,0,0,0,0,1,1,0,0,0,0,0,0,0,0,0,0,0,0,0,0,0,0,0,0,
31070201,华丽的银色瓦斯灯,41070201,1,1,1,31070000,0,0,0,0,0,1,1,0,0,0,0,0,0,0,0,0,0,0,0,0,0,0,0,0,0,
31070202,华丽的棕色瓦斯灯,41070202,1,1,1,31070000,0,0,0,0,0,1,1,0,0,0,0,0,0,0,0,0,0,0,0,0,0,0,0,0,0,
31070300,电灯,41070300,1,1,1,31070000,0,0,0,0,0,1,1,0,0,0,0,0,0,0,0,0,0,0,0,0,0,0,0,0,0,
31070301,银色电灯,41070301,1,1,1,31070000,0,0,0,0,0,1,1,0,0,0,0,0,0,0,0,0,0,0,0,0,0,0,0,0,0,
31070302,棕色电灯,41070302,1,1,1,31070000,0,0,0,0,0,1,1,0,0,0,0,0,0,0,0,0,0,0,0,0,0,0,0,0,0,
31080000,原木桌,41080000,1,1,1,31080000,0,0,0,0,0,1,0,0,0,0,0,0,0,0,0,0,0,0,0,0,0,0,0,0,0,
31080001,红色原木桌,41080001,1,1,1,31080000,0,0,0,0,0,1,0,0,0,0,0,0,0,0,0,0,0,0,0,0,0,0,0,0,0,
31080002,绿色原木桌,41080002,1,1,1,31080000,0,0,0,0,0,1,0,0,0,0,0,0,0,0,0,0,0,0,0,0,0,0,0,0,0,
31080100,木桌,41080100,1,1,1,31080000,0,0,0,0,0,1,0,0,0,0,0,0,0,0,0,0,0,0,0,0,0,0,0,0,0,
31080101,蓝色木桌,41080101,1,1,1,31080000,0,0,0,0,0,1,0,0,0,0,0,0,0,0,0,0,0,0,0,0,0,0,0,0,0,
31080102,红色木桌,41080102,1,1,1,31080000,0,0,0,0,0,1,0,0,0,0,0,0,0,0,0,0,0,0,0,0,0,0,0,0,0,
31080200,野餐桌子,41080200,1,1,1,31080000,0,0,0,0,0,1,0,0,0,0,0,0,0,0,0,0,0,0,0,0,0,0,0,0,0,
31080201,流行野餐桌子,41080201,1,1,1,31080000,0,0,0,0,0,1,0,0,0,0,0,0,0,0,0,0,0,0,0,0,0,0,0,0,0,
31080202,漂亮野餐桌子,41080202,1,1,1,31080000,0,0,0,0,0,1,0,0,0,0,0,0,0,0,0,0,0,0,0,0,0,0,0,0,0,
31080300,矮桌,41080300,1,1,1,31080000,0,0,0,0,0,1,0,0,0,0,0,0,0,0,0,0,0,0,0,0,0,0,0,0,0,
31080301,绿色矮桌,41080301,1,1,1,31080000,0,0,0,0,0,1,0,0,0,0,0,0,0,0,0,0,0,0,0,0,0,0,0,0,0,
31080302,棕色矮桌,41080302,1,1,1,31080000,0,0,0,0,0,1,0,0,0,0,0,0,0,0,0,0,0,0,0,0,0,0,0,0,0,
31080400,精致桌子,41080400,1,1,1,31080000,0,0,0,0,0,1,0,0,0,0,0,0,0,0,0,0,0,0,0,0,0,0,0,0,0,
31080401,精致蓝桌子,41080401,1,1,1,31080000,0,0,0,0,0,1,0,0,0,0,0,0,0,0,0,0,0,0,0,0,0,0,0,0,0,
31080402,泰迪精致桌子,41080402,1,1,1,31080000,0,0,0,0,0,1,0,0,0,0,0,0,0,0,0,0,0,0,0,0,0,0,0,0,0,
31080500,蘑菇桌,41080500,1,1,1,31080000,0,0,0,0,0,1,0,0,0,0,0,0,0,0,0,0,0,0,0,0,0,0,0,0,0,
31080600,暖桌,41080600,1,1,1,31080000,0,0,0,0,0,1,0,0,0,0,0,0,0,0,0,0,0,0,0,0,0,0,0,0,0,
31080700,圣诞桌套装,41080700,1,1,1,31080000,0,0,0,0,0,1,0,0,0,0,0,0,0,0,0,0,0,0,0,0,0,0,0,0,0,
31130000,小地毯,41130000,1,1,1,31080000,0,0,0,0,0,3,1,1,0,0,0,0,0,0,0,0,0,0,0,0,0,0,0,0,0,
31130001,小地毯（华丽）,41130001,1,1,1,31080000,0,0,0,0,0,3,1,1,0,0,0,0,0,0,0,0,0,0,0,0,0,0,0,0,0,
31130002,小地毯（叶）,41130002,1,1,1,31080000,0,0,0,0,0,3,1,1,0,0,0,0,0,0,0,0,0,0,0,0,0,0,0,0,0,
31130003,小地毯（花）,41130003,1,1,1,31080000,0,0,0,0,0,3,1,1,0,0,0,0,0,0,0,0,0,0,0,0,0,0,0,0,0,
31130004,小地毯（咕咕?）,41130004,1,1,1,31080000,0,0,0,0,0,3,1,1,0,0,0,0,0,0,0,0,0,0,0,0,0,0,0,0,0,
31130005,小地毯（粉红）,41130005,1,1,1,31080000,0,0,0,0,0,3,1,1,0,0,0,0,0,0,0,0,0,0,0,0,0,0,0,0,0,
31130006,小地毯（蓝天）,41130006,1,1,1,31080000,0,0,0,0,0,3,1,1,0,0,0,0,0,0,0,0,0,0,0,0,0,0,0,0,0,
31130007,小地毯（椭圆）,41130007,1,1,1,31080000,0,0,0,0,0,3,1,1,0,0,0,0,0,0,0,0,0,0,0,0,0,0,0,0,0,
31130008,小地毯（剑士）,41130008,1,1,1,31080000,0,0,0,0,0,3,1,1,0,0,0,0,0,0,0,0,0,0,0,0,0,0,0,0,0,
31130009,小地毯（骑士）,41130009,1,1,1,31080000,0,0,0,0,0,3,1,1,0,0,0,0,0,0,0,0,0,0,0,0,0,0,0,0,0,
31130010,小地毯（刺客）,41130010,1,1,1,31080000,0,0,0,0,0,3,1,1,0,0,0,0,0,0,0,0,0,0,0,0,0,0,0,0,0,
31130011,小地毯(弓手),41130011,1,1,1,31080000,0,0,0,0,0,3,1,1,0,0,0,0,0,0,0,0,0,0,0,0,0,0,0,0,0,
31130012,小地毯(魔法系),41130012,1,1,1,31080000,0,0,0,0,0,3,1,1,0,0,0,0,0,0,0,0,0,0,0,0,0,0,0,0,0,
31130013,小地毯（矿工）,41130013,1,1,1,31080000,0,0,0,0,0,3,1,1,0,0,0,0,0,0,0,0,0,0,0,0,0,0,0,0,0,
31130014,小地毯（机械师）（未使用）,41130014,1,1,1,31080000,0,0,0,0,0,3,1,1,0,0,0,0,0,0,0,0,0,0,0,0,0,0,0,0,0,
31130015,小地毯（农夫）,41130015,1,1,1,31080000,0,0,0,0,0,3,1,1,0,0,0,0,0,0,0,0,0,0,0,0,0,0,0,0,0,
31130016,小地毯（链金术师）,41130016,1,1,1,31080000,0,0,0,0,0,3,1,1,0,0,0,0,0,0,0,0,0,0,0,0,0,0,0,0,0,
31130017,小地毯（木偶使）（未使用）,41130017,1,1,1,31080000,0,0,0,0,0,3,1,1,0,0,0,0,0,0,0,0,0,0,0,0,0,0,0,0,0,
31130018,小地毯（冒险家）（未使用）,41130018,1,1,1,31080000,0,0,0,0,0,3,1,1,0,0,0,0,0,0,0,0,0,0,0,0,0,0,0,0,0,
31130019,小地毯（商人）,41130019,1,1,1,31080000,0,0,0,0,0,3,1,1,0,0,0,0,0,0,0,0,0,0,0,0,0,0,0,0,0,
31130020,小地毯（混城骑士团）,41130020,1,1,1,31080000,0,0,0,0,0,3,1,1,0,0,0,0,0,0,0,0,0,0,0,0,0,0,0,0,0,
31130021,小地毯（蓝蔷薇纹章）,41130021,1,1,1,31080000,0,0,0,0,0,3,1,1,0,0,0,0,0,0,0,0,0,0,0,0,0,0,0,0,0,
31130022,小地毯（剑纹章）,41130022,1,1,1,31080000,0,0,0,0,0,3,1,1,0,0,0,0,0,0,0,0,0,0,0,0,0,0,0,0,0,
31130023,小地毯（复活的绿色纹章）,41130023,1,1,1,31080000,0,0,0,0,0,3,1,1,0,0,0,0,0,0,0,0,0,0,0,0,0,0,0,0,0,
31130100,大地毯,41130100,1,1,1,31080000,0,0,0,0,0,3,1,1,0,0,0,0,0,0,0,0,0,0,0,0,0,0,0,0,0,
31130101,大地毯(华丽),41130101,1,1,1,31080000,0,0,0,0,0,3,1,1,0,0,0,0,0,0,0,0,0,0,0,0,0,0,0,0,0,
31130102,大地毯（叶）,41130102,1,1,1,31080000,0,0,0,0,0,3,1,1,0,0,0,0,0,0,0,0,0,0,0,0,0,0,0,0,0,
31130103,大地毯（花）,41130103,1,1,1,31080000,0,0,0,0,0,3,1,1,0,0,0,0,0,0,0,0,0,0,0,0,0,0,0,0,0,
31130104,大地毯(蓝天）,41130104,1,1,1,31080000,0,0,0,0,0,3,1,1,0,0,0,0,0,0,0,0,0,0,0,0,0,0,0,0,0,
31130105,大地毯（咕噜）,41130105,1,1,1,31080000,0,0,0,0,0,3,1,1,0,0,0,0,0,0,0,0,0,0,0,0,0,0,0,0,0,
31130106,大地毯（椭圆）,41130106,1,1,1,31080000,0,0,0,0,0,3,1,1,0,0,0,0,0,0,0,0,0,0,0,0,0,0,0,0,0,
31130107,迷你地毯,41130107,1,1,1,31080000,0,0,0,0,0,3,1,1,0,0,0,0,0,0,0,0,0,0,0,0,0,0,0,0,0,
31130200,挂毯,41130200,1,1,1,31080000,0,0,0,0,0,0,1,1,0,0,0,0,0,0,0,0,0,0,0,0,0,0,0,0,0,
31130201,挂毯（咕咕鸡）,41130201,1,1,1,31080000,0,0,0,0,0,0,1,1,0,0,0,0,0,0,0,0,0,0,0,0,0,0,0,0,0,
31130202,挂毯（泰迪）,41130202,1,1,1,31080000,0,0,0,0,0,0,1,1,0,0,0,0,0,0,0,0,0,0,0,0,0,0,0,0,0,
31130203,挂毯（皇冠）,41130203,1,1,1,31080000,0,0,0,0,0,0,1,1,0,0,0,0,0,0,0,0,0,0,0,0,0,0,0,0,0,
31130204,挂毯（天使）,41130204,1,1,1,31080000,0,0,0,0,0,0,1,1,0,0,0,0,0,0,0,0,0,0,0,0,0,0,0,0,0,
31130205,挂毯（火花）,41130205,1,1,1,31080000,0,0,0,0,0,0,1,1,0,0,0,0,0,0,0,0,0,0,0,0,0,0,0,0,0,
31130206,挂毯（骷髅骨）,41130206,1,1,1,31080000,0,0,0,0,0,0,1,1,0,0,0,0,0,0,0,0,0,0,0,0,0,0,0,0,0,
31130207,挂毯（蕾丝）,41130207,1,1,1,31080000,0,0,0,0,0,0,1,1,0,0,0,0,0,0,0,0,0,0,0,0,0,0,0,0,0,
31130208,挂毯（剑士）,41130208,1,1,1,31080000,0,0,0,0,0,0,1,1,0,0,0,0,0,0,0,0,0,0,0,0,0,0,0,0,0,
31130209,挂毯（骑士）,41130209,1,1,1,31080000,0,0,0,0,0,0,1,1,0,0,0,0,0,0,0,0,0,0,0,0,0,0,0,0,0,
31130210,挂毯（刺客）,41130210,1,1,1,31080000,0,0,0,0,0,0,1,1,0,0,0,0,0,0,0,0,0,0,0,0,0,0,0,0,0,
31130211,挂毯（弓手）,41130211,1,1,1,31080000,0,0,0,0,0,0,1,1,0,0,0,0,0,0,0,0,0,0,0,0,0,0,0,0,0,
31130212,挂毯(魔法系）,41130212,1,1,1,31080000,0,0,0,0,0,0,1,1,0,0,0,0,0,0,0,0,0,0,0,0,0,0,0,0,0,
31130213,挂毯（矿工）,41130213,1,1,1,31080000,0,0,0,0,0,0,1,1,0,0,0,0,0,0,0,0,0,0,0,0,0,0,0,0,0,
31130214,挂毯（机械师）,41130214,1,1,1,31080000,0,0,0,0,0,0,1,1,0,0,0,0,0,0,0,0,0,0,0,0,0,0,0,0,0,
31130215,挂毯（农夫）,41130215,1,1,1,31080000,0,0,0,0,0,0,1,1,0,0,0,0,0,0,0,0,0,0,0,0,0,0,0,0,0,
31130216,挂毯（链金术师）,41130216,1,1,1,31080000,0,0,0,0,0,0,1,1,0,0,0,0,0,0,0,0,0,0,0,0,0,0,0,0,0,
31130217,挂毯（木偶使）,41130217,1,1,1,31080000,0,0,0,0,0,0,1,1,0,0,0,0,0,0,0,0,0,0,0,0,0,0,0,0,0,
31130218,挂毯(冒险家),41130218,1,1,1,31080000,0,0,0,0,0,0,1,1,0,0,0,0,0,0,0,0,0,0,0,0,0,0,0,0,0,
31130219,挂毯（商人）,41130219,1,1,1,31080000,0,0,0,0,0,0,1,1,0,0,0,0,0,0,0,0,0,0,0,0,0,0,0,0,0,
31130220,挂毯（混城骑士团）,41130220,1,1,1,31080000,0,0,0,0,0,0,1,1,0,0,0,0,0,0,0,0,0,0,0,0,0,0,0,0,0,
31130221,挂毯（蓝蔷薇纹章）,41130221,1,1,1,31080000,0,0,0,0,0,0,1,1,0,0,0,0,0,0,0,0,0,0,0,0,0,0,0,0,0,
31130222,挂毯（剑纹章）,41130222,1,1,1,31080000,0,0,0,0,0,0,1,1,0,0,0,0,0,0,0,0,0,0,0,0,0,0,0,0,0,
31130223,挂毯（复活的绿色纹章）,41130223,1,1,1,31080000,0,0,0,0,0,0,1,1,0,0,0,0,0,0,0,0,0,0,0,0,0,0,0,0,0,
31130224,利甫尔挂毯,41130224,1,1,1,31080000,0,0,0,0,0,0,1,1,0,0,0,0,0,0,0,0,0,0,0,0,0,0,0,0,0,
31090000,原木椅,41090000,1,1,1,31080000,0,0,0,0,0,1,1,0,0,0,0,0,0,0,0,0,0,0,0,0,0,0,0,0,0,
31090001,红色原木椅,41090001,1,1,1,31080000,0,0,0,0,0,1,1,0,0,0,0,0,0,0,0,0,0,0,0,0,0,0,0,0,0,
31090002,蓝色原木椅,41090002,1,1,1,31080000,0,0,0,0,0,1,1,0,0,0,0,0,0,0,0,0,0,0,0,0,0,0,0,0,0,
31090100,木椅,41090100,1,1,1,31080000,0,0,0,0,0,1,1,0,0,0,0,0,0,0,0,0,0,0,0,0,0,0,0,0,0,
31090101,木椅（铁板）,41090101,1,1,1,31080000,0,0,0,0,0,1,1,0,0,0,0,0,0,0,0,0,0,0,0,0,0,0,0,0,0,
31090102,木椅（磁砖）,41090102,1,1,1,31080000,0,0,0,0,0,1,1,0,0,0,0,0,0,0,0,0,0,0,0,0,0,0,0,0,0,
31090200,野餐椅子,41090200,1,1,1,31080000,0,0,0,0,0,1,1,0,0,0,0,0,0,0,0,0,0,0,0,0,0,0,0,0,0,
31090201,野餐椅子（黑白）,41090201,1,1,1,31080000,0,0,0,0,0,1,1,0,0,0,0,0,0,0,0,0,0,0,0,0,0,0,0,0,0,
31090202,泰迪的野餐椅子,41090202,1,1,1,31080000,0,0,0,0,0,1,1,0,0,0,0,0,0,0,0,0,0,0,0,0,0,0,0,0,0,
31090300,安乐椅,41090300,1,1,1,31070000,0,0,0,0,0,1,1,0,0,0,0,0,0,0,0,0,0,0,0,0,0,0,0,0,0,
31090301,黑色安乐椅,41090301,1,1,1,31070000,0,0,0,0,0,1,1,0,0,0,0,0,0,0,0,0,0,0,0,0,0,0,0,0,0,
31090302,白色安乐椅,41090302,1,1,1,31070000,0,0,0,0,0,1,1,0,0,0,0,0,0,0,0,0,0,0,0,0,0,0,0,0,0,
31090400,优雅椅子,41090400,1,1,1,31080000,0,0,0,0,0,1,1,0,0,0,0,0,0,0,0,0,0,0,0,0,0,0,0,0,0,
31090401,?色的优雅椅子,41090401,1,1,1,31080000,0,0,0,0,0,1,1,0,0,0,0,0,0,0,0,0,0,0,0,0,0,0,0,0,0,
31090402,黑色的优雅椅子,41090402,1,1,1,31080000,0,0,0,0,0,1,1,0,0,0,0,0,0,0,0,0,0,0,0,0,0,0,0,0,0,
31090500,蘑菇椅,41090500,1,1,1,31080000,0,0,0,0,0,1,1,0,0,0,0,0,0,0,0,0,0,0,0,0,0,0,0,0,0,
31100000,花盆,41100000,1,1,1,31080000,0,0,0,0,0,1,1,0,0,0,0,0,0,0,0,0,0,0,0,0,0,0,0,0,0,
31100001,红色花盆,41100001,1,1,1,31080000,0,0,0,0,0,1,1,0,0,0,0,0,0,0,0,0,0,0,0,0,0,0,0,0,0,
31100002,?色花盆,41100002,1,1,1,31080000,0,0,0,0,0,1,1,0,0,0,0,0,0,0,0,0,0,0,0,0,0,0,0,0,0,
31100100,可爱花盆,41100100,1,1,1,31080000,0,0,0,0,0,1,1,0,0,0,0,0,0,0,0,0,0,0,0,0,0,0,0,0,0,
31100101,可爱的橙色花盆,41100101,1,1,1,31080000,0,0,0,0,0,1,1,0,0,0,0,0,0,0,0,0,0,0,0,0,0,0,0,0,0,
31100102,可爱的紫色花盆,41100102,1,1,1,31080000,0,0,0,0,0,1,1,0,0,0,0,0,0,0,0,0,0,0,0,0,0,0,0,0,0,
31100200,砖型花盆,41100200,1,1,1,31080000,0,0,0,0,0,1,1,0,0,0,0,0,0,0,0,0,0,0,0,0,0,0,0,0,0,
31100201,红色砖型花盆,41100201,1,1,1,31080000,0,0,0,0,0,1,1,0,0,0,0,0,0,0,0,0,0,0,0,0,0,0,0,0,0,
31100202,?色砖型花盆,41100202,1,1,1,31080000,0,0,0,0,0,1,1,0,0,0,0,0,0,0,0,0,0,0,0,0,0,0,0,0,0,
31100300,白色花圃,41100300,1,1,1,31080000,0,0,0,0,0,1,0,0,0,0,0,0,0,0,0,0,0,0,0,0,0,0,0,0,0,
31100301,红色花圃,41100301,1,1,1,31080000,0,0,0,0,0,1,0,0,0,0,0,0,0,0,0,0,0,0,0,0,0,0,0,0,0,
31100302,紫色花圃,41100302,1,1,1,31080000,0,0,0,0,0,1,0,0,0,0,0,0,0,0,0,0,0,0,0,0,0,0,0,0,0,
31100303,蓝色花圃,41100303,1,1,1,31080000,0,0,0,0,0,1,0,0,0,0,0,0,0,0,0,0,0,0,0,0,0,0,0,0,0,
31100304,天蓝色花圃,41100304,1,1,1,31080000,0,0,0,0,0,1,0,0,0,0,0,0,0,0,0,0,0,0,0,0,0,0,0,0,0,
31100308,黄色花圃,41100308,1,1,1,31080000,0,0,0,0,0,1,0,0,0,0,0,0,0,0,0,0,0,0,0,0,0,0,0,0,0,
31100400,圆瓦砖花圃,41100400,1,1,1,31080000,0,0,0,0,0,1,0,0,0,0,0,0,0,0,0,0,0,0,0,0,0,0,0,0,0,
31100500,小瓦砖花圃,41100500,1,1,1,31080000,0,0,0,0,0,1,0,0,0,0,0,0,0,0,0,0,0,0,0,0,0,0,0,0,0,
31100600,瓦砖花圃,41100600,1,1,1,31080000,0,0,0,0,0,1,0,0,0,0,0,0,0,0,0,0,0,0,0,0,0,0,0,0,0,
31100700,唐卡花瓶,41100700,1,1,1,31080000,0,0,0,0,0,1,1,0,0,0,0,0,0,0,0,0,0,0,0,0,0,0,0,0,0,
31100800,阔叶植物,41100800,1,1,1,31080000,0,0,0,0,0,1,0,0,0,0,0,0,0,0,0,0,0,0,0,0,0,0,0,0,0,
31100900,大瓦砖花圃,41100900,1,1,1,31080000,0,0,0,0,0,1,0,0,0,0,0,0,0,0,0,0,0,0,0,0,0,0,0,0,0,
31101000,回忆里的樱花树,41101000,1,1,1,31070000,0,0,0,0,0,1,0,0,0,0,0,0,0,0,0,0,0,0,0,0,0,0,0,0,0,
31101100,传?中的树,41101100,1,1,1,31080000,0,0,0,0,0,1,0,0,0,0,0,0,0,0,0,0,0,0,0,0,0,0,0,0,0,
31110000,厚板篱笆,41110000,1,3,1,31080000,0,0,0,0,0,1,0,0,0,0,0,0,0,0,0,0,0,0,0,0,0,0,0,0,0,
31110001,白色厚板篱笆,41110001,1,3,1,31080000,0,0,0,0,0,1,0,0,0,0,0,0,0,0,0,0,0,0,0,0,0,0,0,0,0,
31110002,蓝色厚板篱笆,41110002,1,3,1,31080000,0,0,0,0,0,1,0,0,0,0,0,0,0,0,0,0,0,0,0,0,0,0,0,0,0,
31110100,木条篱笆,41110100,1,3,1,31080000,0,0,0,0,0,1,0,0,0,0,0,0,0,0,0,0,0,0,0,0,0,0,0,0,0,
31110101,红色木条篱笆,41110101,1,3,1,31080000,0,0,0,0,0,1,0,0,0,0,0,0,0,0,0,0,0,0,0,0,0,0,0,0,0,
31110102,白色木条篱笆,41110102,1,3,1,31080000,0,0,0,0,0,1,0,0,0,0,0,0,0,0,0,0,0,0,0,0,0,0,0,0,0,
31110200,讯号板,41110200,1,1,1,31080000,0,0,0,0,0,1,0,0,0,0,0,0,0,0,0,0,0,0,0,0,0,0,0,0,0,
31110201,讯号板（木）,41110201,1,1,1,31080000,0,0,0,0,0,1,0,0,0,0,0,0,0,0,0,0,0,0,0,0,0,0,0,0,0,
31110202,讯号板（铁）,41110202,1,1,1,31080000,0,0,0,0,0,1,0,0,0,0,0,0,0,0,0,0,0,0,0,0,0,0,0,0,0,
31110300,画架,41110300,1,1,1,31080000,0,0,0,0,0,1,1,0,0,0,0,0,0,0,0,0,0,0,0,0,0,0,0,0,0,
31110301,画架（铁）,41110301,1,1,1,31080000,0,0,0,0,0,1,1,0,0,0,0,0,0,0,0,0,0,0,0,0,0,0,0,0,0,
31110302,画架（木）,41110302,1,1,1,31080000,0,0,0,0,0,1,1,0,0,0,0,0,0,0,0,0,0,0,0,0,0,0,0,0,0,
31110400,圆拱门,41110400,1,3,1,31080000,0,0,0,0,0,0,0,0,0,0,0,0,0,0,0,0,0,0,0,0,0,0,0,0,0,
31110401,圆拱门(木),41110401,1,3,1,31080000,0,0,0,0,0,0,0,0,0,0,0,0,0,0,0,0,0,0,0,0,0,0,0,0,0,
31110402,圆拱门(石砖),41110402,1,3,1,31080000,0,0,0,0,0,0,0,0,0,0,0,0,0,0,0,0,0,0,0,0,0,0,0,0,0,
31110500,庭院阳伞,41110500,1,1,1,31080000,0,0,0,0,0,1,0,0,0,0,0,0,0,0,0,0,0,0,0,0,0,0,0,0,0,
31110501,庭院阳伞(高尚),41110501,1,1,1,31080000,0,0,0,0,0,1,0,0,0,0,0,0,0,0,0,0,0,0,0,0,0,0,0,0,0,
31110502,庭院阳伞（休闲）,41110502,1,1,1,31080000,0,0,0,0,0,1,0,0,0,0,0,0,0,0,0,0,0,0,0,0,0,0,0,0,0,
31110600,邮箱,41110600,1,1,1,31080000,0,0,0,0,0,1,0,0,0,0,0,0,0,0,0,0,0,0,0,0,0,0,0,0,0,
31110601,蓝色邮箱,41110601,1,1,1,31080000,0,0,0,0,0,1,0,0,0,0,0,0,0,0,0,0,0,0,0,0,0,0,0,0,0,
31110602,银色邮箱,41110602,1,1,1,31080000,0,0,0,0,0,1,0,0,0,0,0,0,0,0,0,0,0,0,0,0,0,0,0,0,0,
31110700,国旗（东军）,41110700,1,1,1,31080000,0,0,0,0,0,1,0,0,0,0,0,0,0,0,0,0,0,0,0,0,0,0,0,0,0,
31110701,国旗（西军）,41110701,1,1,1,31080000,0,0,0,0,0,1,0,0,0,0,0,0,0,0,0,0,0,0,0,0,0,0,0,0,0,
31110702,国旗（南军）,41110702,1,1,1,31080000,0,0,0,0,0,1,0,0,0,0,0,0,0,0,0,0,0,0,0,0,0,0,0,0,0,
31110703,国旗（北军）,41110703,1,1,1,31080000,0,0,0,0,0,1,0,0,0,0,0,0,0,0,0,0,0,0,0,0,0,0,0,0,0,
31110704,国旗,41110704,1,1,1,31080000,0,0,0,0,0,1,0,0,0,0,0,0,0,0,0,0,0,0,0,0,0,0,0,0,0,
31110705,帕斯特国旗,41110705,1,1,1,31080000,0,0,0,0,0,1,0,0,0,0,0,0,0,0,0,0,0,0,0,0,0,0,0,0,0,
31110706,摩哥国旗,41110706,1,1,1,31080000,0,0,0,0,0,1,0,0,0,0,0,0,0,0,0,0,0,0,0,0,0,0,0,0,0,
31110707,阿伊恩萨乌斯国旗,41110707,1,1,1,31080000,0,0,0,0,0,1,0,0,0,0,0,0,0,0,0,0,0,0,0,0,0,0,0,0,0,
31110708,诺顿国旗,41110708,1,1,1,31080000,0,0,0,0,0,1,0,0,0,0,0,0,0,0,0,0,0,0,0,0,0,0,0,0,0,
31110709,唐卡国旗,41110709,1,1,1,31080000,0,0,0,0,0,1,0,0,0,0,0,0,0,0,0,0,0,0,0,0,0,0,0,0,0,
31110800,剑士行会会旗,41110800,1,1,1,31080000,0,0,0,0,0,1,1,0,0,0,0,0,0,0,0,0,0,0,0,0,0,0,0,0,0,
31110801,骑士行会会旗,41110801,1,1,1,31080000,0,0,0,0,0,1,1,0,0,0,0,0,0,0,0,0,0,0,0,0,0,0,0,0,0,
31110802,?贼行会会旗,41110802,1,1,1,31080000,0,0,0,0,0,1,1,0,0,0,0,0,0,0,0,0,0,0,0,0,0,0,0,0,0,
31110803,弓手行会会旗,41110803,1,1,1,31080000,0,0,0,0,0,1,1,0,0,0,0,0,0,0,0,0,0,0,0,0,0,0,0,0,0,
31110804,魔法系行会会旗,41110804,1,1,1,31080000,0,0,0,0,0,1,1,0,0,0,0,0,0,0,0,0,0,0,0,0,0,0,0,0,0,
31110805,矿工行会会旗,41110805,1,1,1,31080000,0,0,0,0,0,1,1,0,0,0,0,0,0,0,0,0,0,0,0,0,0,0,0,0,0,
31110806,机械师行会会旗,41110806,1,1,1,31080000,0,0,0,0,0,1,1,0,0,0,0,0,0,0,0,0,0,0,0,0,0,0,0,0,0,
31110807,农夫行会会旗,41110807,1,1,1,31080000,0,0,0,0,0,1,1,0,0,0,0,0,0,0,0,0,0,0,0,0,0,0,0,0,0,
31110808,链金术师行会会旗,41110808,1,1,1,31080000,0,0,0,0,0,1,1,0,0,0,0,0,0,0,0,0,0,0,0,0,0,0,0,0,0,
31110809,木偶使会旗,41110809,1,1,1,31080000,0,0,0,0,0,1,1,0,0,0,0,0,0,0,0,0,0,0,0,0,0,0,0,0,0,
31110810,冒险家行会会旗,41110810,1,1,1,31080000,0,0,0,0,0,1,1,0,0,0,0,0,0,0,0,0,0,0,0,0,0,0,0,0,0,
31110811,商人行会会旗,41110811,1,1,1,31080000,0,0,0,0,0,1,1,0,0,0,0,0,0,0,0,0,0,0,0,0,0,0,0,0,0,
31110900,推车,41110900,1,1,1,31080000,0,0,0,0,0,1,0,0,0,0,0,0,0,0,0,0,0,0,0,0,0,0,0,0,0,
31111000,危险警告板,41111000,1,1,1,31080000,0,0,0,0,0,1,0,0,0,0,0,0,0,0,0,0,0,0,0,0,0,0,0,0,0,
31111100,巨大的木箱,41111100,1,1,1,31080000,0,0,0,0,0,1,0,0,0,0,0,0,0,0,0,0,0,0,0,0,0,0,0,0,0,
31111200,锯齿,41111200,1,1,1,31080000,0,0,0,0,0,1,0,0,0,0,0,0,0,0,0,0,0,0,0,0,0,0,0,0,0,
31111300,巨大的集装箱,41111300,1,1,1,31080000,0,0,0,0,0,1,0,0,0,0,0,0,0,0,0,0,0,0,0,0,0,0,0,0,0,
31111400,手推车,41111400,1,1,1,31080000,0,0,0,0,0,1,0,0,0,0,0,0,0,0,0,0,0,0,0,0,0,0,0,0,0,
31111500,重型手推车,41111500,1,1,1,31080000,0,0,0,0,0,1,0,0,0,0,0,0,0,0,0,0,0,0,0,0,0,0,0,0,0,
31111600,火车轨,41111600,1,1,1,31080000,0,0,0,0,0,1,1,1,0,0,0,0,0,0,0,0,0,0,0,0,0,0,0,0,0,
31111680,火车轨,41111600,1,1,0.2,31080000,0,0,0,0,0,1,1,1,0,0,0,0,0,0,0,0,0,0,0,0,0,0,0,0,0,
31111700,油画『上城风景』,41111700,1,1,1,31080000,0,0,0,0,0,1,0,0,0,0,0,0,0,0,0,0,0,0,0,0,0,0,0,0,0,
31111750,油画『繁华的下城』,41111750,1,1,1,31080000,0,0,0,0,0,1,0,0,0,0,0,0,0,0,0,0,0,0,0,0,0,0,0,0,0,
31111751,油画『休闲的帕斯特市』,41111751,1,1,1,31080000,0,0,0,0,0,1,0,0,0,0,0,0,0,0,0,0,0,0,0,0,0,0,0,0,0,
31111752,油画『摩根市的夕阳』,41111752,1,1,1,31080000,0,0,0,0,0,1,0,0,0,0,0,0,0,0,0,0,0,0,0,0,0,0,0,0,0,
31111753,油画『在诺顿散步的情趣』,41111753,1,1,1,31080000,0,0,0,0,0,1,0,0,0,0,0,0,0,0,0,0,0,0,0,0,0,0,0,0,0,
31111800,油画『马克特的风景』,41111800,1,1,1,31080000,0,0,0,0,0,1,0,0,0,0,0,0,0,0,0,0,0,0,0,0,0,0,0,0,0,
31111801,油画『富裕国家与黑暗之城』,41111801,1,1,1,31080000,0,0,0,0,0,1,0,0,0,0,0,0,0,0,0,0,0,0,0,0,0,0,0,0,0,
31120000,?灯,41120000,1,1,1,31070000,0,0,0,0,0,1,1,0,0,0,0,0,0,0,0,0,0,0,0,0,0,0,0,0,0,
31120001,天蓝色?灯,41120001,1,1,1,31070000,0,0,0,0,0,1,1,0,0,0,0,0,0,0,0,0,0,0,0,0,0,0,0,0,0,
31120002,绿色?灯,41120002,1,1,1,31070000,0,0,0,0,0,1,1,0,0,0,0,0,0,0,0,0,0,0,0,0,0,0,0,0,0,
31120100,电?灯,41120100,1,1,1,31070000,0,0,0,0,0,1,1,0,0,0,0,0,0,0,0,0,0,0,0,0,0,0,0,0,0,
31120101,绿色电?灯,41120101,1,1,1,31070000,0,0,0,0,0,1,1,0,0,0,0,0,0,0,0,0,0,0,0,0,0,0,0,0,0,
31120102,棕色电?灯,41120102,1,1,1,31070000,0,0,0,0,0,1,1,0,0,0,0,0,0,0,0,0,0,0,0,0,0,0,0,0,0,
31120200,蜡烛,41120200,1,1,1,31070000,0,0,0,0,0,1,1,0,0,0,0,0,0,0,0,0,0,0,0,0,0,0,0,0,0,
31120201,白色蜡烛,41120201,1,1,1,31070000,0,0,0,0,0,1,1,0,0,0,0,0,0,0,0,0,0,0,0,0,0,0,0,0,0,
31120202,绿色蜡烛,41120202,1,1,1,31070000,0,0,0,0,0,1,1,0,0,0,0,0,0,0,0,0,0,0,0,0,0,0,0,0,0,
31120300,油灯,41120300,1,1,1,31070000,0,0,0,0,0,1,1,0,0,0,0,0,0,0,0,0,0,0,0,0,0,0,0,0,0,
31120301,黑色油灯,41120301,1,1,1,31070000,0,0,0,0,0,1,1,0,0,0,0,0,0,0,0,0,0,0,0,0,0,0,0,0,0,
31120302,金色油灯,41120302,1,1,1,31070000,0,0,0,0,0,1,1,0,0,0,0,0,0,0,0,0,0,0,0,0,0,0,0,0,0,
31130300,小柜子,41130300,1,1,1,31130300,10,0,0,0,0,1,0,0,0,0,0,0,0,0,0,0,0,0,0,0,0,0,0,0,0,
31130301,白色小柜子,41130301,1,1,1,31130300,10,0,0,0,0,1,0,0,0,0,0,0,0,0,0,0,0,0,0,0,0,0,0,0,0,
31130302,绿色小柜子,41130302,1,1,1,31130300,10,0,0,0,0,1,0,0,0,0,0,0,0,0,0,0,0,0,0,0,0,0,0,0,0,
31130400,大柜子,41130400,1,1,1,31130300,20,0,0,0,0,1,0,0,0,0,0,0,0,0,0,0,0,0,0,0,0,0,0,0,0,
31130401,白色大柜子,41130401,1,1,1,31130300,20,0,0,0,0,1,0,0,0,0,0,0,0,0,0,0,0,0,0,0,0,0,0,0,0,
31130402,绿色大柜子,41130402,1,1,1,31130300,20,0,0,0,0,1,0,0,0,0,0,0,0,0,0,0,0,0,0,0,0,0,0,0,0,
31130500,衣柜,41130500,1,1,1,31130300,20,0,0,0,0,1,0,0,0,0,0,0,0,0,0,0,0,0,0,0,0,0,0,0,0,
31130501,白色衣柜,41130501,1,1,1,31130300,20,0,0,0,0,1,0,0,0,0,0,0,0,0,0,0,0,0,0,0,0,0,0,0,0,
31130502,白色衣柜,41130502,1,1,1,31130300,20,0,0,0,0,1,0,0,0,0,0,0,0,0,0,0,0,0,0,0,0,0,0,0,0,
31130600,睡床,41130600,1,1,1,31080000,0,0,0,0,0,1,0,0,0,0,0,0,0,0,0,0,0,0,0,0,0,0,0,0,0,
31130601,蓝色睡床,41130601,1,1,1,31080000,0,0,0,0,0,1,0,0,0,0,0,0,0,0,0,0,0,0,0,0,0,0,0,0,0,
31130602,黄色睡床,41130602,1,1,1,31080000,0,0,0,0,0,1,0,0,0,0,0,0,0,0,0,0,0,0,0,0,0,0,0,0,0,
31130700,双人床,41130700,1,1,1,31080000,0,0,0,0,0,1,0,0,0,0,0,0,0,0,0,0,0,0,0,0,0,0,0,0,0,
31130701,粉红色双人床,41130701,1,1,1,31080000,0,0,0,0,0,1,0,0,0,0,0,0,0,0,0,0,0,0,0,0,0,0,0,0,0,
31130702,黄色双人床,41130702,1,1,1,31080000,0,0,0,0,0,1,0,0,0,0,0,0,0,0,0,0,0,0,0,0,0,0,0,0,0,
31130800,沙发,41130800,1,1,1,31080000,0,0,0,0,0,1,1,0,0,0,0,0,0,0,0,0,0,0,0,0,0,0,0,0,0,
31130801,棕色沙发,41130801,1,1,1,31080000,0,0,0,0,0,1,1,0,0,0,0,0,0,0,0,0,0,0,0,0,0,0,0,0,0,
31130802,单色沙发,41130802,1,1,1,31080000,0,0,0,0,0,1,1,0,0,0,0,0,0,0,0,0,0,0,0,0,0,0,0,0,0,
31130900,豪华沙发,41130900,1,1,1,31080000,0,0,0,0,0,1,1,0,0,0,0,0,0,0,0,0,0,0,0,0,0,0,0,0,0,
31130901,黑色豪华沙发,41130901,1,1,1,31080000,0,0,0,0,0,1,1,0,0,0,0,0,0,0,0,0,0,0,0,0,0,0,0,0,0,
31130902,豪华皮沙发,41130902,1,1,1,31080000,0,0,0,0,0,1,1,0,0,0,0,0,0,0,0,0,0,0,0,0,0,0,0,0,0,
31131000,化妆桌,41131000,1,1,1,31080000,0,0,0,0,0,1,0,0,0,0,0,0,0,0,0,0,0,0,0,0,0,0,0,0,0,
31131002,绿色化妆桌,41131002,1,1,1,31080000,0,0,0,0,0,1,0,0,0,0,0,0,0,0,0,0,0,0,0,0,0,0,0,0,0,
31131050,LoveLove化妆桌,41131050,1,1,1,31080000,0,0,0,0,0,1,0,0,0,0,0,0,0,0,0,0,0,0,0,0,0,0,0,0,0,
31131100,暖炉,41131100,1,1,1,31070000,0,0,0,0,0,0,0,0,0,0,0,0,0,0,0,0,0,0,0,0,0,0,0,0,0,
31131101,红色暖炉,41131101,1,1,1,31070000,0,0,0,0,0,0,0,0,0,0,0,0,0,0,0,0,0,0,0,0,0,0,0,0,0,
31131102,蓝色暖炉,41131102,1,1,1,31070000,0,0,0,0,0,0,0,0,0,0,0,0,0,0,0,0,0,0,0,0,0,0,0,0,0,
31131200,书柜,41131200,1,1,1,31080000,0,0,0,0,0,1,0,0,0,0,0,0,0,0,0,0,0,0,0,0,0,0,0,0,0,
31131201,天蓝色书柜,41131201,1,1,1,31080000,0,0,0,0,0,1,0,0,0,0,0,0,0,0,0,0,0,0,0,0,0,0,0,0,0,
31131202,绿色书柜,41131202,1,1,1,31080000,0,0,0,0,0,1,0,0,0,0,0,0,0,0,0,0,0,0,0,0,0,0,0,0,0,
31131300,花瓶,41131300,1,1,1,31080000,0,0,0,0,0,1,1,0,0,0,0,0,0,0,0,0,0,0,0,0,0,0,0,0,0,
31131301,红色花瓶,41131301,1,1,1,31080000,0,0,0,0,0,1,1,0,0,0,0,0,0,0,0,0,0,0,0,0,0,0,0,0,0,
31131302,绿色花瓶,41131302,1,1,1,31080000,0,0,0,0,0,1,1,0,0,0,0,0,0,0,0,0,0,0,0,0,0,0,0,0,0,
31131400,日历,41131400,1,1,1,31080000,0,0,0,0,0,1,1,0,0,0,0,0,0,0,0,0,0,0,0,0,0,0,0,0,0,
31131401,日历(花),41131401,1,1,1,31080000,0,0,0,0,0,1,1,0,0,0,0,0,0,0,0,0,0,0,0,0,0,0,0,0,0,
31131402,迷你日历,41131402,1,1,1,31080000,0,0,0,0,0,1,1,0,0,0,0,0,0,0,0,0,0,0,0,0,0,0,0,0,0,
31131500,挂墙钟,41131500,1,1,1,31080000,0,0,0,0,0,1,1,0,0,0,0,0,0,0,0,0,0,0,0,0,0,0,0,0,0,
31131501,绿色挂墙钟,41131501,1,1,1,31080000,0,0,0,0,0,1,1,0,0,0,0,0,0,0,0,0,0,0,0,0,0,0,0,0,0,
31131502,蓝色挂墙钟,41131502,1,1,1,31080000,0,0,0,0,0,1,1,0,0,0,0,0,0,0,0,0,0,0,0,0,0,0,0,0,0,
31131600,古董大笨钟,41131600,1,1,1,31080000,0,0,0,0,0,1,0,0,0,0,0,0,0,0,0,0,0,0,0,0,0,0,0,0,0,
31131601,古董大笨钟（高级）,41131601,1,1,1,31080000,0,0,0,0,0,1,0,0,0,0,0,0,0,0,0,0,0,0,0,0,0,0,0,0,0,
31131602,古董大笨钟(华丽),41131602,1,1,1,31080000,0,0,0,0,0,1,0,0,0,0,0,0,0,0,0,0,0,0,0,0,0,0,0,0,0,
31131700,留声机,41131700,1,1,1,31131700,0,0,0,0,0,1,0,0,0,0,0,0,0,0,0,0,0,0,0,0,0,0,0,0,0,
31131701,红色留声机,41131701,1,1,1,31131700,0,0,0,0,0,1,0,0,0,0,0,0,0,0,0,0,0,0,0,0,0,0,0,0,0,
31131702,橙色留声机,41131702,1,1,1,31131700,0,0,0,0,0,1,0,0,0,0,0,0,0,0,0,0,0,0,0,0,0,0,0,0,0,
31131800,茶具,41131800,1,1,1,31080000,0,0,0,0,0,1,0,0,0,0,0,0,0,0,0,0,0,0,0,0,0,0,0,0,0,
31131801,茶具,41131801,1,1,1,31080000,0,0,0,0,0,1,0,0,0,0,0,0,0,0,0,0,0,0,0,0,0,0,0,0,0,
31131900,冰箱 ,41131900,1,1,1,31130300,0,0,0,0,0,1,0,0,0,0,0,0,0,0,0,0,0,0,0,0,0,0,0,0,0,
31132000,无脚的桌子,41132000,1,1,1,31080000,0,0,0,0,0,1,0,0,0,0,0,0,0,0,0,0,0,0,0,0,0,0,0,0,0,
31132100,微波炉,41132100,1,1,1,31080000,0,0,0,0,0,1,0,0,0,0,0,0,0,0,0,0,0,0,0,0,0,0,0,0,0,
31132200,屏风,41132200,1,1,1,31080000,0,0,0,0,0,1,0,0,0,0,0,0,0,0,0,0,0,0,0,0,0,0,0,0,0,
31140000,忌廉苏打,41140000,1,1,1,31080000,0,0,0,0,0,1,0,0,0,0,0,0,0,0,0,0,0,0,0,0,0,0,0,0,0,
31160000,迷你圣诞树,41160000,1,1,1,31080000,0,0,0,0,0,1,0,0,0,0,0,0,0,0,0,0,0,0,0,0,0,0,0,0,0,
31160001,迷你白色圣诞树,41160001,1,1,1,31080000,0,0,0,0,0,1,0,0,0,0,0,0,0,0,0,0,0,0,0,0,0,0,0,0,0,
31160100,雪人,41160100,1,1,1,31080000,0,0,0,0,0,1,0,0,0,0,0,0,0,0,0,0,0,0,0,0,0,0,0,0,0,
31160200,南瓜花圃,41160200,1,1,1,31080000,0,0,0,0,0,1,0,0,0,0,0,0,0,0,0,0,0,0,0,0,0,0,0,0,0,
31160300,糯米糕,41160300,1,1,1,31080000,0,0,0,0,0,1,0,0,0,0,0,0,0,0,0,0,0,0,0,0,0,0,0,0,0,
31160400,绅士的小画像,41160400,1,1,1,31080000,0,0,0,0,0,1,0,0,0,0,0,0,0,0,0,0,0,0,0,0,0,0,0,0,0,
31160500,巧克力煺,41160500,1,1,1,31080000,0,0,0,0,0,1,0,0,0,0,0,0,0,0,0,0,0,0,0,0,0,0,0,0,0,
31160600,菱饼,41160600,1,1,1,31080000,0,0,0,0,0,1,0,0,0,0,0,0,0,0,0,0,0,0,0,0,0,0,0,0,0,
31160700,流氓兔的战利品,41160700,1,1,1,31080000,0,0,0,0,0,1,0,0,0,0,0,0,0,0,0,0,0,0,0,0,0,0,0,0,0,
31160800,蓝色鲤鱼旗,41160800,1,1,1,31080000,0,0,0,0,0,1,0,0,0,0,0,0,0,0,0,0,0,0,0,0,0,0,0,0,0,
31160801,红色鲤鱼旗,41160801,1,1,1,31080000,0,0,0,0,0,1,0,0,0,0,0,0,0,0,0,0,0,0,0,0,0,0,0,0,0,
31160809,黑色鲤鱼旗,41160809,1,1,1,31080000,0,0,0,0,0,1,0,0,0,0,0,0,0,0,0,0,0,0,0,0,0,0,0,0,0,
31160812,棕色鲤鱼旗,41160812,1,1,1,31080000,0,0,0,0,0,1,0,0,0,0,0,0,0,0,0,0,0,0,0,0,0,0,0,0,0,
31160900,月见丸子,41160900,1,1,1,31080000,0,0,0,0,0,1,0,0,0,0,0,0,0,0,0,0,0,0,0,0,0,0,0,0,0,
31161000,祭礼的石板,41161000,1,1,1,31080000,0,0,0,0,0,1,0,0,0,0,0,0,0,0,0,0,0,0,0,0,0,0,0,0,0,
31161100,曼陀罗像,41161100,1,1,1,31080000,0,0,0,0,0,1,0,0,0,0,0,0,0,0,0,0,0,0,0,0,0,0,0,0,0,
31161200,玛欧斯像,41161200,1,1,1,31080000,0,0,0,0,0,1,0,0,0,0,0,0,0,0,0,0,0,0,0,0,0,0,0,0,0,
31161300,电路机械像,41161300,1,1,1,31080000,0,0,0,0,0,1,0,0,0,0,0,0,0,0,0,0,0,0,0,0,0,0,0,0,0,
31161400,塞尔曼德像,41161400,1,1,1,31080000,0,0,0,0,0,1,0,0,0,0,0,0,0,0,0,0,0,0,0,0,0,0,0,0,0,
31161500,火车头,41161500,1,1,1,31080000,0,0,0,0,0,1,0,0,0,0,0,0,0,0,0,0,0,0,0,0,0,0,0,0,0,
31161580,火车头（模型）,41161500,1,1,0.2,31080000,0,0,0,0,0,1,0,0,0,0,0,0,0,0,0,0,0,0,0,0,0,0,0,0,0,
31161600,膨膨,41161600,1,1,3.8,31070000,0,0,0,0,0,1,0,0,0,0,0,0,0,0,0,0,0,0,0,0,0,0,0,0,0,
31161800,圣诞树,41161800,1,1,1,31070000,0,0,0,0,0,1,0,0,0,0,0,0,0,0,0,0,0,0,0,0,0,0,0,0,0,
31161801,白色圣诞树,41161801,1,1,1,31070000,0,0,0,0,0,1,0,0,0,0,0,0,0,0,0,0,0,0,0,0,0,0,0,0,0,
31161900,照明装置,41161900,1,1,1,31070000,0,0,0,0,0,1,1,0,0,0,0,0,0,0,0,0,0,0,0,0,0,0,0,0,0,
31162000,松树装饰,41162000,1,1,1,31080000,0,0,0,0,0,1,0,0,0,0,0,0,0,0,0,0,0,0,0,0,0,0,0,0,0,
31162300,鸟居,41162300,1,3,0.8,31080000,0,0,0,0,0,0,0,0,0,0,0,0,0,0,0,0,0,0,0,0,0,0,0,0,0,
31060000,石柱,41060000,1,1,1,31080000,0,0,0,0,0,0,0,0,0,0,0,0,0,0,0,0,0,0,0,0,0,0,0,0,0,
31060001,石柱（木）,41060001,1,1,1,31080000,0,0,0,0,0,0,0,0,0,0,0,0,0,0,0,0,0,0,0,0,0,0,0,0,0,
31060002,石柱（古典）,41060002,1,1,1,31080000,0,0,0,0,0,0,0,0,0,0,0,0,0,0,0,0,0,0,0,0,0,0,0,0,0,
31060100,巨型四角柱子,41060100,1,1,1,31080000,0,0,0,0,0,0,0,0,0,0,0,0,0,0,0,0,0,0,0,0,0,0,0,0,0,
31060101,巨型四角柱子（铁）,41060101,1,1,1,31080000,0,0,0,0,0,0,0,0,0,0,0,0,0,0,0,0,0,0,0,0,0,0,0,0,0,
31060102,巨型四角柱子（古典）,41060102,1,1,1,31080000,0,0,0,0,0,0,0,0,0,0,0,0,0,0,0,0,0,0,0,0,0,0,0,0,0,
31060200,活动帆柱,41060200,1,1,1,31080000,0,0,0,0,0,0,0,0,0,0,0,0,0,0,0,0,0,0,0,0,0,0,0,0,0,
31060201,活动帆柱（太阳）,41060201,1,1,1,31080000,0,0,0,0,0,0,0,0,0,0,0,0,0,0,0,0,0,0,0,0,0,0,0,0,0,
31060202,活动帆柱（星夜）,41060202,1,1,1,31080000,0,0,0,0,0,0,0,0,0,0,0,0,0,0,0,0,0,0,0,0,0,0,0,0,0,
31060300,固定帆柱,41060300,1,1,1,31080000,0,0,0,0,0,0,0,0,0,0,0,0,0,0,0,0,0,0,0,0,0,0,0,0,0,
31060301,固定帆柱（微风）,41060301,1,1,1,31080000,0,0,0,0,0,0,0,0,0,0,0,0,0,0,0,0,0,0,0,0,0,0,0,0,0,
31060302,固定帆柱（海?）,41060302,1,1,1,31080000,0,0,0,0,0,0,0,0,0,0,0,0,0,0,0,0,0,0,0,0,0,0,0,0,0,
31060400,植物柱,41060400,1,1,1,31080000,0,0,0,0,0,0,0,0,0,0,0,0,0,0,0,0,0,0,0,0,0,0,0,0,0,
31180000,原木桌,41180000,2,2,1,31080000,0,0,0,0,0,1,0,0,0,0,0,0,0,0,0,0,0,0,0,0,0,0,0,0,0,
10017900,凯堤 (桃子),41300000,1,1,1,31300000,0,0,0,0,0,1,1,0,0,0,0,0,0,0,0,0,0,0,0,0,0,0,0,0,0,
10017902,凯堤（绿子）,41300001,1,1,1,31300000,0,0,0,0,0,1,1,0,0,0,0,0,0,0,0,0,0,0,0,0,0,0,0,0,0,
10017903,凯堤（青子）,41300002,1,1,1,31300000,0,0,0,0,0,1,1,0,0,0,0,0,0,0,0,0,0,0,0,0,0,0,0,0,0,
10017905,凯堤 (山吹),41300036,1,1,1,31300000,0,0,0,0,0,1,1,0,0,0,0,0,0,0,0,0,0,0,0,0,0,0,0,0,0,
10017906,凯堤（子）,41300049,1,1,1,31300000,0,0,0,0,0,1,1,0,0,0,0,0,0,0,0,0,0,0,0,0,0,0,0,0,0,
10017907,凯堤（茜子）,41300053,1,1,1,31300000,0,0,0,0,0,1,1,0,0,0,0,0,0,0,0,0,0,0,0,0,0,0,0,0,0,
10009800,佣兵,41300003,1.2,1.2,1.2,31300000,0,0,0,0,0,1,1,0,0,0,0,0,0,0,0,0,0,0,0,0,0,0,0,0,0,
10018900,凯特灵炮,41300004,1,1,1,31300000,0,0,0,0,0,1,1,0,0,0,0,0,0,0,0,0,0,0,0,0,0,0,0,0,0,
10007581,凯莉娥,41300005,1,1,1,31300000,0,0,0,0,0,1,1,0,0,0,0,0,0,0,0,0,0,0,0,0,0,0,0,0,0,
10007582,凯莉娥,41300006,1,1,1,31300000,0,0,0,0,0,1,1,0,0,0,0,0,0,0,0,0,0,0,0,0,0,0,0,0,0,
10007583,凯莉娥,41300007,1,1,1,31300000,0,0,0,0,0,1,1,0,0,0,0,0,0,0,0,0,0,0,0,0,0,0,0,0,0,
10007584,凯莉娥,41300008,1,1,1,31300000,0,0,0,0,0,1,1,0,0,0,0,0,0,0,0,0,0,0,0,0,0,0,0,0,0,
10007585,凯莉娥,41300009,1,1,1,31300000,0,0,0,0,0,1,1,0,0,0,0,0,0,0,0,0,0,0,0,0,0,0,0,0,0,
10007586,凯莉娥,41300010,1,1,1,31300000,0,0,0,0,0,1,1,0,0,0,0,0,0,0,0,0,0,0,0,0,0,0,0,0,0,
10007587,凯莉娥,41300011,1,1,1,31300000,0,0,0,0,0,1,1,0,0,0,0,0,0,0,0,0,0,0,0,0,0,0,0,0,0,
10007588,凯莉娥,41300012,1,1,1,31300000,0,0,0,0,0,1,1,0,0,0,0,0,0,0,0,0,0,0,0,0,0,0,0,0,0,
10007589,迷你凯莉娥,41300013,1,1,0.8,31300000,0,0,0,0,0,1,1,0,0,0,0,0,0,0,0,0,0,0,0,0,0,0,0,0,0,
10007590,迷你凯莉娥,41300014,1,1,0.8,31300000,0,0,0,0,0,1,1,0,0,0,0,0,0,0,0,0,0,0,0,0,0,0,0,0,0,
10007591,迷你凯莉娥,41300015,1,1,0.8,31300000,0,0,0,0,0,1,1,0,0,0,0,0,0,0,0,0,0,0,0,0,0,0,0,0,0,
10007592,迷你凯莉娥,41300016,1,1,0.8,31300000,0,0,0,0,0,1,1,0,0,0,0,0,0,0,0,0,0,0,0,0,0,0,0,0,0,
10007593,迷你凯莉娥,41300017,1,1,0.8,31300000,0,0,0,0,0,1,1,0,0,0,0,0,0,0,0,0,0,0,0,0,0,0,0,0,0,
10007594,迷你凯莉娥,41300018,1,1,0.8,31300000,0,0,0,0,0,1,1,0,0,0,0,0,0,0,0,0,0,0,0,0,0,0,0,0,0,
10007595,迷你凯莉娥,41300019,1,1,0.8,31300000,0,0,0,0,0,1,1,0,0,0,0,0,0,0,0,0,0,0,0,0,0,0,0,0,0,
10007596,迷你凯莉娥,41300020,1,1,0.8,31300000,0,0,0,0,0,1,1,0,0,0,0,0,0,0,0,0,0,0,0,0,0,0,0,0,0,
10007597,微型爬爬虫,41300034,1,1,0.5,31300000,0,0,0,0,0,1,1,0,0,0,0,0,0,0,0,0,0,0,0,0,0,0,0,0,0,
10048900,汪汪,41300021,1,1,1,31300000,0,0,0,0,0,1,1,0,0,0,0,0,0,0,0,0,0,0,0,0,0,0,0,0,0,
10048950,黑檀,41300022,1,1,1,31300000,0,0,0,0,0,1,1,0,0,0,0,0,0,0,0,0,0,0,0,0,0,0,0,0,0,
10019202,曼陀萝胡萝卜,41300023,1,1,1,31300000,0,0,0,0,0,1,1,0,0,0,0,0,0,0,0,0,0,0,0,0,0,0,0,0,0,
19000000,GM用,41300024,1,1,1,31300000,0,0,0,0,0,1,1,0,0,0,0,0,0,0,0,0,0,0,0,0,0,0,0,0,0,
19010000,GM用,41300025,1,1,1,31300000,0,0,0,0,0,1,1,0,0,0,0,0,0,0,0,0,0,0,0,0,0,0,0,0,0,
20210000,推进器 ,41300026,1,1,1,31300000,0,0,0,0,0,1,1,0,0,0,0,0,0,0,0,0,0,0,0,0,0,0,0,0,0,
10006651,可可乐,41300027,1,1,1,31300000,0,0,0,0,0,1,1,0,0,0,0,0,0,0,0,0,0,0,0,0,0,0,0,0,0,
10035602,白狼 ,41300028,1,1,0.7,31300000,0,0,0,0,0,1,1,0,0,0,0,0,0,0,0,0,0,0,0,0,0,0,0,0,0,
10018310,洛克鸟,41300029,1,1,0.6,31300000,0,0,0,0,0,1,1,0,0,0,0,0,0,0,0,0,0,0,0,0,0,0,0,0,0,
10051400,思丽羊,41300030,1,1,0.8,31300000,0,0,0,0,0,1,1,0,0,0,0,0,0,0,0,0,0,0,0,0,0,0,0,0,0,
10006650,巴乌巴乌,41300031,1,1,1,31300000,0,0,0,0,0,1,1,0,0,0,0,0,0,0,0,0,0,0,0,0,0,0,0,0,0,
10052000,帕格萨斯,41300032,1,1,0.8,31300000,0,0,0,0,0,1,1,0,0,0,0,0,0,0,0,0,0,0,0,0,0,0,0,0,0,
10052100,牛牛,41300033,1,1,0.7,31300000,0,0,0,0,0,1,1,0,0,0,0,0,0,0,0,0,0,0,0,0,0,0,0,0,0,
10052400,飞天鼠,41300035,1,1,1.15,31300000,0,0,0,0,0,1,1,0,0,0,0,0,0,0,0,0,0,0,0,0,0,0,0,0,0,
10009801,蓝衣佣兵,41300037,1.2,1.2,1.2,31300000,0,0,0,0,0,1,1,0,0,0,0,0,0,0,0,0,0,0,0,0,0,0,0,0,0,
10009802,紫衣佣兵,41300038,1.2,1.2,1.2,31300000,0,0,0,0,0,1,1,0,0,0,0,0,0,0,0,0,0,0,0,0,0,0,0,0,0,
10018901,水蓝凯特灵炮,41300039,1,1,1,31300000,0,0,0,0,0,1,1,0,0,0,0,0,0,0,0,0,0,0,0,0,0,0,0,0,0,
10018902,黄金凯特灵炮,41300040,1,1,1,31300000,0,0,0,0,0,1,1,0,0,0,0,0,0,0,0,0,0,0,0,0,0,0,0,0,0,
10048901,爱美的汪汪,41300041,1,1,1,31300000,0,0,0,0,0,1,1,0,0,0,0,0,0,0,0,0,0,0,0,0,0,0,0,0,0,
10048902,暴戾的汪汪,41300042,1,1,1,31300000,0,0,0,0,0,1,1,0,0,0,0,0,0,0,0,0,0,0,0,0,0,0,0,0,0,
10048951,爱美的黑檀,41300043,1,1,1,31300000,0,0,0,0,0,1,1,0,0,0,0,0,0,0,0,0,0,0,0,0,0,0,0,0,0,
10048952,暴戾的黑檀,41300044,1,1,1,31300000,0,0,0,0,0,1,1,0,0,0,0,0,0,0,0,0,0,0,0,0,0,0,0,0,0,
10035650,金狼,41300045,1,1,0.8,31300000,0,0,0,0,0,1,1,0,0,0,0,0,0,0,0,0,0,0,0,0,0,0,0,0,0,
10035651,黑狼,41300046,1,1,0.7,31300000,0,0,0,0,0,1,1,0,0,0,0,0,0,0,0,0,0,0,0,0,0,0,0,0,0,
10018311,肥胖洛克鸟,41300047,1,1,0.7,31300000,0,0,0,0,0,1,1,0,0,0,0,0,0,0,0,0,0,0,0,0,0,0,0,0,0,
10018312,巨大洛克鸟,41300048,1,1,0.6,31300000,0,0,0,0,0,1,1,0,0,0,0,0,0,0,0,0,0,0,0,0,0,0,0,0,0,
10055500,咕咕,41300050,1,1,0.8,31300000,0,0,0,0,0,1,1,0,0,0,0,0,0,0,0,0,0,0,0,0,0,0,0,0,0,
10055600,咕咕鸡,41300051,1,1,0.8,31300000,0,0,0,0,0,1,1,0,0,0,0,0,0,0,0,0,0,0,0,0,0,0,0,0,0,
10017151,魔物模型,41350000,1,1,1,31131800,0,0,0,0,0,1,1,0,0,0,0,0,0,0,0,0,0,0,0,0,0,0,0,0,0,
10019203,曼陀萝萝卜,41300052,1,1,1,31300000,0,0,0,0,0,1,1,0,0,0,0,0,0,0,0,0,0,0,0,0,0,0,0,0,0,
