#NPCID,????,˝∆ßS˛´(ATTR),?ßS˛´,?,?
s0,ßF?
?1,◊˚˙Û
?2,ßF˝ﬂ???
?3,ßF˝ﬂ??¢D
?4,ßF˝ﬂ??¢D
?5,ßF˝ﬂ?????
?6,?˝ﬂ?
?7,???
?8,?????
?9,?????
?10,????
?11,?˚Í??
?12,?˚Í?
?13,¶ë??
?14,???
?15,?¢K?
?16,???
?17,¶‹?ßF??
?18,¶‹?ßF????
?19,¶‹?ßF????
?20,¶‹?ßF????
?21,?˚Í?
?22,?¢K?
?23,?˚Í??
s24,?
s25,?§D?ß∆s26,???,???????ID,???????????,?ßS˛´?,?ßS˛´?,?ßS˛´?,
#,
#,
10000003,????????˚È?,4002_00_00_05,,,4002_02_00_05,4002_03_00_00,4002_05_00_05,,,,,,,,,,,,,,,4002_10_00_00,
10000013,??????˛ﬁ?˚È?,4002_00_00_07,,,4002_02_00_07,4002_03_00_00,4002_05_00_07,,,,,,,,,,,,,,,4002_10_00_00,
10000023,??????¶F?˚È?,4002_00_00_00,,,4002_02_00_00,4002_03_00_00,4002_05_00_00,,,,,,,,,,,,,,,4002_10_00_00,
10000033,??????˛_?˚È?,4002_00_00_03,,,4002_02_00_03,4002_03_00_00,4002_05_00_03,,,,,,,,,,,,,,,4002_10_00_00,
11000000,???????,03_00_21_01,,03_09_08_00,03_02_51_00,03_03_02_07,03_05_18_00,,,,,,,,,,,,03_18_03_00,,,,,,,,,,,,,,,,03_01_00_00,03_24_00_05,03_25_03_05,
11000001,?£ä?˝∆¶π?????,4024_00_00_00,,,4024_02_00_00,4024_03_00_00,
11000002,˚Ú˝Õ§ï?,00_00_03_51,00_26_05_00,00_09_05_00,00_02_42_00,00_03_10_50,00_05_05_00,,,,,,,,,,,,,,,,,,,,,,,,,,,,,,00_25_02_00,
11000003,?????§ï?,01_00_03_50,01_26_03_00,01_09_05_00,01_02_40_00,01_03_10_52,00_05_05_00,,,,,,,,,,,,,,,,,,,,,,,,,,,,,01_24_02_00,01_25_02_00,
11000004,???§ï?,04_00_02_00,04_26_03_00,04_09_10_00,04_02_62_00,04_03_01_72,,,,,,00_04_06_72,,,,00_08_22_00,,,04_18_04_00,,,04_21_00_00,,,,,,,,,,,,,,04_24_02_00,04_25_03_00,
11000005,°K?˙ˆ??????,4031_00_00_00,,,4031_02_00_00,4031_03_00_00,
11000006,?¢D??§ï§ï?,01_00_24_00,01_00_07_00,01_09_07_00,01_02_40_00,01_03_10_01,00_05_04_00,,,,,,,,,,,,,,,,,,,,,,,,,,,,01_01_00_00,01_24_00_04,01_25_03_04,
11000007,˛ﬁ¢D??§ï§ï?,00_00_19_00,00_26_03_00,00_09_01_00,00_02_40_00,00_03_10_06,00_05_04_00,,,,,,,,,,,,,,,,,,,,,,,,,,,,,00_24_02_00,00_25_01_00,
11000008,¶F¢D??§ï§ï?¶F,05_00_05_00,05_26_05_00,05_09_05_00,05_02_62_00,05_03_10_04,00_05_04_00,,,,,,,,,,,,05_18_04_00,,,05_21_00_00,,,,,,,,,,,,,05_24_02_00,05_24_00_00,05_25_02_00,
11000009,˛_¢D??§ï§ï?˛_,04_00_05_00,04_26_03_00,04_09_02_00,04_02_60_00,04_03_10_05,00_05_04_00,,,,,,,,,00_08_22_00,,,04_18_04_00,,,04_21_00_00,,,,,,,,,,,,,,04_24_00_00,04_25_01_00,
11000010,????????,4039_00_00_00,,,4039_02_00_00,,,,,,,,,4039_03_00_00,4039_03_00_00,,,,,,,,,,,,,,4039_10_00_00,
11000011,?????????,03_00_21_01,,03_09_08_00,03_02_50_00,03_03_01_60,03_05_18_00,,,,,,,,,,,,03_18_03_00,,,,,,,,,,,,,,,,03_01_00_00,03_24_00_05,03_25_03_05,
11000012,?????????,03_00_21_01,,03_09_08_00,03_02_51_00,03_03_09_62,03_05_18_00,,,,,,,,,,,,03_18_03_00,,,,,,,,,,,,,,,,03_01_00_00,03_24_00_05,03_25_03_05,
11000013,?????????,03_00_21_01,,03_09_08_00,03_02_52_00,03_03_08_11,03_05_18_00,,,,,,,,,,,,03_18_03_00,,,,,,,,,,,,,,,,03_01_00_00,03_24_00_05,03_25_03_05,
11000014,?????????,03_00_21_01,,03_09_08_00,03_02_51_00,03_03_06_09,03_05_18_00,,,,,,,,,,,,03_18_03_00,,,,,,,,,,,,,,,,03_01_00_00,03_24_00_05,03_25_03_05,
11000015,?????????,4051_00_00_00,,,4010_02_01_00,,,,,,,,,4010_03_00_00,4010_03_00_00,,4039_10_00_00,
11000016,?????????,02_00_12_50,02_23_03_00,,02_02_50_00,02_03_03_60,02_05_16_00,,,,,,,,,,,00_11_03_50,02_18_03_00,
11000017,????????,05_00_40_00,null,null,05_02_62_00,05_03_91_00,05_06_19_00,,,,,,,,,,,05_11_15_00,05_18_04_00,,,05_21_00_00,,,,,05_11_14_00,,,,,,,,null,null,05_25_04_09,
11000018,?????????,01_00_44_00,01_26_08_55,01_09_06_53,01_02_42_00,01_03_10_06,01_05_24_00,,,,,,,,,,,,01_18_05_00,,,,,,,,,,17_03_00,,,,,,01_01_04_03,01_24_00_03,01_09_00_03,
11000019,???????????,4035_00_00_00,,,4035_02_00_00,
11000020,????????,00_00_41_00,00_26_13_00,00_09_03_50,00_02_41_00,00_03_10_11,00_05_06_50,,,,,,,,,,,,,,,,,,,,,,,,,,,,,,00_25_02_00,
11000021,??????????,4019_00_00_00,,,4019_02_00_00,
11000022,?????????,00_00_35_50,,00_09_06_00,00_02_40_00,00_03_10_50,00_05_00_00,,,,,,,,,00_08_13_00,,,,,,,,,,,,,,,,,,,,,00_25_03_00,
11000023,??????????,00_00_18_00,00_26_03_00,00_09_04_00,00_02_41_00,00_03_01_06,,,,,,00_04_06_06,,,,,00_16_02_00,,,,,,,,,,,,,,,,,,,00_24_02_00,00_25_02_00,
11000024,??????????,4036_00_00_00,,,4036_02_00_00,
11000025,?????????,00_00_08_50,00_23_01_51,,00_02_41_00,00_03_01_05,,,,,,00_06_11_00,,00_20_00_05,00_20_00_05,,00_10_01_00,
11000026,??????????,4030_00_00_02,,,4030_02_00_02,
11000027,?????¢P??¢Ñ§˙,4037_00_00_00,,,4037_02_00_00,4037_03_00_00,4037_04_00_00,,,,,,,,,,,,4037_05_00_00,
11000028,?????¢P??¢Ñ§˙,4038_00_00_00,,,4038_02_00_00,4038_03_00_00,,,,,,,,,,,,,4038_05_00_00,,,4038_04_00_00,
11000029,????,2010_00_00_50,
11000030,????,2006_00_00_50,
11000031,??????,2018_00_00_50,
11000032,????,2016_00_00_00,
11000885,???????,2016_00_00_61,
11000033,£ï?˚º˚È?,4002_00_00_05,,,4002_02_00_05,4002_03_00_00,4002_05_00_05,,,,,,,,,,,,,,,4002_10_00_00,
11000034,£ï?˚º˚È?,4002_00_00_07,,,4002_02_00_07,4002_03_00_00,4002_05_00_07,,,,,,,,,,,,,,,4002_10_00_00,
11000035,£ï?˚º˚È?,4002_00_00_00,,,4002_02_00_00,4002_03_00_00,4002_05_00_00,,,,,,,,,,,,,,,4002_10_00_00,
11000036,£ï?˚º˚È?,4002_00_00_03,,,4002_02_00_03,4002_03_00_00,4002_05_00_03,,,,,,,,,,,,,,,4002_10_00_00,
11000037,???˙Ô£b£ï?,4003_00_00_05,,,4003_02_00_05,4003_03_00_00,4003_05_00_05,,,,,,,,,,,,,,,4002_10_00_00,
11000038,˛ﬁ??˙Ô£b£ï?,4003_00_00_07,,,4003_02_00_07,4003_03_00_00,4003_05_00_07,,,,,,,,,,,,,,,4002_10_00_00,
11000039,¶F??˙Ô£b£ï?,4003_00_00_00,,,4003_02_00_00,4003_03_00_00,4003_05_00_00,,,,,,,,,,,,,,,4002_10_00_00,
11000040,˛_??˙Ô£b£ï?,4003_00_00_03,,,4003_02_00_03,4003_03_00_00,4003_05_00_03,,,,,,,,,,,,,,,4002_10_00_00,
11000041,??˛€•j˙Î?,4037_00_00_00,,,4037_02_00_00,4037_03_00_00,4037_04_00_00,,,,,,,,,,,,4037_05_00_00,
11000042,??˛€•j˙Î?,4038_00_00_00,,,4038_02_00_00,4038_03_00_00,,,,,,,,,,,,,4038_05_00_00,,,4038_04_00_00,
11000043,©è˛¸Â,4041_00_00_00,,,4041_02_00_00,
11000044,???????,4035_00_00_00,,,4035_02_00_00,
11000048,???¸Â˛∞,4030_00_00_00,,,4030_02_00_00,
11000049,??£i?˙Û,4022_00_00_00,,,4022_02_00_00,4022_03_00_00,
11000050,???¸Â˛∞,4030_00_00_00,,,4030_02_00_00,
11000051,???¸Â˛∞,4030_00_00_00,,,4030_02_00_00,
11000052,???¸Â˛∞,4030_00_00_00,,,4030_02_00_00,
11000053,???¸Â˛∞,4030_00_00_00,,,4030_02_00_00,
11000054,???¸Â˛∞,4030_00_00_00,,,4030_02_00_00,
11000055,???¸Â˛∞,4030_00_00_00,,,4030_02_00_00,
11000056,???????ßç?,4002_00_00_03,,,4002_02_00_03,4002_03_00_00,4002_05_00_03,,,,,,,,,,,,,,,4002_10_00_00,
11000057,???????ßç?,4002_00_00_03,,,4002_02_00_03,4002_03_00_00,4002_05_00_03,,,,,,,,,,,,,,,4002_10_00_00,
11000060,???¸Â˛∞,4030_00_00_00,,,4030_02_00_00,
11000061,???¸Â˛∞,4030_00_00_00,,,4030_02_00_00,
11000062,???¸Â˛∞,4030_00_00_00,,,4030_02_00_00,
11000063,???¸Â˛∞,4030_00_00_00,,,4030_02_00_00,
11000064,???¸Â˛∞,4030_00_00_00,,,4030_02_00_00,
11000065,???¸Â˛∞,4030_00_00_00,,,4030_02_00_00,
11000066,???¸Â˛∞,4030_00_00_00,,,4030_02_00_00,
11000067,???¸Â˛∞,4030_00_00_00,,,4030_02_00_00,
11000068,???¸Â˛∞,4030_00_00_00,,,4030_02_00_00,
11000069,???¸Â˛∞,4030_00_00_00,,,4030_02_00_00,
25090000,§ˆ?˛⁄,2009_00_00_50,
11000070,???????,4025_00_00_00,,,,,,,,,,,,,,,4025_04_00_00,
11000071,ßƒ£l??£i,00_00_10_00,00_23_02_00,,00_02_40_00,00_03_02_08,,,,,,00_07_02_00,,00_20_03_00,00_20_03_00,
11000072,?˛Õ???£i,00_00_19_00,00_01_05_00,00_09_00_00,00_02_40_00,00_03_05_10,
11000073,????,01_00_07_00,01_01_00_00,01_09_00_00,01_02_40_00,01_03_03_04,,,,,,,,,,,00_19_00_00,
11000074,˛¢˛ù????£i,02_00_09_00,02_01_10_00,,02_02_51_00,02_03_00_60,02_05_16_00,,,,,,,00_20_04_00,00_20_04_00,,,,02_18_03_00,
11000075,???????˛∞,05_00_13_00,05_01_07_00,05_09_00_00,05_02_62_00,05_03_07_70,,,,,,,,00_20_08_00,00_20_08_00,00_08_22_00,,,05_18_04_00,,,05_21_00_00,
11000076,????,02_00_19_00,02_23_01_00,,02_02_51_00,02_03_05_02,02_05_16_00,,,,,,,,,,00_16_01_00,,02_18_03_00,
11000077,??????˛Õ,01_00_17_00,,01_09_06_00,01_02_42_00,01_03_05_05,,00_04_17_05,,,,,,,,,,,,,,,,,,,,,,,,,,,,01_24_00_00,01_25_03_00,
11000078,??????˙Ò??,03_00_04_00,,03_09_04_00,03_02_50_00,03_03_02_60,03_05_16_00,,,,,,,,,,00_16_05_00,,03_18_03_00,,,,,,,,,,,,,,,,03_01_00_03,03_24_00_03,03_25_02_03,
11000079,???????£i˛Õ,04_00_22_00,04_23_04_00,,04_02_61_00,04_03_03_72,,,,,,00_07_08_00,,,,00_08_22_00,,,04_18_04_00,,,04_21_00_00,
11000080,???????,4025_00_00_00,,,,,,,,,,,,,,,4025_04_00_00,
11000081,????˙Û?,00_00_03_00,00_26_03_00,00_09_03_00,00_02_40_00,00_03_03_70,,,,,,,,,,00_08_15_00,,,,,,,,,,,,,,,,,,,,00_24_02_00,00_25_02_00,
11000082,????¢W,4022_00_00_00,,,4022_02_00_00,4022_03_00_00,
11000083,?????£A,4025_00_00_00,,,,,,,,,,,,,,,4025_04_00_00,
11000084,????˙Ûß∆,00_00_05_00,00_23_02_00,,00_02_40_00,00_03_03_05,,,,,,00_07_02_00,
11000085,????ßu?,01_00_22_00,,01_09_01_00,01_02_40_00,01_03_03_07,,,,,,,,,,,,,,,,,,,,,,,,,,,,,,01_24_00_00,01_25_01_00,
11000086,?????£i˛Õ,00_00_04_00,00_26_05_00,00_09_05_00,00_02_41_00,00_03_00_60,,,,,,,,,,,,,,,,,,,,,,,,,,,,,,,00_25_02_00,
11000087,?????§ö?˚º˚Á¶\,4037_00_00_00,,,4037_02_00_00,4037_03_00_00,4037_04_00_00,,,,,,,,,,,,4037_05_00_00,
11000088,?????§ö?˚º˚Á¶\,4038_00_00_00,,,4038_02_00_00,4038_03_00_00,,,,,,,,,,,,,4038_05_00_00,,,4038_04_00_00,
11000089,???,01_00_03_53,01_26_05_00,01_09_06_00,01_02_41_00,01_03_10_04,00_05_06_00,,,,,,,,,,,,00_18_02_00,,,,,,,,,,,,,,,,,,01_25_03_00,
11000090,??????,01_00_10_00,01_23_02_00,,01_02_42_00,01_03_05_04,,00_04_17_04,,,,,,00_20_03_00,00_20_03_00,,,,00_18_02_00,
11000091,??,4022_00_00_00,,,4022_02_00_00,4022_03_00_00,
11000092,???,04_00_03_53,04_23_02_00,,04_02_61_00,04_03_10_72,00_05_06_00,,,,,,,,,00_08_22_00,,,04_18_04_00,,,04_21_00_00,
11000093,??????,01_00_03_53,01_26_06_00,01_09_01_00,01_02_42_00,00_03_10_05,00_05_06_00,,,,,,,,,,,,00_18_02_00,,,,,,,,,,,,,,,,01_24_03_00,,01_25_01_02,
11000094,?????,4039_00_00_00,,,4039_02_00_00,,,,,,,,,4039_03_00_00,4039_03_00_00,,,,,,,,,,,,,,4039_10_00_00,
11000095,˛è?˛ë????¸Ó?,01_00_22_00,,01_09_08_00,01_02_42_00,01_03_00_07,,00_04_18_07,,,,00_07_07_00,,,,,,,00_18_00_00,,,,,,,,,,,,,,,,01_01_00_03,01_24_00_03,01_25_03_03,
11000096,????,4039_00_00_00,,,4039_02_00_00,,,,,,,,,4039_03_00_00,4039_03_00_00,,,,,,,,,,,,,,4039_10_00_00,
11000097,????,4019_00_00_00,,,4019_02_00_00,
11000098,???,4036_00_00_00,,,4036_02_00_00,
11000099,????,4039_00_00_00,,,4039_02_00_00,,,,,,,,,4039_03_00_00,4039_03_00_00,,,,,,,,,,,,,,4039_10_00_00,
11000100,??????,00_00_10_00,00_23_02_00,,00_02_43_00,00_03_00_01,,,,,,,,00_20_03_00,00_20_03_00,,,,00_18_02_00,
11000101,???,4009_00_00_00,,,4009_02_00_00,4009_03_00_00,
11000102,????,01_00_10_00,01_23_02_00,,01_02_42_00,01_03_05_02,,00_04_08_02,,,,,,00_20_03_00,00_20_03_00,,,,00_18_02_00,
11000103,?????,01_00_10_00,01_23_02_00,,01_02_42_00,01_03_09_09,,,,,,,,00_20_03_00,00_20_03_00,,,,00_18_02_00,
11000104,??????,00_00_10_00,00_23_02_00,,00_02_40_00,00_03_06_04,,,,,,,,00_20_03_00,00_20_03_00,,,,00_18_02_00,
11000105,???,00_00_03_53,00_26_04_00,00_09_05_00,00_02_42_00,00_03_10_05,00_05_06_00,,,,,,,,,,,,00_18_02_00,,,,,,,,,,,,,,,,,00_24_00_00,00_25_02_00,
11000106,˚Ú˝Õ?????,01_00_19_50,,01_09_07_00,01_02_40_00,01_03_06_52,,00_06_08_00,00_04_15_52,,,,,,,01_08_19_00,,,,,,,,,,,,,,,,,,,01_01_00_03,01_24_02_03,01_25_03_03,
11000107,????©]??,4009_00_00_00,,,4009_02_00_00,4009_03_00_00,
11000108,?????,4024_00_00_00,,,4024_02_00_00,4024_03_00_00,
11000109,¢Ü£m?˛⁄?,2001_00_00_04,
11000110,??˛⁄?,2001_00_00_07,
11000111,??˛⁄?,2001_00_00_01,
11000112,??˛⁄?,2001_00_00_03,
11000113,??˛⁄?,2001_00_00_10,
11000114,??˛⁄?,2001_00_00_02,
11000115,????????????,4036_00_00_00,,,4036_02_00_00,
11000118,?˛Œ???,4040_00_00_00,,,4040_02_00_00,
11000119,?˛Œ???,4019_00_00_00,,,4019_02_00_00,
11000120,?˛Œ???,4019_00_00_00,,,4019_02_00_00,
11000121,?˛Œ???,4019_00_00_00,,,4019_02_00_00,
11000122,˝Í?¶π§ï??????,4024_00_00_00,,,4024_02_00_00,4024_03_00_00,
11000123,˝Í?¶π§ï??????,4024_00_00_00,,,4024_02_00_00,4024_03_00_00,
11000124,˝Í?¶π§ï??????,4024_00_00_00,,,4024_02_00_00,4024_03_00_00,
11000125,˝Í?¶π§ï??????,4024_00_00_00,,,4024_02_00_00,4024_03_00_00,
11000126,????,01_00_03_53,01_26_03_00,01_09_10_00,01_02_41_00,01_03_10_52,00_05_06_00,,,,,,,,,,,,00_18_02_00,,,,,,,,,,,,,,,,,01_24_02_00,01_25_03_00,
11000127,??˚È?,4002_00_00_05,,,4002_02_00_05,4002_03_00_00,4002_05_00_05,,,,,,,,,,,,,,,4002_10_00_00,
11000128,??˚È?,4002_00_00_05,,,4002_02_00_05,4002_03_00_00,4002_05_00_05,,,,,,,,,,,,,,,4002_10_00_00,
11000129,˛ﬁ?˚È?,4002_00_00_07,,,4002_02_00_07,4002_03_00_00,4002_05_00_07,,,,,,,,,,,,,,,4002_10_00_00,
11000130,˛ﬁ?˚È?,4002_00_00_07,,,4002_02_00_07,4002_03_00_00,4002_05_00_07,,,,,,,,,,,,,,,4002_10_00_00,
11000131,¶F?˚È?,4002_00_00_00,,,4002_02_00_00,4002_03_00_00,4002_05_00_00,,,,,,,,,,,,,,,4002_10_00_00,
11000132,¶F?˚È?,4002_00_00_00,,,4002_02_00_00,4002_03_00_00,4002_05_00_00,,,,,,,,,,,,,,,4002_10_00_00,
11000133,˛_?˚È?,4002_00_00_03,,,4002_02_00_03,4002_03_00_00,4002_05_00_03,,,,,,,,,,,,,,,4002_10_00_00,
11000134,˛_?˚È?,4002_00_00_03,,,4002_02_00_03,4002_03_00_00,4002_05_00_03,,,,,,,,,,,,,,,4002_10_00_00,
11000135,???,1005_00_00_00,,,,,,,,,,,,,,,,,1005_18_00_00,
11000136,????,1005_00_00_08,,,,,,,,,,,,,,,,,1005_18_00_00,
11000137,??????,1005_00_00_01,,,,,,,,,,,,,,,,,1005_18_00_00,
11000138,?????,1005_00_00_04,,,,,,,,,,,,,,,,,1005_18_00_00,
11000139,??????,2010_00_00_00,,,,,,,,,,,,,,,,,,,,,,,,,,,,,,,,,null,null,null,
11000149,?©†????,4009_00_00_00,,,4009_02_00_00,4009_03_00_00,
11000150,?©†£è,9000_00_00_01,
11000151,?©†£è,9000_00_00_01,
11000152,?©†£è,9000_00_00_01,
11000153,????,01_00_90_00,01_01_00_00,01_09_24_00,01_02_90_00,01_03_90_00,,00_04_19_00,,,,,,,,,00_15_90_00,,,,,,,,,,,,,,,,,,01_01_00_00,01_24_00_00,01_25_01_00,
11000154,???,00_00_90_00,00_26_09_00,00_09_18_00,00_02_90_00,00_03_90_00,,,,,,,,,,00_08_90_00,00_10_90_00,,00_18_10_00,,,,,,,,,,,,,,,,,00_24_02_00,00_25_00_00,
11000155,????,05_00_91_00,05_26_91_00,05_09_26_00,05_02_91_00,05_03_91_00,,,,,,,,,,00_08_91_00,00_15_91_00,,05_18_04_00,,,05_21_00_04,,,,,,,,,,,,,,,05_25_06_11,
11000156,????,04_00_91_00,04_26_91_00,04_09_21_00,04_02_91_00,04_03_91_00,,,,,,,,,,00_08_91_00,00_17_91_00,,04_18_04_00,,,04_21_00_04,,,,,,,,,,,,,,,04_25_03_00,
11000157,????,02_00_92_00,02_26_92_00,02_09_92_00,02_02_92_00,02_03_92_00,,,,,,,,,,02_08_92_00,02_16_92_00,,02_18_03_00,,,,,,,,,,,,,4155,
11000158,???,03_00_92_00,03_26_92_00,03_09_92_00,03_02_92_00,03_03_92_00,,,,,,,00_22_93_00,,,,00_15_92_00,,03_18_03_00,00_22_92_00,,,,,,,,,,,,4155,,,,,03_25_00_00,
11000159,§ê?˝Õ§ï?,4019_00_00_00,,,4019_02_00_00,
#11000160,??????˙Ò???•Z?,01_00_25_00,,01_09_12_00,01_02_40_00,01_03_10_03,00_05_15_00,,,,,,,,,00_08_19_00,,,,,,,,,,,,,,,,,,,01_01_00_09,01_24_00_09,01_25_01_09,
#11000161,??????˙Ò???•Z?,01_00_25_00,,01_09_12_00,01_02_41_00,01_03_10_04,00_05_15_00,,,,,,,,,00_08_19_00,,,,,,,,,,,,,,,,,,,01_01_00_09,01_24_00_09,01_25_01_09,
#11000162,??????˙Ò???•Z?,01_00_25_00,,01_09_12_00,01_02_42_00,01_03_10_05,00_05_15_00,,,,,,,,,00_08_19_00,,,,,,,,,,,,,,,,,,,01_01_00_09,01_24_00_09,01_25_01_09,
#11000163,??????˙Ò???•Z?,01_00_25_00,,01_09_12_00,01_02_40_00,01_03_10_06,00_05_15_00,,,,,,,,,00_08_19_00,,,,,,,,,,,,,,,,,,,01_01_00_09,01_24_00_09,01_25_01_09,
11000160,??????˙Ò?????,01_00_28_00,,01_09_07_01,01_02_40_00,01_03_10_03,00_05_30_10,,,,,,,,,00_08_19_08,,,,,,,,,,,,,,,,,,,01_01_00_00,01_24_00_00,01_25_03_10,
11000161,??????˙Ò?????,01_00_28_00,,01_09_07_01,01_02_41_00,01_03_10_04,00_05_30_10,,,,,,,,,00_08_19_08,,,,,,,,,,,,,,,,,,,01_01_00_00,01_24_00_00,01_25_03_10,
11000162,??????˙Ò?????,01_00_28_00,,01_09_07_01,01_02_42_00,01_03_10_05,00_05_30_10,,,,,,,,,00_08_19_08,,,,,,,,,,,,,,,,,,,01_01_00_00,01_24_00_00,01_25_03_10,
11000163,??????˙Ò?????,01_00_28_00,,01_09_07_01,01_02_40_00,01_03_10_06,00_05_30_10,,,,,,,,,00_08_19_08,,,,,,,,,,,,,,,,,,,01_01_00_00,01_24_00_00,01_25_03_10,
11000164,¶F??????§ï?,4009_00_00_00,,,4009_02_00_00,4009_03_00_00,
11000165,????,4039_00_00_00,,,4039_02_00_00,,,,,,,,,4039_03_00_00,4039_03_00_00,,,,,,,,,,,,,,4039_10_00_00,
11000166,??????????ßç?,4002_00_00_00,,,4002_02_00_00,4002_03_00_00,4002_05_00_00,
11000167,??????????ßç?,4002_00_00_00,,,4002_02_00_00,4002_03_00_00,4002_05_00_00,
11000168,????????,01_00_35_00,,01_09_03_00,01_02_41_00,01_03_01_52,,00_06_14_00,,,,,,,,,00_12_01_00,00_11_00_00,,,,,,,,,,,,,,,,,,,01_25_02_00,
11000169,?????????,00_00_36_00,00_01_00_09,00_09_01_00,00_02_42_00,00_03_10_51,00_05_21_00,,,,,00_07_07_00,,,,,00_15_03_00,,,,,,,,,,,,,,,,,,00_01_00_09,00_24_00_09,00_25_01_09,
11000170,???????,01_00_08_00,01_26_02_00,01_09_05_00,01_02_41_00,01_03_10_04,01_05_06_00,,,,,,,00_20_00_00,00_20_00_00,,00_10_04_00,00_11_03_00,,,,,,,,,,,,,,,,,01_01_00_50,01_24_01_50,01_25_02_50,
11000171,?????????,00_00_17_50,00_26_05_00,00_09_05_00,00_02_40_00,00_03_10_52,00_05_04_00,,,,,,,,,,00_19_02_00,,,,,,,,,,,,,,,,,,,,00_25_02_00,
11000172,???????ßç?,4002_00_00_03,,,4002_02_00_03,4002_03_00_00,4002_05_00_03,,,,,,,,,,,,,,,4002_10_00_00,
11000176,???,2005_00_00_00,null,null,null,null,null,null,null,null,null,null,null,null,null,null,null,null,null,null,null,null,null,null,null,null,null,null,null,null,,7724,null,null,
11000177,????,2009_00_00_00,null,null,null,null,null,null,null,null,null,null,null,null,null,null,null,null,null,null,null,null,null,null,null,null,null,null,null,null,,7701,null,null,
11000178,????,2016_00_00_00,null,null,null,null,null,null,null,null,null,null,null,null,null,null,null,null,null,null,null,null,null,null,null,null,null,null,null,null,,7714,null,null,
11000179,???,2001_00_00_00,null,null,null,null,null,null,null,null,null,null,null,null,null,null,null,null,null,null,null,null,null,null,null,null,null,null,null,null,,7723,null,null,
11000180,???,2006_00_00_00,null,null,null,null,null,null,null,null,null,null,null,null,null,null,null,null,2006_18_00_00,null,null,null,null,null,null,null,null,null,null,null,,null,null,8005,
11000191,????????,00_00_45_00,00_26_08_00,00_09_07_00,00_02_42_00,00_03_06_11,null,null,null,null,null,,,,,,,,,,,,,,,,,,,,,,,,,,00_25_03_00,
11000196,????£i°êß˜,4006_00_00_00,,,4006_02_00_00,4006_03_00_00,,,,,,,,,,,4006_10_00_00,
11000197,?????°êß˜,4007_00_00_00,,,4007_02_00_00,4007_03_00_00,,,,,,,,,,,,,,,,,,,,,,,00_15_04_00,
11000198,????£i?,4004_00_00_00,,,4004_02_00_00,4004_03_00_00,
11000202,???????˛Ç£i,4004_00_00_50,,,4004_02_00_50,4004_03_00_50,
11000205,???????˛Ç?,4005_00_00_50,,,4005_02_00_50,4005_03_00_50,
11000211,??˙Û,4023_00_00_00,,,4023_02_00_00,4023_03_00_00,
11000221,???§ï?,02_00_10_50,,02_09_13_09,02_02_52_00,02_03_01_62,02_05_16_00,,,,,,,,,,,,02_18_03_00,,,,,,,,,,,,,,,,02_01_00_09,02_24_00_09,02_25_01_09,
11000229,??ß˜˙Ô,4006_00_00_50,,,4006_02_00_50,4006_03_00_50,,,,,,,,,,,4006_10_00_00,
11000230,??ß˜˙Ô,4007_00_00_50,,,4007_02_00_50,4007_03_00_50,,,,,,,,,,,,,,,,,,,,,,,00_15_04_00,
11000231,?©ú???¢Ü•k˙ˆ,4035_00_00_50,,,4035_02_00_50,
11000234,?©ú˙È??¸Ó¶g,00_00_17_51,00_23_01_50,,00_02_42_00,00_03_10_09,00_05_30_01,
11000235,?©ú˙È??¸Ó?,01_00_34_50,,00_09_14_00,01_02_42_00,01_03_10_09,01_05_11_09,,,,,,,,,,,,,,,,,,,,,,,,,,,,01_01_00_09,01_24_00_09,01_25_01_09,
11000249,??????,04_00_36_51,04_26_04_50,04_09_09_00,04_02_62_00,04_03_02_05,,,,,,,,,,,,,04_18_04_00,,,04_21_00_00,,,,,,,,,,,,,,04_24_00_00,04_25_03_00,
11000257,??¸Â?˛∞,04_00_37_00,04_26_08_00,04_09_07_00,04_02_02_00,04_03_06_10,,,,,,04_07_12_00,,,,04_08_22_00,,,04_18_04_00,,,04_21_00_00,,,,,,,,,,,,,,,04_25_03_00,
11000260,?????????????,2004_00_00_00,,,,,,,,,,,,,,,,,,,,,,,,,,,,,,7717,,,null,null,null,
11000261,???????????,00_00_45_50,00_26_08_50,00_09_07_00,00_02_41_00,00_03_06_09,null,null,null,null,null,,,,,,,,,,,,,,,,,,,,,,,,,,00_25_03_00,
11000270,˚Ú˝Õ§ï?,00_00_03_53,00_26_04_00,00_09_05_00,00_02_00_00,00_03_10_10,00_05_06_01,,,,,,,,,,,,,,,,,,,,,,,,,7703,,,,00_24_00_00,00_25_02_00,
11000271,˚Ú˝Õ§ï?,02_00_27_00,02_26_05_51,02_09_09_00,02_02_02_01,02_03_06_60,02_05_16_00,,,,,02_07_12_00,,,,,,,02_18_03_00,,,,,,,,,,,,,7703,,,00_09_09_00,,02_25_03_00,
11000276,???§ï?,05_00_05_00,05_26_02_50,05_25_04_00,05_02_02_04,05_03_13_02,,,,,,,,,,,,,05_18_04_00,,,05_21_00_00,,,,,,,,,,7703,,,05_01_01_00,05_24_00_00,
11000278,?????§ï?,00_00_43_00,00_26_13_00,00_09_10_00,00_02_00_00,00_03_03_52,,,,,,00_07_11_00,,,,,,,,,,,,,,,,,,,,7703,,,,,00_25_03_00,
11000282,????ßu?,4021_00_00_00,,,4021_02_00_00,4021_03_00_00,,,,,,,,,,,,,,,,,,,,,,,,,,7703,
11000287,???˛Ñ£R??,4020_00_00_00,,,4020_02_00_00,4020_03_00_00,,,,,,,,,,,,,,,,,,,,,,,,,,7703,
11000295,???,01_00_34_50,,01_09_02_00,01_02_01_00,01_03_02_60,,,,,,,,,,01_08_07_00,,,,,,,,,,,,,,,,7703,,,01_01_00_05,01_24_00_05,01_25_01_05,
11000296,??????,4008_00_00_50,,,4008_02_00_50,4008_03_00_50,,,,,,,,,,,,,,,,,,,,,,,,,,7703,
11000297,???????,4008_00_00_51,,,4008_02_00_51,4008_03_00_51,,,,,,,,,,,,,,,,,,,,,,,,,,7703,
11000299,˚“£ï,4034_00_00_00,,,4034_02_00_00,,,,,,,,,,,,4034_07_00_00,,,,,,,,,,,,,,,7703,
11000307,????????ßçß˜,4011_00_00_00,,,4011_02_00_00,4011_03_00_00,,,,,,,,4011_04_00_00,4011_04_00_00,,4011_05_00_00,,,,,,,,,,,,,,,7703,
11000308,???????,2000_00_00_00,,,,,,,,,,,,,,,,,,,,2000_25_00_00,,,,,,,,,,7705,
11000312,?????˛T?˚‘,00_00_10_00,00_23_02_51,,00_02_31_00,,,,,,,,,00_20_03_00,00_20_03_00,,,00_11_01_50,,,,,,,,,,,,,,7703,
11000314,???,4036_00_00_00,,,4036_02_00_00,,,,,,,,,,,,,,,,,,,,,,,,,,,7703,
11000319,????????¢Å,00_00_05_00,00_26_05_50,00_09_19_00,00_02_00_04,00_03_10_51,00_05_05_50,,,,,,,,,,,,,,,,,,,,,,,,,7703,,,,,00_25_01_00,
11000320,????????¢Å,04_00_03_53,04_26_04_50,04_09_09_00,04_02_03_01,04_03_10_71,04_05_05_50,,,,,,,,,,,,04_18_04_00,,,04_21_00_00,,,,,,,,,,7703,,,,,04_25_03_00,
11000321,????????¢Å,01_00_01_00,01_26_03_00,01_09_09_00,01_02_02_01,01_03_10_51,01_05_05_50,,,,,,,,,,,,,,,,,,,01_04_06_00,,,,01_18_07_00,,7703,,,,01_24_02_00,01_25_03_00,
11000325,˛ˆßF?˛‰¶g,00_00_05_00,00_01_38_00,00_09_40_00,00_02_02_01,00_03_06_01,
11000331,????,1057_00_00_00,
11000337,????,1057_00_00_09,
11000346,???????,05_00_05_50,05_26_02_51,05_09_14_00,05_02_61_00,05_03_05_70,05_04_19_70,,,,,05_06_05_00,,05_20_08_51,05_20_08_51,,,,05_18_04_00,,,05_21_00_00,,,,,,,05_17_03_00,05_18_06_00,,,,,05_01_00_04,05_24_00_04,05_25_01_04,
11000347,???°P˙Ô,4010_00_00_00,,,4010_02_00_00,,,,,,,,,4010_03_00_00,4010_03_00_00,,4010_04_00_00,
11000357,?????,2018_00_00_00,,,,,,,,,,,,,,,,,,,,,,,,,,,,,,7703,,,null,null,null,
11000382,?˙„????,4039_00_00_50,,,4039_02_00_50,,,,,,,,,4039_03_00_50,4039_03_00_50,,,,,,,,,,,,,,4039_10_00_00,
11000383,??£l?°K?˙ˆ???,4031_00_00_50,,,4031_02_00_50,4031_03_00_50,
11000384,?¸Æ?˛T?˚‘???,4022_00_00_50,,,4022_02_00_50,4022_03_00_50,
11000385,?????,4041_00_00_50,,,4041_02_00_50,
11000386,???????˛œ˚£?,4042_00_00_06,,,4042_02_00_06,,,,,,,,,,,,,,,,,,,,,,,,00_12_09_00,
11000387,???˛œ˚£?,4042_00_00_50,,,4042_02_00_50,,,,,,,,,,,,,,,,,,,,,,,,00_12_09_00,
11000389,ßî˝Í???,00_00_35_50,,00_09_06_00,00_02_03_04,00_03_05_10,,,,,,,,,,,,,,,,,,,,,,,,,,,,,null,null,00_25_03_00,
11000391,???,00_00_03_01,00_26_09_50,00_09_19_00,00_02_41_00,00_03_01_01,,00_06_11_00,,,,,,,,00_08_19_01,,,,,,,,,,,,,,00_18_07_00,,,,,null,00_24_03_10,00_25_01_10,
11000392,???,01_00_03_03,01_26_08_56,01_09_23_00,01_02_41_00,01_03_01_03,,01_06_26_00,,,,,,,,01_08_19_03,,,,,,,,,,,,,,01_18_07_50,,,,,01_01_08_03,null,01_25_01_03,
11000393,????,00_00_03_07,00_26_09_50,00_09_19_00,00_02_42_00,00_03_03_07,,00_06_11_00,,,,,,,,00_08_19_07,,,,,,,,,,,,,,00_18_07_00,,,,,null,00_24_03_10,00_25_01_10,
11000394,????,00_00_03_05,00_26_09_50,00_09_19_00,00_02_40_00,00_03_05_05,,00_06_11_00,,,,,,,,00_08_19_05,,,,,,,,,,,,,,00_18_07_00,,,,,null,00_24_03_10,00_25_01_10,
11000395,????,04_00_03_09,04_26_09_50,04_09_19_00,04_02_61_00,04_03_02_10,,04_06_11_00,,,,,,,,04_08_19_09,,,04_18_04_00,,,04_21_00_00,,,,,,,,04_18_07_50,,,,,null,04_24_03_10,04_25_01_10,
11000400,???????,01_00_17_50,,01_09_13_00,01_02_41_00,01_03_00_09,01_06_09_00,,,,,,,,,,,,,,,,,,,,,,,,,,,,01_01_00_00,01_24_00_07,01_25_01_07,
11000431,¶r????˛T?˚‘,02_00_55_00,,,02_02_03_01,02_03_08_61,02_05_16_00,,,,,02_06_29_00,,,,,,,02_18_03_00,,,,,,,,,,,,,,,,,,02_25_09_00,
11000432,?????˛T?˚‘,04_00_57_00,04_26_18_00,04_09_05_50,04_02_03_02,04_03_02_07,04_06_34_00,,,,,,,,,,,,04_18_04_00,,,04_21_00_00,,,,,,,,,,,,,,,04_25_02_00,
11000435,˚Ú?§ï?,01_00_19_50,,01_09_07_00,01_02_42_00,01_03_05_10,,00_06_08_00,00_04_10_10,,,,,,,01_08_19_00,,,,,,,,,,,,,,,,,,,01_01_00_03,01_24_00_03,01_25_03_03,
11000436,˚Ú?§ï?,01_00_19_50,,01_09_07_00,01_02_41_00,01_03_05_09,,00_06_08_00,00_04_13_09,,,,,,,01_08_19_00,,,,,,,,,,,,,,,,,,,01_01_00_03,01_24_00_03,01_25_03_03,
11000437,˚Ú?§ï?,01_00_19_50,,01_09_07_00,01_02_40_00,01_03_05_50,,00_06_08_00,00_04_16_50,,,,,,,01_08_19_00,,,,,,,,,,,,,,,,,,,01_01_00_03,01_24_00_03,01_25_03_03,
11000438,˚Ú?§ï?,01_00_19_50,,01_09_07_00,01_02_40_00,01_03_05_51,,00_06_08_00,00_04_17_51,,,,,,,01_08_19_00,,,,,,,,,,,,,,,,,,,01_01_00_03,01_24_00_03,01_25_03_03,
11000405,???????£A,00_00_22_00,00_23_03_00,,00_02_42_00,00_03_06_04,,,,,,00_07_00_00,
11000508,??????¢n˝æ???,4013_00_00_00,,,4013_02_00_00,4013_03_00_00,
11000509,??????¢n˝æ?˛ﬁ?,4016_00_00_00,,,4016_02_00_00,,,,,,,,,,,,,,,,,,,,,,,,00_13_09_00,
11000510,??????¢n˝æ?¶F?,4008_00_00_00,,,4008_02_00_00,4008_03_00_00,
11000511,??????¢n˝æ?˛_?,4005_00_00_00,,,4005_02_00_00,4005_03_00_00,
11000517,???????????,4002_00_00_09,,,4002_02_00_09,4002_03_00_09,4002_05_00_09,,,,,,,,,,,,,,,4002_10_00_00,
11000536,?????˛e˝Õ??,01_00_41_00,,01_09_07_00,01_02_40_00,01_03_06_50,01_06_20_00,01_04_00_00,,,,,,,,01_08_13_00,,,,,,,,,,,,,,,,,,,01_01_00_00,01_24_00_00,01_25_03_00,
11000538,???????,4032_00_00_00,,,,,,,,,,,,,,,00_15_14_00,
11000545,??,00_00_03_50,00_26_07_00,00_09_03_00,04_02_02_00,04_03_02_71,,,,,,,,,,,,,,,,,,,,,,,,,,,,,,,00_25_02_00,
11000546,???,03_00_17_52,,03_09_05_00,03_02_01_00,03_03_10_60,03_05_05_50,,,,,,,,,,,,03_18_03_00,,,,,,,,,,,,,,,,03_01_00_00,03_24_00_00,03_25_02_00,
11000552,??,00_00_17_00,00_26_04_50,00_09_19_00,00_02_00_04,00_03_03_60,,,,,,,,,,,,,00_18_02_00,,,,,,,,,,,,,,,,,,00_25_03_00,
11000556,????,00_00_45_00,00_26_05_51,00_09_07_00,00_02_00_02,00_03_02_10,,,,,,00_07_11_00,,,,,,,,,,,,,,,,,,,,,,,,,00_25_03_00,
11000573,???,01_00_19_00,,01_09_02_00,01_02_01_01,01_03_05_50,,,,,,,,,,,,,,,,,01_04_07_00,,,,,,,,,,,,01_01_00_00,01_24_00_00,01_25_01_00,
11000592,???,05_00_13_00,05_26_06_52,05_25_04_09,05_02_02_13,05_03_11_10,,05_06_11_00,,,,,,,,,,,05_18_04_00,,,05_21_00_00,05_04_07_10,,,,,,,,,,,,,05_24_03_09,05_25_00_09,
11000628,???de????,03_00_49_00,03_26_08_50,03_09_13_00,03_02_03_02,03_03_02_60,03_05_16_00,,,,,,,,,,,,03_18_03_00,,,,,,,,,,,,,,,,03_01_03_02,null,03_25_01_02,
#,
11000633,?????????,00_00_30_50,00_26_05_51,00_09_07_00,00_02_03_01,00_03_10_50,00_05_39_00,,,,,,,,,,,,,,,,,,,,,,,00_18_07_00,,,,,null,null,00_25_03_00,
11000634,???,1061_00_00_00,
#,
11000635,????ß˜˙Ô,4039_00_00_51,,,4039_02_00_51,,,,,,,,,4039_03_00_51,4039_03_00_51,,,,,,,,,,,,,,4039_10_00_00,
11000638,˛Ç¸À????????§ï˚Á,4025_00_00_50,,,,,,,,,,,,,,,4025_04_00_00,
11000667,???°P˙Ô,4010_00_00_00,,,4010_02_01_00,,,,,,,,,4010_03_00_00,4010_03_00_00,,4010_04_00_00,
11000641,˝Í?¶π§ï??????,4024_00_00_50,,,4024_02_00_50,4024_03_00_50,
11000642,?????????,4013_00_00_50,,,4013_02_00_50,4013_03_00_50,
11000643,???????????,4020_00_00_50,,,4020_02_00_50,4020_03_00_50,
11000656,???£b£b?????,04_00_52_50,,,,,04_02_71_00,,,,,,,,,04_08_22_00,,04_11_15_00,04_18_04_00,,,04_21_00_00,,,,,,,,04_18_07_50,,,,,,,04_25_07_00,
11000657,???£b£b??????,01_00_50_50,01_26_08_57,01_09_17_50,,,01_02_71_00,,,,,,,01_20_18_50,01_20_18_50,01_08_12_00,,,,,,,,,,,,,,01_18_07_00,,,,,01_01_10_00,
11000658,???£b£b??????,02_00_48_50,02_26_12_50,02_09_17_50,,,02_02_71_00,,,,,,,,,02_08_24_00,,,02_18_03_00,,,,,,,,,,,02_18_07_50,,,,,,02_24_04_00,02_25_04_00,
11000659,???£b£b??????,00_00_42_50,00_23_05_50,,,,00_02_71_00,,,,,,,,,,,,,,,,,,,,,,,00_18_07_00,
11000660,?????????§ï?,00_00_51_50,00_26_15_50,00_09_07_00,,,00_02_71_00,,,,,,,,,,,,,,,,,,,,,,,,,,,,,,00_25_03_00,
11000661,?????????§ï?,01_00_46_50,,01_09_19_50,,,01_02_71_00,,,,,,,,,,,,,,,,,,,,,,,,,,,,01_01_00_07,01_24_00_07,01_25_03_07,
11000662,?????????§ï?,01_00_41_50,,01_09_07_00,,,01_02_71_00,,,,,,,,,,,,,,,,,,,,,,,,,,,,01_01_00_09,01_24_00_09,01_25_03_09,
11000663,?????????§ï?,05_00_53_51,,05_09_21_51,,,05_02_71_00,,,,,,,,,,,,05_18_04_00,,,05_21_00_00,,,,,,,,,,,,,05_01_00_05,05_24_00_05,05_25_02_05,
11000668,??˚Ú?,04_00_91_00,04_26_91_00,04_09_21_00,,,04_02_71_00,,,,,,,,,04_08_91_00,,,04_18_04_00,,,04_21_00_04,,,,,,,,,,,,,,04_25_03_00,
11000678,???£b???,05_00_40_50,,,,,05_02_71_00,,,,,,,,,,,05_11_15_00,05_18_04_00,,,05_21_00_00,,,,,05_11_14_00,,,05_18_07_50,,,,,,,05_25_08_00,
11000685,°X˝Ë????,4009_00_00_50,,,4009_02_00_50,4009_03_00_50,
11000686,???????˚Ú?§ï?,00_00_37_51,00_26_03_50,00_09_02_03,00_02_40_00,00_03_11_52,,,,,,00_07_07_51,,,,,,,,,,,,,,,,,,,,,,,,00_24_02_00,00_25_01_00,
11000695,???§ï?,01_00_61_00,01_26_12_00,01_09_22_51,01_02_42_00,01_03_07_51,,,,,,,,,,01_08_27_00,,,,,,,,,,,,,,,,,,,,,01_25_02_00,
11000696,?˝Õ?????,4042_00_00_51,,,4042_02_00_51,,,,,,,,,,,,,,,,,,,,,,,,00_12_09_00,
11000697,????????£ï,00_00_50_00,00_26_14_00,00_09_22_00,00_02_00_00,00_03_02_52,,,,,,00_07_07_09,,,,,,,,,,,,,,,,,,,,,,,,,00_25_01_00,
11000699,?˙Â?˛ÿ•G ,00_00_03_51,00_26_05_51,00_09_07_00,00_02_42_00,00_03_06_60,,00_06_07_07,,,,,,,,,,,,,,,,,,,,,,,,,,,,,00_25_03_00,
#,
11000700,????????,2000_00_00_00,,,,,,,,,,,,,,,,,,,,2000_25_00_00,,,,,,,,,,7705,
#,
11000702,?????,2022_00_00_00,
11000708,?????,2023_00_00_00,
11000714,?????,2024_00_00_00,
11000723,?????,2025_00_00_00,,,,,,,,,,,,,,,,,,,,,,,,,,,,,,7703,
11000724,??£ã??£i,2025_00_00_00,
11000725,???,03_00_92_00,03_26_92_00,03_09_92_00,03_02_92_00,03_03_92_00,,,,,,,00_22_93_00,,,,00_15_92_00,,03_18_03_00,00_22_92_00,,,,,,,,,,,,4155,,,,,03_25_00_00,
11000726,?????,2026_00_00_00,,,,,,,,,,,,,,,,,,,,,,,,,,,,,,9181,,9183,
11000727,???????????,2009_00_00_00,,,,,,,,,,,,,,,,,,,,,,,,,,,,,,7701,
11000728,?????????????,2010_00_00_00,
11000729,??????????,2013_00_00_00,,,,,,,,,,,,,,,,,,,,,,,,,,,,,,7704,
11000730,?????????????,2004_00_00_00,,,,,,,,,,,,,,,,,,,,,,,,,,,,,,7717,
11000731,?????????????,2007_00_00_00,,,,,,,,,,,,,,,,,,,,,,,,,,,,,,,,8005,
11000732,??????????,2005_00_00_00,,,,,,,,,,,,,,,,,,,,,,,,,,,,,,7724,
11000733,????????????,2000_00_00_00,,,,,,,,,,,,,,,,,,,,,,,,,,,,,,7705,
11000734,
11000735,
#,
11000743,???¢P£ï,2001_00_00_09,
11000744,????????¢Ñ?,05_00_54_00,05_26_09_00,05_09_22_00,05_02_61_00,05_03_10_70,05_05_06_51,,,,,05_07_15_00,,,,,,,05_18_04_00,,,05_21_00_00,,,,,,,,,,,,,,05_24_02_00,05_25_02_00,
11000745,?????????¢Ñ?,01_00_55_00,01_26_08_56,01_09_23_00,01_02_41_00,01_03_05_08,,01_04_18_08,,,,01_07_14_00,,,,,,,,,,,,,,,,,,,,,,,01_01_08_00,,01_25_01_00,
11000746,??????????¢Ñ?,00_00_51_00,00_26_15_00,00_09_07_00,00_02_42_00,00_03_10_01,00_05_02_50,,,,,00_07_07_50,,,,,,,,,,,,,,,,,,,,,,,,,00_25_03_00,
11000749,©˚??¢„?,03_00_23_00,,03_09_26_00,03_02_03_00,03_03_02_11,03_06_23_00,,,,,,,,,03_08_22_00,,,,,,,,,,,,,,,,,,,03_01_00_00,03_24_00_00,03_25_03_00,
11000751,????˚‘,01_00_35_50,,01_09_02_00,01_02_40_00,01_03_10_50,01_05_28_00,,,,,,,,,,01_12_16_00,,,,,,,,,,,,,,,,,,,,01_25_01_00,
11000752,????˚‘,00_00_35_52,,00_09_02_00,00_02_41_00,00_03_10_11,00_05_28_00,,,,,,,,,,00_12_16_00,,,,,,,,,,,,,,,,,,,,00_25_01_00,
11000753,????˚‘,00_00_35_00,,00_09_02_00,00_02_42_00,00_03_10_05,00_05_28_00,,,,,,,,,,00_12_16_00,,,,,,,,,,,,,,,,,,,,00_25_01_00,
11000756,????¶x?,00_00_50_00,00_26_14_00,00_09_22_00,00_02_41_00,00_03_08_10,00_04_07_10,,,,,,,,,,00_13_18_00,,00_18_08_00,,,,,,,,,,,,,,,,,,00_25_01_00,
11000757,???,01_00_35_50,,01_09_09_00,01_02_41_00,01_03_00_52,01_06_00_00,01_04_08_52,,,,,,,,,,,01_18_08_00,,,,,,,,,,,,,,,,,,01_25_01_00,
11000758,??,01_00_35_51,,01_09_06_00,01_02_42_00,01_03_05_60,01_06_20_00,,,,,,,,,,01_13_17_00,,01_18_08_00,,,,,,,,,,,,,,,,,,01_25_01_00,
11000759,?????,00_00_50_00,00_26_14_00,00_09_22_00,00_02_40_00,00_03_01_01,,,,,,,,,,,00_13_18_00,,00_18_08_00,,,,,,,,,,,,,,,,,,00_25_01_00,
11000760,????,01_00_35_52,,01_09_22_00,01_02_40_00,01_03_05_11,01_04_07_11,,,,,,,,,,00_13_18_00,,00_18_08_00,,,,,,,,,,,,,,,,,,01_25_01_00,
11000761,???,00_00_50_00,00_26_14_00,00_09_22_00,00_02_41_00,00_03_03_05,,,,,,,,,,,00_13_18_00,,00_18_08_00,,,,,,,,,,,,,,,,,,00_25_01_00,
11000764,¶€??˛ÿ,00_00_38_00,00_26_05_51,00_09_07_09,00_02_00_00,00_03_12_10,,,,,,00_07_12_00,,,,,,,,,,,,,,,,,,,,,,,,,00_25_03_00,
11000766,???????,02_00_55_50,,,02_02_00_00,02_03_01_07,02_06_29_50,,,,,,,,,,,,02_18_03_00,,,,,,,,,,,,,,,,,,02_25_09_50,
11000768,??®˘???,00_00_60_50,,,,,00_02_71_50,
11000779,????˛T?˚‘,00_00_56_00,00_26_17_00,00_09_23_00,00_02_40_00,00_03_10_51,00_05_40_00,,,,,,,,,,,,00_18_02_00,,,,,,,,,,,,,,,,,00_24_02_00,00_25_01_00,
11000780,??????,1047_00_00_50,,,,,,,,,,,,,,,,,,,,,,,,,,,,,,7705,
11000781,??,1027_00_00_10,,,,,,,,,,,,,,,,,,,,,,,,,,,,,,7705,
11000782,??˛o¢l,1047_00_00_09,,,,,,,,,,,,,,,,,,,,,,,,,,,,,,7705,
11000785,???,03_00_67_00,,,03_02_50_00,03_03_13_60,03_05_17_00,,,,,03_06_43_00,,,,,,,03_18_03_50,,,,,,,,,,,,,,,,03_01_14_00,03_24_06_00,03_25_09_00,
11000790,????????,1075_00_00_00,,,,,,,,,,,,,,,,,,,,,,,,,,,,,,,,7753,
11000791,???????,1076_00_00_01,,,,,,,,,,,,,,,,,,,,,,,,,,,,,,,,7753,
11000792,?????????,05_00_54_00,05_26_09_00,05_09_22_00,05_02_61_00,05_03_10_70,05_05_06_51,,,,,05_07_15_00,,,,,,,05_18_04_00,,,05_21_00_00,,,,,,,,,,,,,,05_24_02_00,05_25_02_00,
11000811,£X????,4008_00_00_52,,,4008_02_00_52,4008_03_00_52,
11000812,£X????,4008_00_00_53,,,4008_02_00_53,4008_03_00_53,
11000813,????˝Õ?•|,4016_00_00_50,,,4016_02_00_50,4016_03_00_50,,,,,,,,,,,,,,,,,,,,,,,00_13_09_00,
11000814,??????˝Õ?•|,4016_00_00_52,,,4016_02_00_52,4016_03_00_52,,,,,,,,,,,,,,,,,,,,,,,00_13_09_00,
11000815,????£b?˚Á,4034_00_00_50,,,4034_02_00_50,,,,,,,,,,,,4034_07_00_50,
11000816,?????,4023_00_00_51,,,4023_02_00_51,4023_03_00_51,
11000817,??????,4023_00_00_50,,,4023_02_00_50,4023_03_00_50,
11000818,???˙Ò,4021_00_00_50,,,4021_02_00_50,4021_03_00_50,
11000819,????ß˜??,4010_00_00_50,,,4010_02_00_50,,,,,,,,,4010_03_00_50,4010_03_00_50,,4010_04_00_00,
11000820,????ß˜??,4011_00_00_50,,,4011_02_00_50,4011_03_00_50,,,,,,,,4011_04_00_50,4011_04_00_50,
11000821,???????,1057_00_00_12,
11000822,????˛©©ò,4016_00_00_51,,,4016_02_00_51,4016_03_00_51,,,,,,,,,,,,,,,,,,,,,,,00_13_09_00,
11000823,˛©©ò??????,4009_00_00_51,,,4009_02_00_51,4009_03_00_51,
11000828,?•õ???ßF?,00_00_71_00,00_26_05_53,00_09_07_09,00_02_40_00,00_03_13_11,,,,,,,,,,00_08_21_50,,,,,,,,,,,,,,,,,,,null,null,00_25_03_00,
11000829,?•õ???ßF?,00_00_71_50,00_26_05_54,00_09_07_01,00_02_40_00,00_03_13_61,,,,,,,,,,00_08_21_50,,,,,,,,,,,,,,,,,,,null,null,00_25_03_00,
11000838,?????§ï?,00_00_39_07,00_26_05_50,00_09_07_00,00_02_40_00,00_03_00_52,00_07_07_09,
11000843,˝–??????,00_00_29_53,00_26_03_50,00_09_03_51,00_02_40_00,00_03_05_05,00_06_44_00,,,,,,,,,,,,,,,,,,,,,,,,,,,,,00_24_00_00,00_25_02_00,
11000848,£X?¶¯?¸Æ?,00_00_37_51,00_26_04_50,00_09_10_00,00_02_40_00,00_03_10_08,00_05_02_00,,,,,,,,,,,,,,,,,,,,,,,,,,,,,00_24_00_07,00_25_00_07,
11000850,???§ï?,
11000856,???¢r?˛T?˚‘,05_00_58_00,,05_09_29_00,05_02_60_00,05_03_04_02,05_06_01_50,,,,,,,,,,,,05_18_04_00,,,05_21_00_00,,,,,,,,,,,,,05_01_09_00,
11000860,°q?????˚ı¶‹,01_00_50_00,01_26_08_54,01_09_17_00,01_02_40_00,01_03_01_50,,01_06_22_00,,,,,,01_20_18_00,01_20_18_00,,,,,,,,,,,,,,,,,,,,01_01_10_00,01_24_00_00,
11000861,°q??????,05_00_56_00,,05_09_27_00,05_02_60_00,05_03_07_72,,,,,,,,,,,,,05_18_04_00,,,05_21_00_00,,,,,,,,,,,,,05_01_07_00,05_24_04_09,05_25_01_09,
11000862,????,04_00_61_50,,04_09_24_50,04_02_03_00,04_03_02_11,04_06_25_52,,,,,,,,,,,,04_18_04_00,,,04_21_00_00,
11000874,???????¸Ó¶g,02_00_03_56,02_26_04_50,02_09_05_50,02_02_40_00,02_03_04_01,,,,,,,,,,,,,02_18_08_00,,,,,,,,,,,,,,,,,02_24_00_00,02_25_02_00,
11000875,•h?????????,01_00_46_04,,01_09_19_04,01_02_03_01,01_03_05_50,01_04_19_00,,,,,,,,,01_18_12_03,,,01_18_02_50,,,,,,,,,,,,,,,,01_01_00_00,01_24_00_03,01_25_03_03,
11000900,??,01_00_62_50,01_26_13_50,01_09_32_50,01_02_02_04,01_03_10_10,01_05_07_51,,,,,01_07_07_50,,,,,,,,,,,,,,,,,,,,,,,,01_24_05_00,01_25_01_00,
#,
11000910,????˛Œ???(????????),03_00_68_50,03_26_15_50,03_09_35_50,03_02_50_00,03_03_05_61,03_05_16_00,,,,,03_07_07_51,,,,,,,03_18_03_00,,,,03_04_06_61,,,,,,,03_18_07_00,,,,,03_01_00_00,03_24_00_00,03_25_01_00,
11000912,????˛Œ???(????°D?),00_00_56_50,00_26_17_50,00_09_23_00,00_02_43_00,00_03_01_62,,,,,,00_07_07_51,,,,,,,00_18_02_50,,,,,,,,,,,,,,,,,00_24_02_00,00_25_01_00,
11000914,???°ü????,04_00_35_50,,04_09_05_51,04_02_70_00,,,,,,,,,,,,,,04_18_04_00,,,04_21_00_00,,,,,,,,,,,,,,,04_25_00_00,
11000919,????????,01_00_19_50,,01_09_38_00,01_02_03_02,01_03_10_06,01_05_33_00,,,,,,,,,01_08_25_00,,,,,,,,,,,,,,,,,,,01_01_00_00,01_24_00_00,01_25_03_00,
#,
11000927,??????˙Û,03_00_02_50,03_26_08_58,03_09_04_00,03_02_50_00,03_03_02_60,03_05_16_00,,,,,,,,,,,,03_18_03_00,,,,,,,,,,,,,,,,03_01_03_03,03_24_00_03,03_25_02_03,
11000932,????˛T?˚‘?,01_00_17_00,,01_09_02_00,01_02_42_00,01_03_09_51,,,,,,,,,,,,,,,,,,,,,,,,,,,,,,01_24_00_00,01_25_01_00,
11000933,????˛T?˚‘?,00_00_17_00,00_26_04_50,00_09_02_00,00_02_41_00,00_03_10_50,00_05_05_00,,,,,,,,,,,,,,,,,,,,,,,,,,,,,00_24_02_00,00_25_01_00,
11000934,°I¶ì˛T?˚‘,02_00_08_10,02_26_05_50,02_09_02_00,02_02_50_00,02_03_03_08,02_05_16_00,,,,,,,02_20_00_10,02_20_00_10,,,,02_18_03_00,,,,,,,,,,,,,,,,,,02_25_01_00,
11000944,?????˛Q???˙Û,03_00_04_00,,03_09_04_00,03_02_40_00,03_03_04_06,03_05_16_00,,,,,,,,,,,,03_18_03_00,,,,,,,,,,,,,,,,03_01_00_03,03_24_00_03,03_25_02_03,
11000945,??¢n˝æ???˙Û,01_00_19_00,,01_09_02_00,01_02_51_00,01_03_05_50,,,,,,,,,,01_08_17_00,,,,,,,01_04_07_00,,,,,,,,,,,,01_01_00_00,01_24_00_00,01_25_01_00,
11000946,??????????,00_00_44_00,00_23_06_00,,00_02_41_00,00_03_01_01,,,,,,,,00_20_17_00,00_20_17_00,
11000947,??????????,02_00_42_00,02_23_05_00,,02_02_03_00,02_03_08_60,02_05_16_00,,,,,,,,,,,,02_18_03_00,,,,02_05_19_60,
11000950,???????˙Ò??,03_00_42_00,,03_09_07_02,03_02_41_00,03_03_10_01,03_05_23_00,,,,,,,,,,,,03_18_03_00,,,,,,,,,,,,,,,,03_01_00_03,03_24_00_03,03_25_03_03,
11000951,???????˙Ò??,01_00_45_00,,01_09_20_00,01_02_42_00,01_03_05_10,,01_06_12_00,,,,,,,,01_08_24_00,,,,,,,01_04_08_10,,,,,,,,,,,,01_01_00_00,01_24_00_00,01_25_05_00,
11000952,??????˙Ò??,03_00_43_00,,03_09_06_52,03_02_50_00,03_03_02_60,03_05_16_00,,,,,,,,,,,,03_18_03_00,,,,,,,,,,,,,,,,03_01_00_00,03_24_00_00,03_25_00_00,
11000953,???????????,04_00_40_00,,04_09_04_51,04_02_60_00,04_03_10_70,04_05_25_00,,,,,,,,,,,,04_18_04_00,,,04_21_00_00,,,,,,,,,,,,,,,04_25_00_00,
11000955,???????˙Ò??,01_00_41_00,,01_09_07_00,01_02_40_00,01_03_06_50,01_06_20_00,01_04_00_00,,,,,,,,,,,,,,,,,,,,,,,,,,,01_01_00_00,01_24_00_00,01_25_03_00,
11000956,????????˙Ò??,01_00_46_00,,01_09_19_00,01_02_40_00,01_03_05_50,,,,,,,,,,,01_19_03_00,,01_18_02_00,,,,01_04_07_00,,,,,,01_19_13_00,,,,,,01_01_00_00,01_24_00_00,01_25_00_00,
11000958,??????????,00_00_43_00,00_26_09_50,00_09_19_00,00_02_40_00,00_03_08_51,,,,,,00_06_11_00,,,,,,,,,,,,,,,,,,,,,,,,00_24_00_00,00_25_03_00,
11000976,˛–ßç?????,00_00_51_00,00_26_15_00,00_09_07_00,00_02_41_00,00_03_10_09,00_05_02_50,,,,,,,,,,,,,,,,,,,,,,,,,,,,,,00_25_03_00,
11000936,????,01_00_90_00,01_01_00_00,01_09_24_00,01_02_90_00,01_03_90_00,,00_04_19_00,,,,,,,,,,,,,,,,,,,,,,,,,,,01_01_00_00,01_24_00_00,01_25_01_00,
11000977,?????????,4053_00_00_00,
11001017,???§ï?,01_00_81_02,,01_09_64_00,01_02_41_00,01_03_23_51,01_04_17_51,01_06_07_04,,,,,,,,,01_16_13_00,,,,,,,,,,,,,,,,,,01_01_00_00,01_24_00_00,01_25_03_03,
11000987,???§ï?,01_00_81_02,,01_09_07_03,01_02_40_00,01_03_16_50,,01_06_07_04,,,,,,,,,01_16_13_00,,,,,,,,,,,,,,,,,,01_01_00_07,01_24_00_07,01_25_03_07,
11000988,???§ï?,01_00_81_02,,01_09_64_00,01_02_41_00,01_03_22_52,,01_06_07_04,,,,01_07_07_50,,,,,01_16_13_00,,,,,,,,,,,,,,,,,,01_01_00_00,01_24_00_00,01_25_03_03,
11000989,???§ï?,01_00_81_02,,01_09_07_09,01_02_40_00,01_03_21_10,01_04_25_10,01_06_07_04,,,,,,,,,01_16_13_00,,,,,,,,,,,,,,,,,,01_01_00_09,01_24_00_09,01_25_03_09,
11000986,???§ï?,01_00_81_02,,01_09_64_00,01_02_41_00,01_03_15_09,01_04_34_09,01_06_07_04,,,,,,,,,01_16_13_00,,,,,,,,,,,,,,,,,,01_01_00_00,01_24_00_00,01_25_03_03,
11001020,???§ï?,01_00_81_02,,01_09_07_03,01_02_40_00,01_03_09_08,,01_06_07_04,,,,,,,,,,,,,,,,,,,,,,,,,,,01_01_00_07,01_24_00_07,01_25_03_07,
11000990,??¸“?˛T?˚‘,01_00_03_06,01_26_02_50,01_09_02_03,01_02_42_00,01_03_05_50,01_04_10_50,,,,,,,,,01_08_35_00,,,,,,,,,,,,,,,,,,,,01_24_00_01,01_25_02_01,
11000991,??¸“?˛T?˚‘,00_00_27_50,00_26_05_52,00_09_03_52,00_02_41_00,00_03_00_52,,,,,,,,,,,,,,,,,,,,,,,,,,,,,,,00_25_00_00,
11000998,?????????,01_00_71_00,01_26_05_53,01_09_07_09,01_02_03_00,01_03_09_01,,,,,,,,,,01_08_21_50,,,,,,,,,,,,,,,,,,,null,null,01_25_03_00,
11000999,˚¸˛∞??,01_00_29_52,01_26_07_52,,01_02_03_03,01_03_05_12,01_04_08_12,01_06_00_00,,,,,,,,,,,,,,,,,,,,,,,,,,,,,01_25_00_00,
11001000,˚¸˛∞??,00_00_29_52,00_26_07_52,,00_02_03_03,00_03_05_03,,,,,,,,,,,,,,,,,,,,,,,,,,,,,,,00_25_00_00,
11001001,˚¸˛∞??,04_00_29_52,04_26_07_52,,04_02_03_02,04_03_11_10,,,,,,,,,,04_08_22_00,,,04_18_04_00,,,04_21_00_00,,,,,,,,,,,,,,,00_25_00_00,
11001002,˚¸˛∞??,05_00_29_52,05_26_07_52,,05_02_03_04,05_03_09_08,05_06_02_08,,,,,,,,,05_08_22_00,,,05_18_04_00,,,05_21_00_00,,,,,,,,,,,,,,,00_25_00_00,
11001007,?????????˚ı¶‹,01_00_71_50,01_26_05_54,01_09_07_01,01_02_03_01,01_03_09_01,,,,,,,,,,01_08_21_50,,,,,,,,,,,,,,,,,,,null,null,01_25_03_00,
11001008,??????,01_00_49_50,01_26_08_57,01_09_26_00,01_02_03_01,01_03_05_12,01_04_08_12,01_06_00_00,,,,,,,,,,,,,,,,,,,,,,,,,,,,01_24_00_03,01_25_03_03,
11001009,??????,00_00_45_00,00_26_08_00,00_09_07_09,00_02_03_01,00_03_05_03,,,,,,,,,,,,,,,,,,,,,,,,,,,,,,,00_25_03_00,
11001010,??????,05_00_21_03,,,05_02_03_01,05_03_09_08,05_06_02_08,,,,,,,,,05_08_22_00,,,05_18_04_00,,,05_21_00_00,
11001011,??????,04_00_45_50,04_26_08_50,04_09_07_04,04_02_03_01,04_03_11_10,,,,,,,,,,04_08_22_00,,,04_18_04_00,,,04_21_00_00,,,,,,,,,,,,,,,04_25_03_00,
11001021,?????,2006_00_00_05,,,,,,,,,,,,,,,,,2006_18_00_00,
11001022,?????,2030_00_00_02,
11001023,?˛∞????£i,4019_00_00_02,,,4019_02_00_02,
11001024,?˛∞?????,4018_00_00_02,
11001025,˝Á˛∞????£i,4019_00_00_07,,,4019_02_00_07,
11001026,˝Á˛∞?????,4018_00_00_07,
11001027,˚Í§ù?????,2030_00_00_07,
11001028,??????????¢Ñ§˙A,4036_00_00_11,,,4036_02_00_11,
11001029,??????????¢Ñ§˙B,4036_00_00_11,,,4036_02_00_09,
11001030,˝Á˛∞????£i,4019_00_00_11,,,4019_02_00_11,
11001031,˝Á˛∞?????,4018_00_00_11,
11001032,??????,2030_00_00_09,
11001033,???????A?,4017_00_00_00,
11001034,???????B,4017_00_00_06,
11001052,?˛∞?????,4018_00_00_00,
11001068,??????,00_00_43_51,00_26_07_53,00_09_03_52,00_02_40_00,00_03_08_01,00_07_18_00,00_06_44_00,,,,,,,,,,,,,,,,,,,,,,,,,,,00_01_00_00,00_24_00_00,00_25_00_00,
11001070,??????,00_00_43_50,00_26_07_53,00_09_03_52,00_02_40_00,00_03_02_10,00_07_18_50,00_06_44_50,,,,,,,,,,,,,,,,,,,,,,,,,,,00_01_00_00,00_24_00_00,00_25_00_00,
#???????????,
11001165,?????????,05_00_70_00,,,05_02_62_00,05_03_91_00,,01_06_48_00,,,,,,,,,,,05_18_04_00,,,05_21_00_00,,,,,,,,,,,,,05_01_15_00,null,null,
#????˝È¶ó§ï?,
11001171,˝È¶ó§ï?£ï?,01_00_69_50,,01_09_36_50,01_02_42_00,01_03_20_01,01_07_10_50,01_04_37_01,01_06_04_50,,,,,,,,01_19_06_50,,01_18_02_52,,,,,,,,,,,,,,,,01_01_00_51,01_24_00_51,01_25_02_51,
11001172,˝È¶ó§ï???,01_00_69_00,,01_09_26_13,01_02_03_01,01_03_02_70,01_06_01_50,01_07_11_00,,,,,,,,,01_19_05_51,,01_18_01_50,,,,,,,,,,,,,,,,01_01_00_03,01_24_00_03,01_25_06_03,
11001173,˝È¶ó§ï???,01_00_69_00,,01_09_03_00,01_02_41_00,01_03_16_09,,,,,,,,,,01_18_12_02,,,01_18_02_00,,,,,,,,,,01_19_12_00,,,,,,01_01_00_00,01_24_00_00,01_25_02_00,
#??????¸Æ•x????,
11001186,????????¸“£Å˛∞,01_00_41_50,,01_09_26_00,01_02_00_00,01_03_00_10,,,,,,01_04_38_10,,,,,,,,,,,,,,,,,,,,,,,01_01_00_03,01_24_00_03,01_25_06_03,
#,????????,02_00_84_00,02_23_10_00,,02_02_62_00,02_03_01_11,02_05_16_00,,,,,02_07_10_51,,,,,,,02_18_03_01,
#,????,01_00_86_00,01_23_10_00,,01_02_40_00,01_03_10_51,01_05_51_00,
#,??????,01_00_88_00,,01_09_57_00,01_02_41_00,01_03_10_08,01_05_52_00,,,,,,,,,,,,,,,,,,,,,,,01_18_16_00,
11000181,??????????,01_00_94_00,,01_09_59_00,01_02_02_00,01_03_23_70,01_04_40_70,01_05_53_00,,,,,,,,,,,,,,,,,,,,,,,,,,,01_01_00_00,01_24_00_00,01_25_02_00,
#???????????,
11001189,????˚÷???,5116_15_00_00,
11001190,???????,4043_00_00_00,
#??????¸Â˛∞,
11001196,??????¸Â˛∞,4044_00_00_00,
#,
11001198,?ß˜,1054_00_00_03,
11001199,??,1013_00_00_09,
11001200,???£ó,1014_00_00_10,
11001201,?????©ü,1055_00_00_16,
11001202,????,1057_00_00_20,
11001203,??????,1057_00_00_10,
11001204,????????,1058_00_00_14,
#,
11001218,???????,2030_00_00_01,
11001219,????????????,2030_00_00_01,,,,,,,,,,,,,,,,,00_18_19_00,
11001220,?????˛Ü??,00_00_90_00,00_26_09_00,00_09_18_00,00_02_90_00,00_03_90_00,,,,,,,,,,00_08_90_00,,,00_18_10_00,,,,,,,,,,,,,,,,,00_24_02_00,00_25_00_00,
11001257,????????,01_00_34_50,,01_09_08_52,01_02_40_00,01_03_10_72,01_05_23_50,,,,,,,,,01_08_19_09,,01_11_29_00,,,,,,,,,,,,01_18_07_54,,,,,01_01_00_07,01_24_00_07,01_25_03_07,
#,
11001249,????????¢Ü?,5116_20_00_00,
11001251,????????¸Ì?,5116_21_00_00,
11001236,?????????????,5116_22_00_00,
11001258,????????,01_00_100_00,,01_09_65_00,01_02_41_00,01_03_22_09,01_07_07_50,01_05_62_00,,,,,,,,,,,,,,,,,,,,,,,,,,,01_01_00_07,01_24_00_07,01_25_01_07,
11001259,?????˝˙¸Ì??ßk˛∞,00_00_02_00,00_26_34_00,,00_02_42_00,00_03_08_10,00_06_17_00,,,,,,,,,,,,00_18_05_00,,,,,,,,,,,,,,,,,00_24_00_00,00_25_00_00,
11001269,?????˚Ì˛∞¸Ó¶g,00_00_02_00,00_26_34_00,,00_02_42_00,00_03_14_06,00_06_17_00,,,,,,,,,,,,00_18_05_00,,,,,,,,,,,,,,,,,00_24_00_00,00_25_00_00,
11001274,?????¸Ó?1,01_00_108_00,,01_09_38_07,01_02_42_00,01_03_08_50,01_06_05_00,,,,,,,,,,,,,,,,,,,,,,,,,,,,01_01_00_00,01_24_00_00,01_25_01_00,
11001275,?????¸Ó?2,03_00_108_00,,,03_02_51_00,03_03_20_60,03_05_16_00,03_04_37_60,03_06_05_00,,,,,,,,,,03_18_03_00,,,,,,,,,,,,,,,,03_01_00_00,03_24_00_00,03_25_00_00,
11001276,£ê??£i,00_00_47_00,,00_23_02_00,00_02_42_00,00_03_05_50,00_06_11_00,
11001277,????£i,00_00_86_00,00_26_31_00,00_09_57_00,00_02_42_00,00_03_50_08,00_05_56_00,,,,,00_07_23_00,,,,,,,,,,,,,,,,,,00_18_18_12,
11001282,˝˙?¸Ω˛∞£i,00_00_48_50,00_26_07_50,00_09_17_50,00_02_40_00,00_03_06_72,,,,,,00_07_00_00,,,,,,,,,,,,,,,,,,,,,,,,,00_25_04_00,
11001283,˝˙?¸Ω˛∞?,01_00_45_50,,01_09_20_50,01_02_40_00,01_03_17_01,,,,,,01_07_04_00,,,,,,,,,,,,,,,,,,,,,,,01_01_00_00,01_24_00_00,01_25_05_00,
11001284,˝˙?¸Ω˛∞?,05_00_45_50,,05_09_20_50,05_02_40_00,05_03_02_71,,,,,,05_07_04_00,,,,,,,05_18_04_00,,,05_21_00_00,,,,,,,,,,,,,05_01_00_00,05_24_00_00,05_25_05_00,
11001291,???????????,04_00_40_00,,04_09_04_51,04_02_03_00,04_03_10_70,04_05_25_00,,,,,,,,,,,,04_18_04_00,,,04_21_00_00,,,,,,,,,,,,,,,04_25_00_00,
11001295,?????,05_00_85_00,,,05_02_62_00,05_03_05_06,05_04_14_06,05_06_19_00,,,,,,,,,,,05_18_04_00,,,05_21_00_00,
11001443,???????,00_00_88_00,,,00_02_42_00,00_03_10_09,00_05_55_00,,,,,,,,,,,,,,,,,,,,,,,00_18_17_00,
11001448,?¢„??,03_00_96_00,,03_09_61_00,03_02_51_00,03_03_15_62,03_05_16_00,03_06_57_00,,,,,,,,,,,02_18_03_00,,,,03_04_34_62,,,,,,,,,,,,03_01_00_00,03_24_00_00,03_25_03_00,
11001449,??????,02_00_96_00,02_26_36_00,02_09_61_00,02_02_50_00,02_03_03_60,,02_05_58_00,,,,,,,,,,,,,,,,,,,,,02_15_23_00,,,,,,,02_24_00_00,02_25_03_00,
11000869,§ì?ßD˛ë????,00_00_67_50,00_26_24_50,00_09_29_50,00_02_40_00,00_03_10_18,00_05_43_50,00_07_18_50,,,,,,,,,,,,,,,,,,,,,,,,,,,,00_24_00_06,00_25_02_06,
11001296,????????¢Ñ?,00_00_66_00,00_26_23_00,00_09_28_00,00_02_41_00,00_03_08_70,00_06_44_00,,,,,,,,,,,,,,,,,,,,,,,,,,,,,,00_25_02_00,
11001297,?????????¢Ñ?,01_00_62_00,01_26_13_00,01_09_32_00,01_02_40_00,01_03_10_06,01_05_07_50,01_07_07_50,,,,,,,,,,,,,,,,,,,,,,,,,,,,01_24_00_00,01_25_01_00,
11001298,?????????¢Ñ?,00_00_56_00,00_26_17_00,00_09_23_00,00_02_42_00,00_03_10_51,00_05_40_00,,,,,,,,,,,,,,,,,,,,,,,,,,,,,00_24_00_00,00_25_01_00,
11001299,??????????¢Ñ?,01_00_69_00,,01_09_36_00,01_02_42_00,01_03_09_09,01_06_46_13,,,,,,,,,,,,,,,,,,,,,,,,,,,,01_01_00_00,01_24_00_00,01_25_03_00,
#,
12000000,???(?),5500_00_00_00,
12000023,????§ê?,5500_00_00_01,
12000079,????????????,5500_00_00_02,
12001000,˚´•hßc???˛ˆ?,5502_00_00_00,
12001012,˚´•hßc???˛‰?,5503_00_00_00,
12001040,?˚®ßY,5504_00_00_00,
12001041,?˚®ßY?,5504_00_00_01,
12002000,?ßY,5501_00_00_00,
12001088,??,5505_00_00_00,
12003000,??£è,9000_00_00_02,
12001097,??,1062_00_00_00,
12001098,???•W?,1062_00_00_01,
12001104,???,1067_00_00_12,
12001105,???,1067_00_00_15,
12001110,?¢g?,3500_00_00_00,
12001111,¸˘??,3501_00_00_00,
12001112,?????,3502_00_00_00,
12001113,ßä?§h????,3507_00_00_00,
12001114,???,3508_00_00_00,
12001121,?????,3509_00_00_00,


#????????????????????,
13000000,?©ú?????????¸Ó¶g,00_00_18_50,00_26_03_50,00_09_10_00,00_02_03_04,00_03_01_11,,,,,,00_07_11_00,,,,,,,,,,,,,,,,,,,,,,,,00_24_02_00,00_25_03_00,
13000001,?????????,00_00_35_00,,00_09_05_00,00_02_39_00,
13000002,?????????,01_00_35_50,,01_09_05_00,01_02_39_00,
13000003,?????????,02_00_35_51,,02_09_05_00,02_02_39_00,,02_05_16_00,,,,,,,,,,,,02_18_03_00,
13000004,?????????,04_00_35_00,,04_09_05_00,04_02_39_00,,,,,,,,,,,,,,04_18_04_00,,,04_21_00_00,
13000005,?????????,03_00_35_52,,03_09_05_00,03_02_39_00,,03_05_16_00,,,,,,,,,,,,03_18_03_00,
13000006,?????????,05_00_35_50,,05_09_05_00,05_02_39_00,,,,,,,,,,,,,,05_18_04_00,,,05_21_00_00,
13000007,??????˙Û?,04_00_22_00,04_01_21_00,04_09_07_00,04_02_39_00,,,,,,,,,,,,,,04_18_04_00,,,04_21_00_00,
13000008,??,03_00_35_52,,03_09_05_00,03_02_39_00,
13000010,©]˙¯??¸Ó¶g,04_00_03_09,04_26_03_00,04_09_05_00,04_02_60_00,04_03_10_05,04_05_05_50,,,,,,,,,,,,04_18_04_00,,,04_21_00_00,,,,,,,,,,,,,,04_24_02_00,00_25_02_00,
13000011,ßv???¸Ó?,03_00_17_50,,,03_02_01_00,03_03_04_60,03_05_16_00,03_06_07_00,,,,,,,,03_08_18_00,,,03_18_03_00,,,,,,,,,,,,,,,,01_01_00_00,04_24_00_00,00_25_00_00,
#????????????????????,
13000014,??????,00_00_36_52,00_26_07_54,00_09_01_50,00_02_00_00,00_03_10_50,00_05_31_00,,,,,,,,,,,,,,,,,,,,,,,,,,,,,,00_25_01_00,
13000016,??????,01_00_34_53,01_00_34_53,01_09_01_50,01_02_00_00,01_03_10_50,01_05_31_00,,,,,,,,,,,,,,,,,,,,,,,,,,,,01_01_00_00,01_24_00_00,01_25_01_00,
13000017,???????,2020_00_00_00,
13000019,???????§e?,02_00_36_52,02_26_07_54,02_09_01_50,02_02_01_00,02_03_10_60,02_05_31_00,,,,,,,,,,,,02_18_03_00,,,,,,,,,,,,,,,,,,02_25_01_00,
13000020,???????§e?,03_00_34_53,03_00_34_53,03_09_01_50,03_02_01_00,03_03_10_60,03_05_31_00,,,,,,,,,,,,03_18_03_00,,,,,,,,,,,,,,,,03_01_00_00,03_24_00_00,03_25_01_00,
13000021,???????§e?,04_00_36_52,04_26_07_54,04_09_01_50,04_02_02_00,04_03_10_70,04_05_31_00,,,,,,,,,,,,04_18_04_00,,,04_21_00_00,,,,,,,,,,,,,,,04_25_01_00,
13000022,???????§e?,05_00_34_53,05_00_34_53,05_09_01_50,05_02_02_00,05_03_10_70,05_05_31_00,,,,,,,,,,,,05_18_04_00,,,05_21_00_00,,,,,,,,,,,,,05_01_00_00,05_24_00_00,05_25_01_00,
13000023,??????ßW?,04_00_36_52,04_26_07_54,04_09_01_50,04_02_02_20,04_03_10_12,04_05_31_00,,,,,,,,,,,,04_18_04_00,,,04_21_00_00,,,,,,,,,,,,,,,04_25_01_00,
13000024,??????ßW?,03_00_34_53,03_00_34_53,03_09_01_50,03_02_03_01,03_03_10_10,03_05_31_00,,,,,,,,,,,,03_18_03_00,,,,,,,,,,,,,,,,03_01_00_00,03_24_00_00,03_25_01_00,
13000025,??????ßW?,02_00_36_52,02_26_07_54,02_09_01_50,02_02_00_02,02_03_10_07,02_05_31_00,,,,,,,,,,,,02_18_03_00,,,,,,,,,,,,,,,,,,02_25_01_00,
#˛’????????????????,
13000031,?¸Æ????????,01_00_57_00,01_26_10_50,01_09_28_00,01_02_40_00,01_03_09_52,,01_06_13_51,,,,,,,,,,,,,,,,,,,,,,,,,,,,,01_25_02_00,
13000032,?¸Æ????????,00_00_65_00,00_26_22_00,00_09_27_00,00_02_40_00,00_03_01_72,,00_06_41_00,,,,,,,,,,,,,,,,,,,,,,,,,,,,,00_25_04_00,
13000033,?¸Æ????????,03_00_57_00,03_26_10_50,03_09_28_00,03_02_51_00,03_03_21_10,03_05_16_00,03_06_13_50,03_04_19_10,,,,,,,,,,03_18_03_00,,,,,,,,,,,,,,,,,,03_25_02_00,
13000034,?¸Æ????????,02_00_65_00,02_26_22_00,02_09_27_00,02_02_50_00,02_03_02_12,02_05_16_00,,,,,,,,,,,,02_18_03_00,,,,,,,,,,,,,,,,,,02_25_04_00,
13000035,?¸Æ????????,05_00_57_50,05_26_10_51,05_09_28_50,05_02_60_00,05_03_23_09,05_04_17_09,,,,,,,,,,,,05_18_04_00,,,05_21_00_00,,,,,,,,,,,,,,,05_25_02_00,
13000036,?¸Æ????????,04_00_65_50,04_26_22_50,04_09_27_50,04_02_62_00,04_03_08_62,,04_06_41_50,,,,,,,,,,,04_18_04_00,,,04_21_00_00,,,,,,,,,,,,,,,04_25_04_00,
#°Bß∆?,
13000046,˛ˆ??,1034_00_00_01,
13000048,˛‰??,1034_00_00_03,
13000054,?˛ç,03_00_05_53,03_26_02_54,03_09_63_00,03_02_52_00,03_03_02_05,03_05_16_00,,,,,03_06_32_00,,,,,,,03_18_03_00,,,,,,,01_04_00_10,,,,,,,,,,03_24_01_00,
#???????????,
13000059,?????????˙Û,01_00_17_00,,01_09_05_00,01_02_42_00,01_03_01_50,,,,,,01_06_02_01,,,,01_08_11_00,,,,,,,,,,,,,,,,,,,01_01_00_01,01_24_00_01,01_25_00_01,
13000060,??????????˙Û,03_00_17_50,,03_09_05_00,03_02_50_00,03_03_06_60,03_05_16_00,03_04_06_60,,,,03_06_02_50,,,,03_08_11_00,,,03_18_03_00,,,,,,,,,,,,,,,,03_01_00_03,03_24_00_03,03_25_00_03,
13000061,??????????˙Û,05_00_17_51,,05_09_05_00,05_02_62_00,05_03_09_70,,,,,,05_06_02_09,,,,05_08_11_00,,,05_18_04_00,,,05_21_00_00,,,,,,,,,,,,,05_01_00_09,05_24_00_09,05_25_00_09,
13000062,????,01_00_43_00,,01_09_06_52,01_02_40_00,01_03_02_12,,,,,,01_06_07_50,,,,01_08_19_02,,,,,,,,,,,,,,,,,,,01_01_00_02,01_24_00_03,01_25_03_03,
13000064,?¸Ì°ê,04_00_05_52,04_26_02_54,04_09_63_00,04_02_60_00,04_03_05_07,04_07_16_00,,,,,04_06_31_00,,,,04_08_22_00,,,04_18_04_00,,,04_21_00_00,,,,,,,,,,,,,,04_24_01_00,
13000065,??????,03_00_04_50,03_26_01_00,03_09_08_00,03_02_51_00,03_03_05_60,03_05_16_00,03_04_17_60,,,,03_06_01_01,,,,03_08_11_00,,,03_18_03_00,,,,,,,,,,03_17_03_00,03_18_06_00,,,,,03_01_00_03,03_24_00_03,03_25_03_03,
#???????????,
13000067,???,01_00_34_51,,01_09_13_00,01_02_40_00,01_03_09_06,01_06_01_01,,,,,,,,,01_08_19_01,,,,,,,,,,,,,,,,,,,01_01_00_07,01_24_00_07,01_25_01_07,
13000068,??????,00_00_11_50,00_26_08_50,00_09_07_09,00_02_40_00,00_03_08_01,,,,,,,,00_20_06_50,00_20_06_50,,,,,,,,,,,,,,,,,,,,,,00_25_03_00,
13000069,???(????,4020_00_00_51,,,4020_02_00_51,4020_03_00_51,,,,,,,,,,,,,,,,,,,,,,,,,,7703,
13000074,?????????˙Û,01_00_17_00,,01_09_05_00,01_02_42_00,01_03_01_50,,,,,,01_06_03_11,,,,01_08_11_00,,,,,,,,,,,,,,,,,,,01_01_00_01,01_24_00_01,01_25_00_01,
13000075,??????????˙Û,03_00_17_50,,03_09_05_00,03_02_50_00,03_03_06_60,03_05_16_00,03_04_06_60,,,,03_06_03_10,,,,03_08_11_00,,,03_18_03_00,,,,,,,,,,,,,,,,03_01_00_03,03_24_00_03,03_25_00_03,
13000076,??????????˙Û,05_00_17_51,,05_09_05_00,05_02_62_00,05_03_09_70,,,,,,05_06_03_09,,,,05_08_11_00,,,05_18_04_00,,,05_21_00_00,,,,,,,,,,,,,05_01_00_09,05_24_00_09,05_25_00_09,
#??°î??,
13000102,¸“£Å°î??,01_00_69_50,,01_09_36_50,01_02_40_00,01_03_09_10,,,,,,01_06_46_13,,,,,01_19_05_00,,01_18_02_00,,,,,,,,,,01_19_15_00,,,,,,01_01_00_07,01_24_00_07,01_25_03_07,
#???,
13000124,??????˙Û???,01_00_48_53,,,01_02_42_00,01_03_01_50,,,,,,01_06_02_01,,,,,,,,,,,,,,,,,,,,,,,01_01_19_00,01_24_00_00,01_25_00_00,
13000155,?????˛Ü?????????,00_00_90_00,00_26_09_00,00_09_18_00,00_02_90_00,00_03_90_00,,,,,,,,,,00_08_90_00,,,,,,,,,,,,,,,,,,,,00_24_02_00,00_25_00_00,
13000156,???,03_00_92_00,03_26_92_00,03_09_92_00,03_02_92_00,03_03_92_00,,,,,,,00_22_93_00,,,,,,03_18_03_00,00_22_92_00,,,,,,,,,,,,4155,,,,,03_25_00_00,
#?????????????,
13000159,???,4048_00_00_00,
13000160,DEM-00,4049_00_00_00,
13000161,?????????,4052_00_00_00,
13000162,˙Î??,4055_00_00_00,,,4055_02_00_00,4055_03_00_00,4055_05_00_00,,,,,,,,,,,,,,,4055_10_00_00,
13000163,??????,4054_00_00_00,,,4054_02_00_00,4054_03_00_00,4054_05_00_00,,,,,,,,,,,,,,,4054_10_00_00,
18000004,???£b£b?????,05_00_56_00,05_09_27_00,,05_02_71_00,,,,,,,,,,,,,,05_18_04_00,,,05_21_00_00,,,,,,,,,,,,,05_01_07_00,05_24_04_00,05_25_01_00,
18000005,???£b£b???????,00_00_30_00,00_26_09_51,00_09_21_02,00_02_71_00,,,,,,,,,,,,,,,,,,,,,,,,,,,,,,,00_24_00_00,00_25_03_00,
18000006,???£b£b?????,02_00_68_00,02_26_25_00,02_09_02_00,02_02_71_00,,,,,,,,,,,,,,02_18_03_00,,,,,,,,,,,,,,,,,02_24_00_00,02_25_01_00,

